"Time","CpuPercent","PrivateMB","WorkingSetMB","Handles","Threads"
"2026-10-01T01:36:52.3951325-04:00","0.019","70.7","138.7","534","16"
"2026-10-01T01:36:57.4220750-04:00","0.01","70.8","138.8","534","16"
"2026-10-01T01:37:02.4324881-04:00","0.019","70.9","138.9","534","16"
"2026-10-01T01:37:07.4438814-04:00","0.01","71","139","534","16"
"2026-10-01T01:37:12.4535695-04:00","0","71.2","139.1","534","16"
"2026-10-01T01:37:17.4661819-04:00","0.019","71.2","139.2","534","16"
"2026-10-01T01:37:22.4734652-04:00","0.01","71.6","139.7","537","20"
"2026-10-01T01:37:27.4814379-04:00","0.02","71.6","139.8","537","20"
"2026-10-01T01:37:32.4913086-04:00","0.019","71.8","139.9","537","20"
"2026-10-01T01:37:37.5031068-04:00","0","71.9","140","537","20"
"2026-10-01T01:37:42.5129072-04:00","0.019","71.9","140.1","533","19"
"2026-10-01T01:37:47.5210603-04:00","0.01","72.1","140.1","533","19"
"2026-10-01T01:37:52.5368075-04:00","0.019","72.2","140.3","533","19"
"2026-10-01T01:37:57.5473983-04:00","0","72.2","140.4","533","19"
"2026-10-01T01:38:02.5658398-04:00","0.097","73.1","141.2","536","20"
"2026-10-01T01:38:07.5873940-04:00","0","73.1","141.2","533","19"
"2026-10-01T01:38:12.6034916-04:00","0.01","73.2","141.4","533","19"
"2026-10-01T01:38:17.6231934-04:00","0","73.3","141.4","533","19"
"2026-10-01T01:38:22.6363503-04:00","0.029","73.4","141.8","541","19"
"2026-10-01T01:38:27.6508635-04:00","0.01","72.7","141.2","541","19"
"2026-10-01T01:38:32.6636431-04:00","0.019","72.9","141.3","541","19"
"2026-10-01T01:38:37.6730086-04:00","0.01","72.9","141.4","541","19"
"2026-10-01T01:38:42.6841735-04:00","0.019","73.1","141.6","541","19"
"2026-10-01T01:38:47.7003039-04:00","0.01","73.2","141.7","541","19"
"2026-10-01T01:38:52.7218942-04:00","0.029","73.3","141.8","541","19"
"2026-10-01T01:38:57.7361541-04:00","0","73.4","141.9","541","19"
"2026-10-01T01:39:02.7549387-04:00","0.019","73.5","142","541","18"
"2026-10-01T01:39:07.7615661-04:00","0.01","73.6","142.1","541","18"
"2026-10-01T01:39:12.7778268-04:00","0.01","73.8","142.2","541","18"
"2026-10-01T01:39:17.7842328-04:00","0.01","73.9","142.4","544","19"
"2026-10-01T01:39:22.8067870-04:00","0.01","74.1","142.5","544","19"
"2026-10-01T01:39:27.8200861-04:00","0.01","74.2","142.6","544","19"
"2026-10-01T01:39:32.8429153-04:00","0.019","74.3","142.7","544","19"
"2026-10-01T01:39:37.8560422-04:00","0","74.4","142.8","547","19"
"2026-10-01T01:39:42.8697204-04:00","0.01","74.5","143","544","18"
"2026-10-01T01:39:47.8831736-04:00","0.019","74.6","143","544","18"
"2026-10-01T01:39:52.9009137-04:00","0.01","74.8","143.2","544","18"
"2026-10-01T01:39:57.9130370-04:00","0.019","74.8","143.3","544","18"
"2026-10-01T01:40:02.9213770-04:00","0.019","75","143.4","544","18"
"2026-10-01T01:40:07.9363853-04:00","0.01","75","143.5","536","16"
"2026-10-01T01:40:12.9471380-04:00","0.01","75.1","143.6","536","16"
"2026-10-01T01:40:17.9594089-04:00","0.019","75.2","143.7","536","16"
"2026-10-01T01:40:22.9728572-04:00","0.01","75.4","143.9","536","16"
"2026-10-01T01:40:27.9919900-04:00","0.01","75.4","143.9","536","16"
"2026-10-01T01:40:32.9974854-04:00","0.029","75.6","144.1","536","16"
"2026-10-01T01:40:38.0126036-04:00","0.01","75.7","144.2","536","16"
"2026-10-01T01:40:43.0257963-04:00","0.01","75.8","144.3","536","16"
"2026-10-01T01:40:48.0377122-04:00","0.01","75.9","144.4","536","16"
"2026-10-01T01:40:53.0469363-04:00","0.01","76.1","144.6","536","16"
"2026-10-01T01:40:58.0614679-04:00","0.01","76.2","144.6","536","16"
"2026-10-01T01:41:03.0675323-04:00","0.01","76.3","144.8","536","16"
"2026-10-01T01:41:08.0786749-04:00","0.019","76.4","144.9","536","16"
"2026-10-01T01:41:13.0917762-04:00","0.01","76.6","145","536","16"
"2026-10-01T01:41:18.1020474-04:00","0.01","76.7","145.2","536","16"
"2026-10-01T01:41:23.1114188-04:00","0.019","76.7","145.3","536","16"
"2026-10-01T01:41:28.1247726-04:00","0.01","76.9","145.4","536","16"
"2026-10-01T01:41:33.1374478-04:00","0.01","77","145.5","536","16"
"2026-10-01T01:41:38.1513557-04:00","0.01","77.1","145.6","536","16"
"2026-10-01T01:41:43.1690862-04:00","0.01","77.2","145.7","536","16"
"2026-10-01T01:41:48.1851390-04:00","0.019","77.4","145.9","536","16"
"2026-10-01T01:41:53.2045876-04:00","0","77.5","146","536","16"
"2026-10-01T01:41:58.2186954-04:00","0.01","77.7","146.1","539","17"
"2026-10-01T01:42:03.2328939-04:00","0.01","77.7","146.2","539","17"
"2026-10-01T01:42:08.2518364-04:00","0.01","77.9","146.4","539","17"
"2026-10-01T01:42:13.2640226-04:00","0.019","78","146.5","539","17"
"2026-10-01T01:42:18.2768326-04:00","0.019","79.5","147.8","540","19"
"2026-10-01T01:42:23.2921872-04:00","0.01","78.8","147.3","540","19"
"2026-10-01T01:42:28.3068671-04:00","0.01","78.9","147.4","540","19"
"2026-10-01T01:42:33.3239153-04:00","0.01","79.1","147.5","540","19"
"2026-10-01T01:42:38.3424232-04:00","0.01","79.2","147.6","540","19"
"2026-10-01T01:42:43.3564376-04:00","0.019","79.2","147.7","540","18"
"2026-10-01T01:42:48.3671456-04:00","0.019","79.4","147.8","540","18"
"2026-10-01T01:42:53.3810067-04:00","0","79.5","147.9","540","18"
"2026-10-01T01:42:58.3973733-04:00","0.019","79.6","148.1","540","18"
"2026-10-01T01:43:03.4118980-04:00","0","79.7","148.2","540","18"
"2026-10-01T01:43:08.4281423-04:00","0.019","79.8","148.3","540","18"
"2026-10-01T01:43:13.4458541-04:00","0.01","80","148.4","543","19"
"2026-10-01T01:43:18.4821851-04:00","0.01","80.2","148.6","546","20"
"2026-10-01T01:43:23.4935112-04:00","0.01","80.2","148.7","543","19"
"2026-10-01T01:43:28.5080615-04:00","0.01","80.3","148.8","543","17"
"2026-10-01T01:43:33.5250527-04:00","0.01","80.4","148.9","543","17"
"2026-10-01T01:43:38.5398918-04:00","0.01","80.5","149","543","17"
"2026-10-01T01:43:43.5558661-04:00","0.01","80.6","149.1","543","17"
"2026-10-01T01:43:48.5696509-04:00","0.01","80.7","149.2","543","16"
"2026-10-01T01:43:53.5822250-04:00","0","80.8","149.3","543","16"
"2026-10-01T01:43:58.6028034-04:00","0.019","81","149.5","546","17"
"2026-10-01T01:44:03.6201405-04:00","0.01","81.1","149.6","546","17"
"2026-10-01T01:44:08.6333971-04:00","0.01","81.2","149.7","546","17"
"2026-10-01T01:44:13.6530059-04:00","0.01","81.3","149.8","546","17"
"2026-10-01T01:44:18.6707695-04:00","0.01","81.8","150.2","549","18"
"2026-10-01T01:44:23.6837914-04:00","0.01","81.8","150.2","546","17"
"2026-10-01T01:44:28.6979781-04:00","0","81.2","149.7","546","17"
"2026-10-01T01:44:33.7149856-04:00","0.01","81.5","149.9","549","17"
"2026-10-01T01:44:38.7285722-04:00","0.01","81.5","150.1","546","16"
"2026-10-01T01:44:43.7430451-04:00","0.01","81.6","150.1","546","16"
"2026-10-01T01:44:48.7536566-04:00","0.01","81.8","150.3","546","16"
"2026-10-01T01:44:53.7718706-04:00","0.01","81.9","150.4","546","16"
"2026-10-01T01:44:58.7848990-04:00","0.019","82","150.5","549","17"
"2026-10-01T01:45:03.7962326-04:00","0","82.2","150.7","552","18"
"2026-10-01T01:45:08.8145804-04:00","0.029","82.3","150.8","549","17"
"2026-10-01T01:45:13.8268793-04:00","0.01","82.4","150.9","549","17"
"2026-10-01T01:45:18.8417352-04:00","0.019","82.5","151","552","17"
"2026-10-01T01:45:23.8620562-04:00","0.01","82.6","151.1","549","16"
"2026-10-01T01:45:28.8739262-04:00","0.01","82.7","151.2","549","16"
"2026-10-01T01:45:33.8859659-04:00","0.01","82.9","151.3","549","16"
"2026-10-01T01:45:38.8930600-04:00","0.029","83","151.5","549","16"
"2026-10-01T01:45:43.9015882-04:00","0","83.1","151.6","549","16"
"2026-10-01T01:45:48.9115184-04:00","0.019","83.2","151.7","549","16"
"2026-10-01T01:45:53.9206330-04:00","0.019","83.3","151.8","549","16"
"2026-10-01T01:45:58.9391808-04:00","0.019","83.5","152","549","16"
"2026-10-01T01:46:03.9495579-04:00","0","83.5","152.1","549","16"
"2026-10-01T01:46:08.9621848-04:00","0.029","83.7","152.2","549","16"
"2026-10-01T01:46:13.9788128-04:00","0.01","83.8","152.3","549","16"
"2026-10-01T01:46:18.9975499-04:00","0.019","84","152.5","552","17"
"2026-10-01T01:46:24.0091696-04:00","0.01","84.1","152.6","552","17"
"2026-10-01T01:46:29.0277573-04:00","0.019","84.2","152.7","552","17"
"2026-10-01T01:46:34.0489263-04:00","0.019","84.3","152.8","552","17"
"2026-10-01T01:46:39.0632469-04:00","0.01","84.5","153","552","17"
"2026-10-01T01:46:44.0714057-04:00","0","84.5","153","552","16"
"2026-10-01T01:46:49.0848629-04:00","0.019","84.7","153.2","555","17"
"2026-10-01T01:46:54.1033086-04:00","0.019","84.8","153.3","552","16"
"2026-10-01T01:46:59.1164771-04:00","0","84.9","153.4","552","16"
"2026-10-01T01:47:04.1255063-04:00","0.019","85","153.6","552","16"
"2026-10-01T01:47:09.1320436-04:00","0.01","85.2","153.7","552","16"
"2026-10-01T01:47:14.1584661-04:00","0.019","85.3","153.8","552","16"
"2026-10-01T01:47:19.1714376-04:00","0.019","85.4","153.9","552","16"
"2026-10-01T01:47:24.1774630-04:00","0.01","85.5","154.1","552","16"
"2026-10-01T01:47:29.1947865-04:00","0","85.6","154.1","552","16"
"2026-10-01T01:47:34.2105890-04:00","0.019","85.8","154.3","552","16"
"2026-10-01T01:47:39.2279340-04:00","0.01","85.9","154.4","552","16"
"2026-10-01T01:47:44.2403119-04:00","0.019","86.1","154.5","552","16"
"2026-10-01T01:47:49.2512786-04:00","0.01","86.1","154.6","552","16"
"2026-10-01T01:47:54.2658525-04:00","0","86.3","154.8","552","16"
"2026-10-01T01:47:59.2794757-04:00","0.019","86.4","154.9","552","16"
"2026-10-01T01:48:04.2954511-04:00","0.01","86.6","155","552","16"
"2026-10-01T01:48:09.3113190-04:00","0.019","86.6","155.1","552","16"
"2026-10-01T01:48:14.3235578-04:00","0.019","86.8","155.3","552","16"
"2026-10-01T01:48:19.3381361-04:00","0.01","86.9","155.4","555","17"
"2026-10-01T01:48:24.3520914-04:00","0.01","87.1","155.5","552","16"
"2026-10-01T01:48:29.3720128-04:00","0.01","87.1","155.6","552","16"
"2026-10-01T01:48:34.3893669-04:00","0.01","87.2","155.8","552","16"
"2026-10-01T01:48:39.3978388-04:00","0.01","87.4","155.9","552","16"
"2026-10-01T01:48:44.4120812-04:00","0.019","87.5","156","552","16"
"2026-10-01T01:48:49.4191709-04:00","0","87.6","156.1","552","16"
"2026-10-01T01:48:54.4292592-04:00","0.019","87.7","156.3","552","16"
"2026-10-01T01:48:59.4438891-04:00","0","87.9","156.4","552","16"
"2026-10-01T01:49:04.4512730-04:00","0.01","88","156.5","552","16"
"2026-10-01T01:49:09.4594159-04:00","0.019","88.1","156.6","552","16"
"2026-10-01T01:49:14.4670709-04:00","0.01","88.2","156.8","552","16"
"2026-10-01T01:49:19.4847216-04:00","0.019","88.4","156.9","552","16"
"2026-10-01T01:49:24.5008898-04:00","0.019","88.5","157","552","16"
"2026-10-01T01:49:29.5091577-04:00","0.019","88.6","157.1","552","16"
"2026-10-01T01:49:34.5189898-04:00","0.019","88.7","157.2","552","16"
"2026-10-01T01:49:39.5322633-04:00","0","88.8","157.3","552","16"
"2026-10-01T01:49:44.5389315-04:00","0.02","89","157.5","552","16"
"2026-10-01T01:49:49.5527180-04:00","0.01","89.1","157.6","552","16"
"2026-10-01T01:49:54.5641775-04:00","0.029","89.2","157.7","552","16"
"2026-10-01T01:49:59.5812618-04:00","0","89.3","157.8","552","16"
"2026-10-01T01:50:04.5967108-04:00","0.019","89.5","158","552","16"
"2026-10-01T01:50:09.6171396-04:00","0.019","89.6","158.1","558","18"
"2026-10-01T01:50:14.6321903-04:00","0.019","89.7","158.2","555","17"
"2026-10-01T01:50:19.6491869-04:00","0.01","89.8","158.3","555","17"
"2026-10-01T01:50:24.6589986-04:00","0.019","90","158.5","555","17"
"2026-10-01T01:50:29.6672795-04:00","0","90.1","158.6","555","16"
"2026-10-01T01:50:34.6790461-04:00","0.019","90.2","158.7","555","16"
"2026-10-01T01:50:39.6930582-04:00","0.01","90.3","158.8","555","16"
"2026-10-01T01:50:44.7082062-04:00","0.019","90.4","159","555","16"
"2026-10-01T01:50:49.7225719-04:00","0.01","90.6","159.1","555","16"
"2026-10-01T01:50:54.7293083-04:00","0.039","90.7","159.2","555","16"
"2026-10-01T01:50:59.7419449-04:00","0.019","90.8","159.3","555","16"
"2026-10-01T01:51:04.7531930-04:00","0.01","90.9","159.4","555","16"
"2026-10-01T01:51:09.7671387-04:00","0.01","91","159.5","555","16"
"2026-10-01T01:51:14.7836710-04:00","0.019","91.2","159.7","555","16"
"2026-10-01T01:51:19.8004410-04:00","0.01","91.2","159.8","555","16"
"2026-10-01T01:51:24.8188804-04:00","0.019","91.4","159.9","555","16"
"2026-10-01T01:51:29.8296211-04:00","0.019","91.5","160","555","16"
"2026-10-01T01:51:34.8456984-04:00","0.019","91.6","160.2","555","16"
"2026-10-01T01:51:39.8613173-04:00","0.01","91.7","160.3","555","16"
"2026-10-01T01:51:44.8775557-04:00","0.019","91.9","160.4","555","16"
"2026-10-01T01:51:49.8888685-04:00","0.01","92","160.5","555","16"
"2026-10-01T01:51:54.8985052-04:00","0.019","92.1","160.6","555","16"
"2026-10-01T01:51:59.9142334-04:00","0.019","92.2","160.8","555","16"
"2026-10-01T01:52:04.9250963-04:00","0.019","92.4","160.9","555","16"
"2026-10-01T01:52:09.9389712-04:00","0.01","92.5","161","555","16"
"2026-10-01T01:52:14.9500888-04:00","0.019","92.6","161.1","555","16"
"2026-10-01T01:52:19.9610398-04:00","0.01","93.9","162.4","558","17"
"2026-10-01T01:52:24.9808108-04:00","0.019","92.7","161.2","555","16"
"2026-10-01T01:52:29.9928779-04:00","0.01","92.8","161.3","555","16"
"2026-10-01T01:52:35.0071240-04:00","0.01","93","161.5","558","17"
"2026-10-01T01:52:40.0209568-04:00","0.01","93","161.5","555","16"
"2026-10-01T01:52:45.0386453-04:00","0.01","93.2","161.7","555","16"
"2026-10-01T01:52:50.0567121-04:00","0.01","93.3","161.8","555","16"
"2026-10-01T01:52:55.0973629-04:00","0.019","93.4","161.9","558","17"
"2026-10-01T01:53:00.1104978-04:00","0.01","93.6","162.1","558","17"
"2026-10-01T01:53:05.1257410-04:00","0.019","93.7","162.2","558","17"
"2026-10-01T01:53:10.1349775-04:00","0.019","93.9","162.3","558","17"
"2026-10-01T01:53:15.1558116-04:00","0.01","93.9","162.4","558","16"
"2026-10-01T01:53:20.1645996-04:00","0.01","94.2","162.7","561","17"
"2026-10-01T01:53:25.1721178-04:00","0.01","94.3","162.7","561","17"
"2026-10-01T01:53:30.1879437-04:00","0","94.4","162.9","561","17"
"2026-10-01T01:53:35.2031129-04:00","0.01","94.5","163","561","17"
"2026-10-01T01:53:40.2149320-04:00","0.019","94.7","163.1","561","17"
"2026-10-01T01:53:45.2254474-04:00","0.01","94.8","163.2","561","16"
"2026-10-01T01:53:50.2374012-04:00","0.019","94.9","163.3","561","16"
"2026-10-01T01:53:55.2480748-04:00","0.01","94.9","163.4","561","16"
"2026-10-01T01:54:00.2721825-04:00","0.01","95.1","163.6","561","16"
"2026-10-01T01:54:05.2926855-04:00","0.019","95.2","163.7","561","16"
"2026-10-01T01:54:10.3142307-04:00","0.019","95.4","163.8","561","16"
"2026-10-01T01:54:15.3262952-04:00","0.019","95.4","163.9","561","16"
"2026-10-01T01:54:20.3468361-04:00","0.01","95.7","164.2","561","16"
"2026-10-01T01:54:25.3614349-04:00","0.097","99.8","169.1","516","16"
"2026-10-01T01:54:30.3763948-04:00","0.01","99.8","169.1","516","16"
"2026-10-01T01:54:35.3907081-04:00","0.01","99.8","169.1","516","16"
"2026-10-01T01:54:40.4048918-04:00","0.019","99.8","169.1","516","16"
"2026-10-01T01:54:45.4169956-04:00","0.019","99.8","169.1","516","16"
"2026-10-01T01:54:50.4332844-04:00","0.01","99.8","169.1","516","16"
"2026-10-01T01:54:55.4539901-04:00","0","99.8","169.1","516","16"
"2026-10-01T01:55:00.4652343-04:00","0.019","99.9","169.1","519","17"
"2026-10-01T01:55:05.4753423-04:00","0.019","99.9","169.1","519","17"
"2026-10-01T01:55:10.4886329-04:00","0.019","99.9","169.1","519","17"
"2026-10-01T01:55:15.5043643-04:00","0.01","99.9","169.1","519","17"
"2026-10-01T01:55:20.5239607-04:00","0.029","99.9","169.1","522","17"
"2026-10-01T01:55:25.5426642-04:00","0","99.8","169.1","519","16"
"2026-10-01T01:55:30.5620277-04:00","0.01","99.8","169.1","519","16"
"2026-10-01T01:55:35.5757775-04:00","0.01","99.8","169.1","519","16"
"2026-10-01T01:55:40.5884583-04:00","0.019","99.8","169.1","519","16"
"2026-10-01T01:55:45.5956634-04:00","0.01","99.8","169.1","519","16"
"2026-10-01T01:55:50.6101004-04:00","0.019","99.8","169.1","519","16"
"2026-10-01T01:55:55.6192133-04:00","0.01","99.8","169.1","519","16"
"2026-10-01T01:56:00.6321795-04:00","0.01","99.9","169.1","522","17"
"2026-10-01T01:56:05.6493389-04:00","0.019","99.9","169.1","522","17"
"2026-10-01T01:56:10.6946116-04:00","0.01","99.9","169.1","522","17"
"2026-10-01T01:56:15.7095076-04:00","0.019","99.9","169.1","522","17"
"2026-10-01T01:56:20.7156577-04:00","0.01","99.9","169.1","522","17"
"2026-10-01T01:56:25.7341635-04:00","0.019","99.8","169.1","522","16"
"2026-10-01T01:56:30.7465432-04:00","0.01","99.8","169.1","522","16"
"2026-10-01T01:56:35.7636490-04:00","0.01","99.8","169.1","522","16"
"2026-10-01T01:56:40.7748255-04:00","0.019","99.8","169.1","522","16"
"2026-10-01T01:56:45.7820073-04:00","0.02","99.8","169.1","522","16"
"2026-10-01T01:56:50.7940938-04:00","0.019","99.8","169.1","522","16"
"2026-10-01T01:56:55.8084756-04:00","0.019","99.8","169.1","522","16"
"2026-10-01T01:57:00.8192168-04:00","0.039","101.7","171.3","544","20"
"2026-10-01T01:57:05.8350138-04:00","0.097","103.6","173.9","544","20"
"2026-10-01T01:57:10.8549736-04:00","0.049","103.6","174","544","20"
"2026-10-01T01:57:15.8659063-04:00","0.01","102.8","173.2","544","20"
"2026-10-01T01:57:20.9080018-04:00","0.01","102.6","172.6","544","20"
"2026-10-01T01:57:25.9186951-04:00","0.01","102.5","172.6","541","19"
"2026-10-01T01:57:30.9339126-04:00","0.019","101.2","171.7","537","18"
"2026-10-01T01:57:35.9469832-04:00","0.01","101.1","171.6","534","17"
"2026-10-01T01:57:40.9576622-04:00","0.019","100.2","170.8","534","17"
"2026-10-01T01:57:45.9673999-04:00","0.01","100.2","170.8","534","17"
"2026-10-01T01:57:50.9769378-04:00","0.01","100.2","170.8","534","17"
"2026-10-01T01:57:55.9893548-04:00","0.019","100.2","170.8","534","17"
"2026-10-01T01:58:00.9952668-04:00","0.01","100.2","170.8","534","17"
"2026-10-01T01:58:06.0106118-04:00","0.01","100.2","170.8","534","17"
"2026-10-01T01:58:11.0172554-04:00","0.029","100.2","170.8","534","17"
"2026-10-01T01:58:16.0305401-04:00","0.01","100.2","170.8","534","17"
"2026-10-01T01:58:21.0413263-04:00","0.01","100.4","170.9","537","18"
"2026-10-01T01:58:26.0582136-04:00","0.01","100.3","170.9","534","17"
"2026-10-01T01:58:31.0736770-04:00","0.019","100.3","170.9","534","17"
"2026-10-01T01:58:36.0831454-04:00","0.01","100.3","170.9","534","17"
"2026-10-01T01:58:41.0974140-04:00","0.01","100.3","170.9","534","17"
"2026-10-01T01:58:46.1031664-04:00","0.02","100.3","170.9","534","17"
"2026-10-01T01:58:51.1176324-04:00","0.01","100.3","170.9","534","17"
"2026-10-01T01:58:56.1317772-04:00","0.019","100.3","170.9","534","17"
"2026-10-01T01:59:01.1497016-04:00","0.01","100.3","170.9","534","17"
"2026-10-01T01:59:06.1594760-04:00","0.01","100.3","170.9","534","17"
"2026-10-01T01:59:11.1737923-04:00","0","100.3","170.9","534","17"
"2026-10-01T01:59:16.1925628-04:00","0.01","100.3","170.9","534","17"
"2026-10-01T01:59:21.2177817-04:00","0.01","100.3","170.9","534","17"
"2026-10-01T01:59:26.2305329-04:00","0.019","100.3","170.9","534","17"
"2026-10-01T01:59:31.2553125-04:00","0.01","100.3","170.9","534","17"
"2026-10-01T01:59:36.2668805-04:00","0.01","100.3","170.9","534","17"
"2026-10-01T01:59:41.2818482-04:00","0.01","100.3","170.9","534","17"
"2026-10-01T01:59:46.2912341-04:00","0.029","100.3","170.9","534","17"
"2026-10-01T01:59:51.3054563-04:00","0.01","100.3","170.9","534","17"
"2026-10-01T01:59:56.3202946-04:00","0.019","100.3","170.9","534","17"
"2026-10-01T02:00:01.3361040-04:00","0.01","100.3","170.9","534","17"
"2026-10-01T02:00:06.3521185-04:00","0.019","100.3","170.9","534","17"
"2026-10-01T02:00:11.3686587-04:00","0.01","100.3","170.9","534","17"
"2026-10-01T02:00:16.3840408-04:00","0.019","100.4","170.9","537","18"
"2026-10-01T02:00:21.4002929-04:00","0.01","100.4","170.9","537","18"
"2026-10-01T02:00:26.4156887-04:00","0.01","100.4","170.9","537","18"
"2026-10-01T02:00:31.4281442-04:00","0.019","100.4","170.9","537","18"
"2026-10-01T02:00:36.4451181-04:00","0.029","100.3","170.9","537","17"
"2026-10-01T02:00:41.4564144-04:00","0","100.3","170.9","537","17"
"2026-10-01T02:00:46.4728870-04:00","0.019","100.3","170.9","537","17"
"2026-10-01T02:00:51.4852737-04:00","0.01","100.3","170.9","537","17"
"2026-10-01T02:00:56.4925775-04:00","0.029","100.3","170.9","537","17"
"2026-10-01T02:01:01.5030438-04:00","0","100.3","170.9","537","17"
"2026-10-01T02:01:06.5109289-04:00","0.02","100.3","170.9","537","17"
"2026-10-01T02:01:11.5303232-04:00","0","100.3","170.9","537","17"
"2026-10-01T02:01:16.5417825-04:00","0.01","100.3","170.9","537","17"
"2026-10-01T02:01:21.5512391-04:00","0.01","100.3","170.9","537","17"
"2026-10-01T02:01:26.5654219-04:00","0.019","100.3","170.9","537","17"
"2026-10-01T02:01:31.5719258-04:00","0.029","100.5","171.2","540","18"
"2026-10-01T02:01:36.5846895-04:00","0.088","100.5","171.1","537","17"
"2026-10-01T02:01:41.5990860-04:00","0.01","100.5","171.1","537","17"
"2026-10-01T02:01:46.6119529-04:00","0.019","100.5","171.1","537","17"
"2026-10-01T02:01:51.6258629-04:00","0.01","100.5","171.2","540","18"
"2026-10-01T02:01:56.6402325-04:00","0.01","100.5","171.2","540","18"
"2026-10-01T02:02:01.6556394-04:00","0.01","100.5","171.2","540","18"
"2026-10-01T02:02:06.6702065-04:00","0.01","100.5","171.2","540","18"
"2026-10-01T02:02:11.6876082-04:00","0.01","100.5","171.1","540","17"
"2026-10-01T02:02:16.7025486-04:00","0.029","100.5","171.1","540","17"
"2026-10-01T02:02:21.7189430-04:00","0.01","100.5","171.2","543","18"
"2026-10-01T02:02:26.7355147-04:00","0.019","100.5","171.1","540","17"
"2026-10-01T02:02:31.7461199-04:00","0.019","100.5","171.1","540","17"
"2026-10-01T02:02:36.7607259-04:00","0.019","100.5","171.1","540","17"
"2026-10-01T02:02:41.7683489-04:00","0.01","100.5","171.1","540","17"
"2026-10-01T02:02:46.7802012-04:00","0.01","100.5","171.1","540","17"
"2026-10-01T02:02:51.7972497-04:00","0.01","100.5","171.1","540","17"
"2026-10-01T02:02:56.8141170-04:00","0.029","100.5","171.1","540","17"
"2026-10-01T02:03:01.8256757-04:00","0.019","100.5","171.1","540","17"
"2026-10-01T02:03:06.8425334-04:00","0.019","100.5","171.1","540","17"
"2026-10-01T02:03:11.8518252-04:00","0.01","100.5","171.1","540","17"
"2026-10-01T02:03:16.8672480-04:00","0.01","100.5","171.1","540","17"
"2026-10-01T02:03:21.8808506-04:00","0.01","100.5","171.2","543","18"
"2026-10-01T02:03:26.8917078-04:00","0.01","100.5","171.1","540","17"
"2026-10-01T02:03:31.9011711-04:00","0","100.5","171.1","540","17"
"2026-10-01T02:03:36.9156028-04:00","0.019","100.5","171.1","540","17"
"2026-10-01T02:03:41.9312937-04:00","0.019","100.5","171.1","540","17"
"2026-10-01T02:03:46.9451622-04:00","0.019","100.5","171.1","540","17"
"2026-10-01T02:03:51.9595764-04:00","0.019","100.5","171.1","540","17"
"2026-10-01T02:03:56.9765327-04:00","0.019","100.5","171.1","540","17"
"2026-10-01T02:04:01.9928051-04:00","0.01","100.5","171.1","540","17"
"2026-10-01T02:04:07.0045987-04:00","0.01","100.5","171.1","540","17"
"2026-10-01T02:04:12.0155800-04:00","0.019","100.5","171.1","540","17"
"2026-10-01T02:04:17.0262998-04:00","0.029","100.5","171.1","540","17"
"2026-10-01T02:04:22.0382805-04:00","0.01","100.5","171.1","540","17"
"2026-10-01T02:04:27.0539920-04:00","0.01","100.5","171.1","540","17"
"2026-10-01T02:04:32.0616684-04:00","0.02","100.5","171.1","540","17"
"2026-10-01T02:04:37.0739036-04:00","0.019","100.5","171.1","540","17"
"2026-10-01T02:04:42.0806765-04:00","0.02","100.5","171.1","540","17"
"2026-10-01T02:04:47.0894726-04:00","0.019","100.5","171.1","540","17"
"2026-10-01T02:04:52.0988295-04:00","0.01","101.3","172","540","17"
"2026-10-01T02:04:57.1177296-04:00","0.019","100.5","171.1","540","17"
"2026-10-01T02:05:02.1353362-04:00","0.029","100.5","171.1","540","17"
"2026-10-01T02:05:07.1512696-04:00","0.01","100.5","171.1","540","17"
"2026-10-01T02:05:12.1685893-04:00","0.019","100.5","171.1","540","17"
"2026-10-01T02:05:17.1897372-04:00","0.01","100.5","171.1","540","17"
"2026-10-01T02:05:22.2006552-04:00","0.019","100.5","171.1","540","17"
"2026-10-01T02:05:27.2167234-04:00","0.01","100.5","171.1","540","17"
"2026-10-01T02:05:32.2284576-04:00","0.01","100.5","171.1","540","17"
"2026-10-01T02:05:37.2404852-04:00","0.01","100.5","171.1","540","17"
"2026-10-01T02:05:42.2492655-04:00","0.019","100.5","171.1","540","17"
"2026-10-01T02:05:47.2640864-04:00","0.01","100.5","171.1","540","17"
"2026-10-01T02:05:52.2775181-04:00","0.019","100.5","171.1","540","17"
"2026-10-01T02:05:57.2946920-04:00","0.019","100.5","171.1","540","17"
"2026-10-01T02:06:02.3108771-04:00","0.01","100.5","171.1","540","17"
"2026-10-01T02:06:07.3231077-04:00","0.019","100.5","171.1","540","17"
"2026-10-01T02:06:12.3373860-04:00","0.019","100.5","171.1","540","17"
"2026-10-01T02:06:17.3553612-04:00","0.01","100.5","171.1","540","17"
"2026-10-01T02:06:22.3749939-04:00","0.01","100.5","171.1","540","17"
"2026-10-01T02:06:27.3870154-04:00","0.019","100.5","171.1","540","17"
"2026-10-01T02:06:32.4036922-04:00","0","100.5","171.1","540","17"
"2026-10-01T02:06:37.4228923-04:00","0.019","100.5","171.1","540","17"
"2026-10-01T02:06:42.4345035-04:00","0.01","100.5","171.1","540","17"
"2026-10-01T02:06:47.4525937-04:00","0.01","100.5","171.1","540","17"
"2026-10-01T02:06:52.4648901-04:00","0.01","100.5","171.1","540","17"
"2026-10-01T02:06:57.4781350-04:00","0.01","100.5","171.1","540","17"
"2026-10-01T02:07:02.4892064-04:00","0.01","100.5","171.1","540","17"
"2026-10-01T02:07:07.5023221-04:00","0","100.5","171.1","540","17"
"2026-10-01T02:07:12.5162493-04:00","0.019","100.5","171.1","540","17"
"2026-10-01T02:07:17.5344226-04:00","0.01","100.5","171.1","540","17"
"2026-10-01T02:07:22.5501843-04:00","0.019","101.2","172","540","17"
"2026-10-01T02:07:27.5637188-04:00","0.019","100.4","171.3","540","17"
"2026-10-01T02:07:32.5811035-04:00","0.019","100.4","171.3","540","17"
"2026-10-01T02:07:37.5949694-04:00","0","100.4","171.3","540","17"
"2026-10-01T02:07:42.6051333-04:00","0.019","100.4","171.3","540","17"
"2026-10-01T02:07:47.6180793-04:00","0.01","100.4","171.3","540","17"
"2026-10-01T02:07:52.6305088-04:00","0.01","100.4","171.3","540","17"
"2026-10-01T02:07:57.6416690-04:00","0","100.4","171.3","540","17"
"2026-10-01T02:08:02.6568505-04:00","0.019","100.4","171.3","540","17"
"2026-10-01T02:08:07.6690857-04:00","0.01","100.4","171.3","540","17"
"2026-10-01T02:08:12.6803617-04:00","0.01","100.4","171.3","540","17"
"2026-10-01T02:08:17.7004796-04:00","0.01","100.4","171.3","540","17"
"2026-10-01T02:08:22.7164364-04:00","0.01","100.4","171.3","540","17"
"2026-10-01T02:08:27.7250881-04:00","0.01","100.4","171.3","540","17"
"2026-10-01T02:08:32.7350992-04:00","0.01","100.5","171.3","543","18"
"2026-10-01T02:08:37.7515971-04:00","0.019","100.5","171.3","543","18"
"2026-10-01T02:08:42.7695954-04:00","0.019","100.5","171.3","543","18"
"2026-10-01T02:08:47.7875948-04:00","0.01","100.5","171.3","543","18"
"2026-10-01T02:08:52.8066029-04:00","0.01","100.4","171.3","543","17"
"2026-10-01T02:08:57.8166463-04:00","0.01","100.5","171.3","549","19"
"2026-10-01T02:09:02.8339780-04:00","0.019","100.5","171.3","546","18"
"2026-10-01T02:09:07.8455929-04:00","0.019","100.5","171.3","546","18"
"2026-10-01T02:09:12.8576118-04:00","0.019","100.5","171.3","546","18"
"2026-10-01T02:09:17.8736468-04:00","0","100.5","171.3","546","18"
"2026-10-01T02:09:22.8946309-04:00","0.019","100.5","171.3","546","18"
"2026-10-01T02:09:27.9060407-04:00","0.019","100.5","171.3","546","18"
"2026-10-01T02:09:32.9214697-04:00","0.01","100.5","171.3","546","18"
"2026-10-01T02:09:37.9322191-04:00","0","100.5","171.3","546","18"
"2026-10-01T02:09:42.9483190-04:00","0.019","100.5","171.3","546","18"
"2026-10-01T02:09:47.9718855-04:00","0.019","100.5","171.3","546","18"
"2026-10-01T02:09:52.9820307-04:00","0.019","100.5","171.3","546","17"
"2026-10-01T02:09:58.0023684-04:00","0.01","100.5","171.3","546","17"
"2026-10-01T02:10:03.0124941-04:00","0","100.5","171.3","546","17"
"2026-10-01T02:10:08.0238907-04:00","0.01","100.5","171.3","546","17"
"2026-10-01T02:10:13.0331120-04:00","0.01","100.5","171.3","546","17"
"2026-10-01T02:10:18.0447263-04:00","0.01","100.5","171.3","546","17"
"2026-10-01T02:10:23.0634240-04:00","0.029","100.5","171.3","546","17"
"2026-10-01T02:10:28.0775291-04:00","0.01","100.5","171.3","546","17"
"2026-10-01T02:10:33.0925090-04:00","0.039","101.7","172.4","552","19"
"2026-10-01T02:10:38.1056990-04:00","0.019","100.1","171","549","18"
"2026-10-01T02:10:43.1231962-04:00","0.01","100.1","171","549","18"
"2026-10-01T02:10:48.1389811-04:00","0.039","100.1","171","549","17"
"2026-10-01T02:10:53.1489757-04:00","0.01","100.1","171","549","17"
"2026-10-01T02:10:58.1789009-04:00","0.029","100.1","171","549","17"
"2026-10-01T02:11:03.1934939-04:00","0.01","100.1","171","549","17"
"2026-10-01T02:11:08.2085541-04:00","0.019","100.1","171","549","17"
"2026-10-01T02:11:13.2203199-04:00","0.01","100.1","171","549","17"
"2026-10-01T02:11:18.2390457-04:00","0.01","100.1","171","549","17"
"2026-10-01T02:11:23.2490657-04:00","0.019","100.1","171","549","17"
"2026-10-01T02:11:28.2563850-04:00","0.02","100.1","171","549","17"
"2026-10-01T02:11:33.2770170-04:00","0.019","100.1","171","549","17"
"2026-10-01T02:11:38.2928668-04:00","0.01","100.1","171","549","17"
"2026-10-01T02:11:43.3099322-04:00","0.01","100.1","171","549","17"
"2026-10-01T02:11:48.3208276-04:00","0.019","100.1","171","549","17"
"2026-10-01T02:11:53.3370133-04:00","0.019","100.1","171","549","17"
"2026-10-01T02:11:58.3551619-04:00","0.01","100.1","171","549","17"
"2026-10-01T02:12:03.3692641-04:00","0.01","100.1","171","549","17"
"2026-10-01T02:12:08.3888703-04:00","0.019","100.1","171","549","17"
"2026-10-01T02:12:13.4010880-04:00","0.019","100.1","171","549","17"
"2026-10-01T02:12:18.4169544-04:00","0","100.1","171","549","17"
"2026-10-01T02:12:23.4320082-04:00","0.01","100.1","171","549","17"
"2026-10-01T02:12:28.4517685-04:00","0.01","100.1","171","549","17"
"2026-10-01T02:12:33.4672863-04:00","0.019","100.1","171","549","17"
"2026-10-01T02:12:38.4787003-04:00","0.049","100.1","171","549","17"
"2026-10-01T02:12:43.4918444-04:00","0.01","100.1","171","549","17"
"2026-10-01T02:12:48.5034747-04:00","0.01","100.1","171","549","17"
"2026-10-01T02:12:53.5118302-04:00","0.01","100.1","171","549","17"
"2026-10-01T02:12:58.5301575-04:00","0.01","100.1","171","549","17"
"2026-10-01T02:13:03.5419207-04:00","0.019","100.1","171","549","17"
"2026-10-01T02:13:08.5532477-04:00","0.01","100.1","171","549","17"
"2026-10-01T02:13:13.5669838-04:00","0","100.1","171","549","17"
"2026-10-01T02:13:18.5822677-04:00","0.019","100.1","171","549","17"
"2026-10-01T02:13:23.5957537-04:00","0.01","100.1","171","549","17"
"2026-10-01T02:13:28.6016154-04:00","0.02","100.1","171","549","17"
"2026-10-01T02:13:33.6169737-04:00","0.01","100.1","171","549","17"
"2026-10-01T02:13:38.6290889-04:00","0.01","100.1","171","549","17"
"2026-10-01T02:13:43.6475343-04:00","0.01","100.1","171","549","17"
"2026-10-01T02:13:48.6648029-04:00","0.049","100.1","171","549","17"
"2026-10-01T02:13:53.6764140-04:00","0.01","100.1","171","549","17"
"2026-10-01T02:13:58.6963026-04:00","0.019","100.1","171","549","17"
"2026-10-01T02:14:03.7109357-04:00","0.01","100.1","171","549","17"
"2026-10-01T02:14:08.7237816-04:00","0.019","100.1","171","549","17"
"2026-10-01T02:14:13.7437481-04:00","0.01","100.1","171","549","17"
"2026-10-01T02:14:18.7582039-04:00","0.01","100.1","171","549","17"
"2026-10-01T02:14:23.7712921-04:00","0.01","100.1","171","549","17"
"2026-10-01T02:14:28.7846216-04:00","0.01","100.1","171","549","17"
"2026-10-01T02:14:33.7903391-04:00","0.01","100.1","171","549","17"
"2026-10-01T02:14:38.8050082-04:00","0.01","100.1","171","549","17"
"2026-10-01T02:14:43.8190603-04:00","0.019","100.1","171","549","17"
"2026-10-01T02:14:48.8299373-04:00","0.01","100.1","171","549","17"
"2026-10-01T02:14:53.8430730-04:00","0.01","100.1","171","549","17"
"2026-10-01T02:14:58.8539462-04:00","0.01","100.1","171","549","17"
"2026-10-01T02:15:03.8692837-04:00","0.01","100.1","171","549","17"
"2026-10-01T02:15:08.8857269-04:00","0.01","100.1","171","549","17"
"2026-10-01T02:15:13.8946091-04:00","0.019","100.1","171","549","17"
"2026-10-01T02:15:18.9140469-04:00","0.01","100.1","171","549","17"
"2026-10-01T02:15:23.9268782-04:00","0.01","100.1","171","549","17"
"2026-10-01T02:15:28.9424015-04:00","0.01","100.1","171","549","17"
"2026-10-01T02:15:33.9558047-04:00","0.01","100.1","171","549","17"
"2026-10-01T02:15:38.9676283-04:00","0.01","100.1","171","549","17"
"2026-10-01T02:15:43.9853780-04:00","0","100.1","171","549","17"
"2026-10-01T02:15:49.0002495-04:00","0.01","100.1","171","549","17"
"2026-10-01T02:15:54.0148892-04:00","0.01","100.1","171","549","17"
"2026-10-01T02:15:59.0258825-04:00","0.01","100.1","171.1","552","18"
"2026-10-01T02:16:04.0400863-04:00","0.01","100.1","171.1","552","18"
"2026-10-01T02:16:09.0489702-04:00","0.019","100.1","171.1","552","18"
"2026-10-01T02:16:14.0633593-04:00","0.01","100.1","171.1","552","18"
"2026-10-01T02:16:19.0824200-04:00","0","100.1","171","552","17"
"2026-10-01T02:16:24.0953904-04:00","0.019","101","171.9","552","17"
"2026-10-01T02:16:29.1112631-04:00","0","100.1","171","552","17"
"2026-10-01T02:16:34.1250387-04:00","0.01","100.1","171","552","17"
"2026-10-01T02:16:39.1379270-04:00","0.019","100.1","171","552","17"
"2026-10-01T02:16:44.1523571-04:00","0.01","100.1","171","552","17"
"2026-10-01T02:16:49.1654436-04:00","0","100.1","171","552","17"
"2026-10-01T02:16:54.1761580-04:00","0.01","100.1","171","552","17"
"2026-10-01T02:16:59.1931042-04:00","0.01","100.1","171","552","17"
"2026-10-01T02:17:04.2060357-04:00","0.01","100.1","171","552","17"
"2026-10-01T02:17:09.2211080-04:00","0.01","100.1","171","552","17"
"2026-10-01T02:17:14.2288494-04:00","0.02","100.1","171","552","17"
"2026-10-01T02:17:19.2417934-04:00","0.01","100.1","171","552","17"
"2026-10-01T02:17:24.2587547-04:00","0.019","100.1","171","552","17"
"2026-10-01T02:17:29.2705509-04:00","0.01","100.1","171","552","17"
"2026-10-01T02:17:34.2881377-04:00","0.019","100.1","171","552","17"
"2026-10-01T02:17:39.3074956-04:00","0.019","100.1","171.1","552","17"
"2026-10-01T02:17:44.3221611-04:00","0.019","100.1","171.1","552","17"
"2026-10-01T02:17:49.3324110-04:00","0","100.1","171.1","552","17"
"2026-10-01T02:17:54.3499855-04:00","0.019","100.1","171.1","552","17"
"2026-10-01T02:17:59.3581290-04:00","0.019","100.4","171.3","555","18"
"2026-10-01T02:18:04.3728760-04:00","0.01","100.4","171.3","552","17"
"2026-10-01T02:18:09.3859758-04:00","0.029","100.4","171.3","552","17"
"2026-10-01T02:18:14.3958026-04:00","0.01","100.4","171.3","552","17"
"2026-10-01T02:18:19.4077699-04:00","0.019","100.4","171.3","552","17"
"2026-10-01T02:18:24.4219299-04:00","0.019","100.4","171.3","552","17"
"2026-10-01T02:18:29.4327891-04:00","0.019","100.4","171.3","552","17"
"2026-10-01T02:18:34.4434435-04:00","0.019","100.4","171.3","552","17"
"2026-10-01T02:18:39.4599459-04:00","0.01","100.4","171.3","552","17"
"2026-10-01T02:18:44.4703297-04:00","0.01","100.4","171.3","552","17"
"2026-10-01T02:18:49.4875295-04:00","0.01","100.4","171.3","552","17"
"2026-10-01T02:18:54.5309085-04:00","0.019","100.4","171.3","552","17"
"2026-10-01T02:18:59.5562148-04:00","0.019","100.4","171.3","552","17"
"2026-10-01T02:19:04.5711653-04:00","0.01","100.4","171.3","552","17"
"2026-10-01T02:19:09.5902230-04:00","0.019","100.4","171.3","552","17"
"2026-10-01T02:19:14.6011692-04:00","0.019","100.4","171.3","552","17"
"2026-10-01T02:19:19.6187010-04:00","0.01","100.4","171.3","552","17"
"2026-10-01T02:19:24.6273068-04:00","0.019","100.4","171.3","552","17"
"2026-10-01T02:19:29.6460277-04:00","0.01","100.4","171.3","552","17"
"2026-10-01T02:19:34.6602255-04:00","0.019","100.4","171.3","552","17"
"2026-10-01T02:19:39.6755308-04:00","0.01","100.4","171.3","552","17"
"2026-10-01T02:19:44.6897038-04:00","0.019","100.4","171.3","552","17"
"2026-10-01T02:19:49.7018341-04:00","0","100.4","171.3","552","17"
"2026-10-01T02:19:54.7191383-04:00","0.019","100.4","171.3","552","17"
"2026-10-01T02:19:59.7364687-04:00","0.01","100.4","171.3","552","17"
"2026-10-01T02:20:04.7493664-04:00","0.019","100.4","171.3","552","17"
"2026-10-01T02:20:09.7650042-04:00","0.01","100.4","171.3","552","17"
"2026-10-01T02:20:14.7849947-04:00","0.019","100.4","171.3","552","17"
"2026-10-01T02:20:19.7965243-04:00","0","100.4","171.3","552","17"
"2026-10-01T02:20:24.8118956-04:00","0.019","100.4","171.3","552","17"
"2026-10-01T02:20:29.8321289-04:00","0.01","100.4","171.3","552","17"
"2026-10-01T02:20:34.8442855-04:00","0.019","100.4","171.3","552","17"
"2026-10-01T02:20:39.8585736-04:00","0","100.4","171.3","552","17"
"2026-10-01T02:20:44.8693731-04:00","0.019","100.4","171.3","552","17"
"2026-10-01T02:20:49.8803599-04:00","0.019","100.4","171.3","555","18"
"2026-10-01T02:20:54.8921273-04:00","0.019","100.4","171.3","555","18"
"2026-10-01T02:20:59.9007839-04:00","0.01","100.4","171.3","555","18"
"2026-10-01T02:21:04.9115591-04:00","0.019","100.4","171.3","555","18"
"2026-10-01T02:21:09.9241555-04:00","0","100.4","171.3","555","17"
"2026-10-01T02:21:14.9333432-04:00","0.01","100.4","171.3","555","17"
"2026-10-01T02:21:19.9464191-04:00","0.01","100.4","171.3","555","17"
"2026-10-01T02:21:24.9533478-04:00","0.02","100.4","171.3","555","17"
"2026-10-01T02:21:29.9649481-04:00","0.01","100.4","171.3","555","17"
"2026-10-01T02:21:34.9709646-04:00","0.02","100.4","171.3","555","17"
"2026-10-01T02:21:39.9889443-04:00","0.01","100.4","171.3","555","17"
"2026-10-01T02:21:45.0088839-04:00","0.01","100.4","171.3","555","17"
"2026-10-01T02:21:50.0212004-04:00","0.01","100.4","171.3","555","17"
"2026-10-01T02:21:55.0318746-04:00","0.01","100.4","171.3","558","18"
"2026-10-01T02:22:00.0471458-04:00","0.01","100.4","171.3","558","18"
"2026-10-01T02:22:05.0603469-04:00","0.039","100.4","171.3","558","18"
"2026-10-01T02:22:10.0724877-04:00","0","100.4","171.3","558","18"
"2026-10-01T02:22:15.0859016-04:00","0.01","100.4","171.3","558","17"
"2026-10-01T02:22:20.1041132-04:00","0.029","100.4","171.3","558","17"
"2026-10-01T02:22:25.1131914-04:00","0","100.4","171.3","558","17"
"2026-10-01T02:22:30.1317631-04:00","0.019","100.4","171.3","558","17"
"2026-10-01T02:22:35.1423440-04:00","0.01","100.4","171.3","558","17"
"2026-10-01T02:22:40.1572397-04:00","0.01","100.4","171.3","558","17"
"2026-10-01T02:22:45.1770209-04:00","0","100.4","171.3","558","17"
"2026-10-01T02:22:50.1912894-04:00","0.01","100.4","171.3","558","17"
"2026-10-01T02:22:55.2048552-04:00","0.01","100.4","171.3","558","17"
"2026-10-01T02:23:00.2140776-04:00","0.029","100.5","171.5","558","17"
"2026-10-01T02:23:05.2327215-04:00","0.01","100.6","171.6","558","17"
"2026-10-01T02:23:10.2490077-04:00","0.01","100.8","171.7","558","17"
"2026-10-01T02:23:15.2650484-04:00","0.01","100.9","171.8","558","17"
"2026-10-01T02:23:20.2835163-04:00","0.01","101","172","558","17"
"2026-10-01T02:23:25.2996433-04:00","0.01","101.1","172.1","558","17"
"2026-10-01T02:23:30.3143241-04:00","0.019","101.3","172.2","558","17"
"2026-10-01T02:23:35.3269448-04:00","0.01","101.3","172.3","558","17"
"2026-10-01T02:23:40.3389579-04:00","0.029","101.6","172.5","561","18"
"2026-10-01T02:23:45.3510054-04:00","0","101.6","172.6","561","18"
"2026-10-01T02:23:50.3703905-04:00","0","101.7","172.7","561","18"
"2026-10-01T02:23:55.3857100-04:00","0.01","101.9","172.8","561","18"
"2026-10-01T02:24:00.3999786-04:00","0.01","102","172.9","561","18"
"2026-10-01T02:24:05.4136008-04:00","0.01","102.1","173","561","18"
"2026-10-01T02:24:10.4207791-04:00","0.01","102.2","173.1","561","17"
"2026-10-01T02:24:15.4413609-04:00","0.01","102.3","173.2","561","17"
"2026-10-01T02:24:20.4535891-04:00","0.01","102.5","173.4","561","17"
"2026-10-01T02:24:25.4699320-04:00","0.01","102.5","173.5","561","17"
"2026-10-01T02:24:30.4853801-04:00","0.01","102.7","173.6","561","17"
"2026-10-01T02:24:35.5014464-04:00","0.01","102.8","173.7","561","17"
"2026-10-01T02:24:40.5231721-04:00","0.019","102.9","173.9","561","17"
"2026-10-01T02:24:45.5348203-04:00","0.01","103","174","561","17"
"2026-10-01T02:24:50.5503102-04:00","0.019","103.1","174.1","561","17"
"2026-10-01T02:24:55.5586014-04:00","0.01","103.3","174.2","561","17"
"2026-10-01T02:25:00.5668667-04:00","0.019","103.4","174.3","561","17"
"2026-10-01T02:25:05.5730338-04:00","0","103.5","174.4","561","17"
"2026-10-01T02:25:10.5860317-04:00","0.019","103.6","174.6","561","17"
"2026-10-01T02:25:15.5936412-04:00","0","103.7","174.7","561","17"
"2026-10-01T02:25:20.6078582-04:00","0.029","103.9","174.8","561","17"
"2026-10-01T02:25:25.6151079-04:00","0.02","104","174.9","561","17"
"2026-10-01T02:25:30.6262456-04:00","0.01","104.1","175.1","561","17"
"2026-10-01T02:25:35.6439652-04:00","0.01","104.2","175.1","561","17"
"2026-10-01T02:25:40.6572777-04:00","0.019","104.3","175.3","561","17"
"2026-10-01T02:25:45.6714794-04:00","0.01","108.4","179.4","527","18"
"2026-10-01T02:25:50.6806588-04:00","0.019","108.4","179.3","524","17"
"2026-10-01T02:25:55.6918713-04:00","0.019","108.4","179.3","524","17"
"2026-10-01T02:26:00.7024098-04:00","0.01","108.4","179.3","524","17"
"2026-10-01T02:26:05.7199375-04:00","0.01","108.4","179.3","524","17"
"2026-10-01T02:26:10.7388949-04:00","0.019","108.4","179.3","524","17"
"2026-10-01T02:26:15.7528373-04:00","0.019","108.4","179.3","524","17"
"2026-10-01T02:26:20.7724794-04:00","0.019","108.4","179.3","524","17"
"2026-10-01T02:26:25.7889362-04:00","0.01","108.4","179.3","524","17"
"2026-10-01T02:26:30.7997628-04:00","0.019","108.4","179.3","524","17"
"2026-10-01T02:26:35.8107879-04:00","0","108.4","179.3","524","17"
"2026-10-01T02:26:40.8264623-04:00","0.019","108.4","179.3","524","17"
"2026-10-01T02:26:45.8406582-04:00","0.01","108.4","179.3","524","17"
"2026-10-01T02:26:50.8566060-04:00","0.019","108.4","179.3","524","17"
"2026-10-01T02:26:55.8707220-04:00","0.01","108.4","179.3","524","17"
"2026-10-01T02:27:00.8845623-04:00","0.019","108.4","179.3","524","17"
"2026-10-01T02:27:05.8990231-04:00","0.01","108.4","179.3","524","17"
"2026-10-01T02:27:10.9149523-04:00","0.01","108.4","179.3","524","17"
"2026-10-01T02:27:15.9245795-04:00","0.019","108.4","179.3","524","17"
"2026-10-01T02:27:20.9324495-04:00","0.01","108.4","179.3","524","17"
"2026-10-01T02:27:25.9400830-04:00","0.02","108.4","179.3","524","17"
"2026-10-01T02:27:30.9573760-04:00","0.019","108.4","179.3","524","17"
"2026-10-01T02:27:35.9711947-04:00","0.01","108.4","179.3","524","17"
"2026-10-01T02:27:40.9884829-04:00","0.01","108.4","179.3","524","17"
"2026-10-01T02:27:46.0046735-04:00","0.01","108.4","179.3","524","17"
"2026-10-01T02:27:51.0198285-04:00","0.01","108.4","179.3","524","17"
"2026-10-01T02:27:56.0345597-04:00","0.01","108.4","179.3","524","17"
"2026-10-01T02:28:01.0492242-04:00","0","108.4","179.3","524","17"
"2026-10-01T02:28:06.0652131-04:00","0.019","108.4","179.3","524","17"
"2026-10-01T02:28:11.0787197-04:00","0.01","108.4","179.3","524","17"
"2026-10-01T02:28:16.0961073-04:00","0.01","109.2","180.2","524","17"
"2026-10-01T02:28:21.1106559-04:00","0.019","108.4","179.3","524","17"
"2026-10-01T02:28:26.1170783-04:00","0.02","108.4","179.3","524","17"
"2026-10-01T02:28:31.1370187-04:00","0.01","108.4","179.3","524","17"
"2026-10-01T02:28:36.1522196-04:00","0.019","108.4","179.3","524","17"
"2026-10-01T02:28:41.1649232-04:00","0","108.4","179.4","527","18"
"2026-10-01T02:28:46.1802310-04:00","0.019","108.4","179.3","524","17"
"2026-10-01T02:28:51.1939320-04:00","0","108.4","179.3","524","17"
"2026-10-01T02:28:56.2068532-04:00","0.01","108.4","179.3","524","17"
"2026-10-01T02:29:01.2186292-04:00","0.01","108.4","179.3","524","17"
"2026-10-01T02:29:06.2335328-04:00","0.01","108.4","179.3","524","17"
"2026-10-01T02:29:11.2494876-04:00","0.01","108.4","179.3","524","17"
"2026-10-01T02:29:16.2681539-04:00","0.01","108.4","179.3","524","17"
"2026-10-01T02:29:21.2784920-04:00","0.019","108.4","179.3","524","17"
"2026-10-01T02:29:26.2975729-04:00","0.01","108.4","179.3","524","17"
"2026-10-01T02:29:31.3081238-04:00","0.019","108.4","179.3","524","17"
"2026-10-01T02:29:36.3211150-04:00","0.01","108.4","179.3","524","17"
"2026-10-01T02:29:41.3377374-04:00","0.019","108.4","179.3","524","17"
"2026-10-01T02:29:46.3487640-04:00","0.01","108.4","179.3","524","17"
"2026-10-01T02:29:51.3569635-04:00","0.019","108.4","179.3","524","17"
"2026-10-01T02:29:56.3709867-04:00","0","108.4","179.3","524","17"
"2026-10-01T02:30:01.3832913-04:00","0.01","108.4","179.3","524","17"
"2026-10-01T02:30:06.3932196-04:00","0.01","108.4","179.3","524","17"
"2026-10-01T02:30:11.4021731-04:00","0.01","108.4","179.3","524","17"
"2026-10-01T02:30:16.4090796-04:00","0.01","108.4","179.3","524","17"
"2026-10-01T02:30:21.4202465-04:00","0.01","108.4","179.3","524","17"
"2026-10-01T02:30:26.4339979-04:00","0.01","108.4","179.3","524","17"
"2026-10-01T02:30:31.4496764-04:00","0.019","108.4","179.3","524","17"
"2026-10-01T02:30:36.4642875-04:00","0.01","108.4","179.3","524","17"
"2026-10-01T02:30:41.4816684-04:00","0.01","108.4","179.3","524","17"
"2026-10-01T02:30:46.4963410-04:00","0.01","108.4","179.3","524","17"
"2026-10-01T02:30:51.5050803-04:00","0.019","108.4","179.3","524","17"
"2026-10-01T02:30:56.5169534-04:00","0.01","108.4","179.3","524","17"
"2026-10-01T02:31:01.5225659-04:00","0.02","108.4","179.3","524","17"
"2026-10-01T02:31:06.5355309-04:00","0.019","108.4","179.3","524","17"
"2026-10-01T02:31:11.5499215-04:00","0.01","108.4","179.3","524","17"
"2026-10-01T02:31:16.5629726-04:00","0.01","108.4","179.3","524","17"
"2026-10-01T02:31:21.5768518-04:00","0.029","111.5","182.1","527","18"
"2026-10-01T02:31:26.5849521-04:00","0.01","108.6","179.1","524","17"
"2026-10-01T02:31:31.5985173-04:00","0.01","108.6","179.1","524","17"
"2026-10-01T02:31:36.6106103-04:00","0.01","108.6","179.1","524","17"
"2026-10-01T02:31:41.6165252-04:00","0.02","108.6","179.1","524","17"
"2026-10-01T02:31:46.6228524-04:00","0","108.6","179.1","524","17"
"2026-10-01T02:31:51.6367772-04:00","0.01","108.6","179.1","524","17"
"2026-10-01T02:31:56.6438384-04:00","0.02","108.6","179.1","524","17"
"2026-10-01T02:32:01.6548879-04:00","0.01","108.6","179.1","524","17"
"2026-10-01T02:32:06.6698594-04:00","0.01","108.6","179.1","524","17"
"2026-10-01T02:32:11.6808685-04:00","0.019","108.6","179.1","524","17"
"2026-10-01T02:32:16.6935699-04:00","0.01","108.6","179.1","524","17"
"2026-10-01T02:32:21.7060680-04:00","0.01","108.6","179.1","524","17"
"2026-10-01T02:32:26.7239181-04:00","0.019","108.6","179.1","524","17"
"2026-10-01T02:32:31.7415037-04:00","0.01","108.6","179.1","524","17"
"2026-10-01T02:32:36.7604532-04:00","0.01","108.6","179.1","524","17"
"2026-10-01T02:32:41.7831546-04:00","0.01","108.6","179.1","524","17"
"2026-10-01T02:32:46.8092120-04:00","0.019","108.6","179.1","524","17"
"2026-10-01T02:32:51.8162608-04:00","0.02","108.6","179.1","524","17"
"2026-10-01T02:32:56.8310900-04:00","0.019","108.6","179.1","524","17"
"2026-10-01T02:33:01.8448965-04:00","0.01","108.6","179.1","524","17"
"2026-10-01T02:33:06.8550873-04:00","0.01","108.6","179.1","524","17"
"2026-10-01T02:33:11.8681840-04:00","0.019","108.6","179.1","524","17"
"2026-10-01T02:33:16.8839594-04:00","0.01","108.6","179.1","524","17"
"2026-10-01T02:33:21.8924973-04:00","0.019","108.7","179.3","524","17"
"2026-10-01T02:33:26.9027879-04:00","0.01","108.7","179.3","524","17"
"2026-10-01T02:33:31.9143470-04:00","0.01","108.7","179.3","524","17"
"2026-10-01T02:33:36.9228223-04:00","0.019","108.7","179.3","524","17"
"2026-10-01T02:33:41.9449687-04:00","0","108.7","179.3","524","17"
"2026-10-01T02:33:46.9509993-04:00","0.01","108.7","179.3","524","17"
"2026-10-01T02:33:51.9703677-04:00","0.029","108.7","179.3","524","17"
"2026-10-01T02:33:56.9786622-04:00","0.01","108.7","179.3","524","17"
"2026-10-01T02:34:01.9883422-04:00","0.019","108.7","179.3","524","17"
"2026-10-01T02:34:07.0022071-04:00","0.019","108.7","179.3","524","17"
"2026-10-01T02:34:12.0121286-04:00","0.019","108.7","179.3","524","17"
"2026-10-01T02:34:17.0200829-04:00","0.02","108.7","179.3","524","17"
"2026-10-01T02:34:22.0300323-04:00","0.01","108.7","179.3","524","17"
"2026-10-01T02:34:27.0412407-04:00","0.019","108.7","179.3","524","17"
"2026-10-01T02:34:32.0498751-04:00","0.019","108.7","179.3","524","17"
"2026-10-01T02:34:37.0687798-04:00","0","108.7","179.3","524","17"
"2026-10-01T02:34:42.0794587-04:00","0.01","108.7","179.3","524","17"
"2026-10-01T02:34:47.0898407-04:00","0.01","108.7","179.3","524","17"
"2026-10-01T02:34:52.0973201-04:00","0.01","109.5","180.1","524","17"
"2026-10-01T02:34:57.1061977-04:00","0.019","108.7","179.3","524","17"
"2026-10-01T02:35:02.1150669-04:00","0.01","108.7","179.3","524","17"
"2026-10-01T02:35:07.1259725-04:00","0.01","108.7","179.3","524","17"
"2026-10-01T02:35:12.1349947-04:00","0.01","108.7","179.3","524","17"
"2026-10-01T02:35:17.1458777-04:00","0.01","108.7","179.3","524","17"
"2026-10-01T02:35:22.1574276-04:00","0.01","108.7","179.3","524","17"
"2026-10-01T02:35:27.1746891-04:00","0","108.7","179.3","524","17"
"2026-10-01T02:35:32.1828916-04:00","0.019","108.7","179.3","524","17"
"2026-10-01T02:35:37.1920317-04:00","0","108.7","179.3","524","17"
"2026-10-01T02:35:42.2004861-04:00","0.019","108.7","179.3","524","17"
"2026-10-01T02:35:47.2098135-04:00","0.01","108.7","179.3","524","17"
"2026-10-01T02:35:52.2174167-04:00","0.02","108.7","179.3","524","17"
"2026-10-01T02:35:57.2370227-04:00","0","108.7","179.3","524","17"
"2026-10-01T02:36:02.2513575-04:00","0.029","108.7","179.3","524","17"
"2026-10-01T02:36:07.2633032-04:00","0.01","108.7","179.3","524","17"
"2026-10-01T02:36:12.2706852-04:00","0.01","108.7","179.3","524","17"
"2026-10-01T02:36:17.2857624-04:00","0.01","108.7","179.3","524","17"
"2026-10-01T02:36:22.2946125-04:00","0.029","108.7","179.3","524","17"
"2026-10-01T02:36:27.3148054-04:00","0","108.7","179.3","524","17"
"2026-10-01T02:36:32.3388167-04:00","0.019","108.7","179.3","524","17"
"2026-10-01T02:36:37.3500381-04:00","0.01","108.7","179.3","524","17"
"2026-10-01T02:36:42.3701936-04:00","0.019","108.8","179.3","527","18"
"2026-10-01T02:36:47.3874197-04:00","0.01","108.8","179.3","527","18"
"2026-10-01T02:36:52.3943830-04:00","0","108.8","179.3","527","18"
"2026-10-01T02:36:57.4032496-04:00","0.01","108.8","179.3","527","18"
"2026-10-01T02:37:02.4238843-04:00","0.01","108.7","179.2","527","17"
"2026-10-01T02:37:07.4333715-04:00","0.019","108.7","179.2","527","17"
"2026-10-01T02:37:12.4398289-04:00","0","108.7","179.2","527","17"
"2026-10-01T02:37:17.4474820-04:00","0.02","108.7","179.2","527","17"
"2026-10-01T02:37:22.4607823-04:00","0.01","108.7","179.2","527","17"
"2026-10-01T02:37:27.4679450-04:00","0","108.7","179.2","527","17"
"2026-10-01T02:37:32.4746392-04:00","0.029","108.7","179.2","527","17"
"2026-10-01T02:37:37.4840345-04:00","0","108.7","179.2","527","17"
"2026-10-01T02:37:42.4984775-04:00","0.01","108.7","179.2","527","17"
"2026-10-01T02:37:47.5052326-04:00","0.01","108.7","179.2","527","17"
"2026-10-01T02:37:52.5176928-04:00","0.019","108.7","179.2","527","17"
"2026-10-01T02:37:57.5242725-04:00","0.02","108.7","179.2","527","17"
"2026-10-01T02:38:02.5332270-04:00","0.01","108.7","179.2","527","17"
"2026-10-01T02:38:07.5522498-04:00","0.019","108.7","179.2","527","17"
"2026-10-01T02:38:12.5611884-04:00","0.01","108.7","179.2","527","17"
"2026-10-01T02:38:17.5720566-04:00","0.019","108.7","179.2","527","17"
"2026-10-01T02:38:22.5851066-04:00","0.01","108.7","179.2","530","18"
"2026-10-01T02:38:27.6005065-04:00","0.01","108.7","179.2","530","18"
"2026-10-01T02:38:32.6134303-04:00","0.019","108.7","179.2","530","18"
"2026-10-01T02:38:37.6242266-04:00","0.01","108.7","179.2","530","18"
"2026-10-01T02:38:42.6305571-04:00","0.02","108.7","179.2","530","17"
"2026-10-01T02:38:47.6364986-04:00","0","108.7","179.2","530","17"
"2026-10-01T02:38:52.6437157-04:00","0.02","108.7","179.2","530","17"
"2026-10-01T02:38:57.6563267-04:00","0","108.7","179.2","530","17"
"2026-10-01T02:39:02.6669736-04:00","0.019","108.7","179.2","530","17"
"2026-10-01T02:39:07.6881789-04:00","0.01","108.7","179.2","530","17"
"2026-10-01T02:39:12.6953337-04:00","0.02","108.7","179.2","530","17"
"2026-10-01T02:39:17.7099949-04:00","0.01","108.7","179.2","530","17"
"2026-10-01T02:39:22.7163331-04:00","0","108.7","179.2","530","17"
"2026-10-01T02:39:27.7255936-04:00","0.019","108.7","179.2","530","17"
"2026-10-01T02:39:32.7390891-04:00","0.019","108.7","179.2","530","17"
"2026-10-01T02:39:37.7520696-04:00","0.01","108.7","179.2","530","17"
"2026-10-01T02:39:42.7603819-04:00","0.01","108.7","179.2","530","17"
"2026-10-01T02:39:47.7711437-04:00","0.019","108.7","179.2","530","17"
"2026-10-01T02:39:52.7877710-04:00","0.01","108.7","179.2","533","18"
"2026-10-01T02:39:57.8051150-04:00","0.01","108.7","179.2","533","18"
"2026-10-01T02:40:02.8175866-04:00","0.01","108.8","179.3","536","19"
"2026-10-01T02:40:07.8246674-04:00","0","108.8","179.3","533","18"
"2026-10-01T02:40:12.8355997-04:00","0.019","108.7","179.3","533","17"
"2026-10-01T02:40:17.8530068-04:00","0.019","108.7","179.3","533","17"
"2026-10-01T02:40:22.8643224-04:00","0.01","108.7","179.3","533","17"
"2026-10-01T02:40:27.8727937-04:00","0.01","108.7","179.3","533","17"
"2026-10-01T02:40:32.8865111-04:00","0.01","108.7","179.3","533","17"
"2026-10-01T02:40:37.8945939-04:00","0.019","108.7","179.3","533","17"
"2026-10-01T02:40:42.9048595-04:00","0.01","108.7","179.3","533","17"
"2026-10-01T02:40:47.9164947-04:00","0","108.7","179.3","533","17"
"2026-10-01T02:40:52.9285996-04:00","0.01","108.7","179.3","533","17"
"2026-10-01T02:40:57.9494602-04:00","0.01","108.7","179.3","533","17"
"2026-10-01T02:41:02.9615574-04:00","0.01","108.7","179.3","533","17"
"2026-10-01T02:41:07.9733846-04:00","0.019","108.7","179.3","533","17"
"2026-10-01T02:41:12.9805970-04:00","0.01","108.7","179.3","533","17"
"2026-10-01T02:41:17.9954581-04:00","0.01","108.7","179.3","533","17"
"2026-10-01T02:41:23.0091660-04:00","0.019","108.7","179.3","533","17"
"2026-10-01T02:41:28.0178032-04:00","0.019","108.7","179.3","533","17"
"2026-10-01T02:41:33.0304614-04:00","0.01","108.7","179.3","533","17"
"2026-10-01T02:41:38.0402054-04:00","0.01","108.7","179.3","533","17"
"2026-10-01T02:41:43.0561338-04:00","0.019","108.7","179.3","533","17"
"2026-10-01T02:41:48.0673887-04:00","0.01","108.7","179.3","533","17"
"2026-10-01T02:41:53.0859498-04:00","0.01","108.7","179.3","533","17"
"2026-10-01T02:41:58.0976924-04:00","0.01","109.6","180.1","536","18"
"2026-10-01T02:42:03.1109319-04:00","0.01","108.8","179.3","539","19"
"2026-10-01T02:42:08.1184136-04:00","0.01","108.8","179.3","536","18"
"2026-10-01T02:42:13.1276176-04:00","0","108.8","179.3","536","18"
"2026-10-01T02:42:18.1478651-04:00","0.01","108.7","179.3","536","17"
"2026-10-01T02:42:23.1669489-04:00","0","108.7","179.3","536","17"
"2026-10-01T02:42:28.1753594-04:00","0.01","108.7","179.3","536","17"
"2026-10-01T02:42:33.1943950-04:00","0","108.7","179.3","536","17"
"2026-10-01T02:42:38.2091428-04:00","0.01","108.7","179.3","536","17"
"2026-10-01T02:42:43.2290626-04:00","0.01","108.7","179.3","536","17"
"2026-10-01T02:42:48.2394636-04:00","0","108.7","179.3","536","17"
"2026-10-01T02:42:53.2504021-04:00","0.01","109","179.5","542","19"
"2026-10-01T02:42:58.2584644-04:00","0.01","108.9","179.4","539","18"
"2026-10-01T02:43:03.2686048-04:00","0","108.9","179.4","539","18"
"2026-10-01T02:43:08.2897008-04:00","0.029","108.9","179.4","539","18"
"2026-10-01T02:43:13.2996650-04:00","0","108.9","179.4","539","17"
"2026-10-01T02:43:18.3110214-04:00","0.019","108.9","179.4","539","17"
"2026-10-01T02:43:23.3220710-04:00","0.019","108.9","179.4","539","17"
"2026-10-01T02:43:28.3309587-04:00","0","108.9","179.4","539","17"
"2026-10-01T02:43:33.3484332-04:00","0.01","108.9","179.4","542","18"
"2026-10-01T02:43:38.3615822-04:00","0.029","108.9","179.4","542","18"
"2026-10-01T02:43:43.3741362-04:00","0.01","108.9","179.4","542","18"
"2026-10-01T02:43:48.3794698-04:00","0.01","108.9","179.4","542","18"
"2026-10-01T02:43:53.3846617-04:00","0.02","108.9","179.4","542","17"
"2026-10-01T02:43:58.3965893-04:00","0.01","108.9","179.4","542","17"
"2026-10-01T02:44:03.4073322-04:00","0.01","108.9","179.4","542","17"
"2026-10-01T02:44:08.4165356-04:00","0.029","108.9","179.4","542","17"
"2026-10-01T02:44:13.4276005-04:00","0.01","108.9","179.4","542","17"
"2026-10-01T02:44:18.4359531-04:00","0.01","109.3","179.9","548","19"
"2026-10-01T02:44:23.4484326-04:00","0.019","109.3","179.9","548","19"
"2026-10-01T02:44:28.4558218-04:00","0","108.1","179.1","545","18"
"2026-10-01T02:44:33.4658565-04:00","0.019","108.1","179.1","545","18"
"2026-10-01T02:44:38.4767940-04:00","0.01","108.3","179.2","548","18"
"2026-10-01T02:44:43.4947657-04:00","0","108.2","179.2","545","17"
"2026-10-01T02:44:48.5129178-04:00","0.01","108.2","179.2","545","17"
"2026-10-01T02:44:53.5221569-04:00","0.019","108.2","179.2","545","17"
"2026-10-01T02:44:58.5409778-04:00","0.019","108.2","179.2","545","17"
"2026-10-01T02:45:03.5525424-04:00","0.01","108.2","179.2","545","17"
"2026-10-01T02:45:08.5647212-04:00","0.01","108.2","179.2","545","17"
"2026-10-01T02:45:13.5760806-04:00","0.01","108.2","179.2","545","17"
"2026-10-01T02:45:18.5893368-04:00","0.01","108.2","179.2","545","17"
"2026-10-01T02:45:23.6147060-04:00","0.01","108.2","179.2","545","17"
"2026-10-01T02:45:28.6247516-04:00","0.01","108.2","179.2","545","17"
"2026-10-01T02:45:33.6376606-04:00","0","108.2","179.2","545","17"
"2026-10-01T02:45:38.6491822-04:00","0.01","108.2","179.2","545","17"
"2026-10-01T02:45:43.6638352-04:00","0.01","108.2","179.2","548","18"
"2026-10-01T02:45:48.6742963-04:00","0.019","108.2","179.2","548","18"
"2026-10-01T02:45:53.6868434-04:00","0","108.2","179.2","548","18"
"2026-10-01T02:45:58.6968468-04:00","0.019","108.2","179.2","548","18"
"2026-10-01T02:46:03.7077145-04:00","0.01","108.3","179.2","551","18"
"2026-10-01T02:46:08.7150490-04:00","0.01","108.2","179.2","548","17"
"2026-10-01T02:46:13.7257678-04:00","0.01","108.2","179.2","548","17"
"2026-10-01T02:46:18.7365130-04:00","0.01","108.2","179.2","548","17"
"2026-10-01T02:46:23.7561618-04:00","0.01","108.2","179.2","548","17"
"2026-10-01T02:46:28.7627911-04:00","0","108.2","179.2","548","17"
"2026-10-01T02:46:33.7757683-04:00","0.01","108.2","179.2","548","17"
"2026-10-01T02:46:38.7816226-04:00","0","108.2","179.2","548","17"
"2026-10-01T02:46:43.7946670-04:00","0.01","108.2","179.2","548","17"
"2026-10-01T02:46:48.8047494-04:00","0.01","108.2","179.2","548","17"
"2026-10-01T02:46:53.8240357-04:00","0","108.2","179.2","548","17"
"2026-10-01T02:46:58.8361903-04:00","0.01","108.2","179.2","548","17"
"2026-10-01T02:47:03.8449794-04:00","0.01","108.2","179.2","548","17"
"2026-10-01T02:47:08.8565606-04:00","0.01","108.2","179.2","548","17"
"2026-10-01T02:47:13.8684000-04:00","0.01","108.2","179.2","548","17"
"2026-10-01T02:47:18.8752418-04:00","0.01","108.2","179.2","548","17"
"2026-10-01T02:47:23.9122868-04:00","0.01","108.2","179.2","548","17"
"2026-10-01T02:47:28.9200270-04:00","0.01","108.2","179.2","548","17"
"2026-10-01T02:47:33.9362410-04:00","0","108.2","179.2","548","17"
"2026-10-01T02:47:38.9485133-04:00","0.01","108.2","179.2","548","17"
"2026-10-01T02:47:43.9563681-04:00","0.02","108.2","179.2","548","17"
"2026-10-01T02:47:48.9693420-04:00","0.019","108.2","179.2","548","17"
"2026-10-01T02:47:53.9841061-04:00","0.01","108.2","179.2","548","17"
"2026-10-01T02:47:58.9921638-04:00","0","108.2","179.2","548","17"
"2026-10-01T02:48:04.0079263-04:00","0.01","108.2","179.2","548","17"
"2026-10-01T02:48:09.0185957-04:00","0.01","108.2","179.2","548","17"
"2026-10-01T02:48:14.0258015-04:00","0","108.2","179.2","548","17"
"2026-10-01T02:48:19.0399996-04:00","0.019","108.3","179.2","551","18"
"2026-10-01T02:48:24.0523362-04:00","0.01","108.3","179.2","551","18"
"2026-10-01T02:48:29.0659649-04:00","0.01","108.3","179.2","551","18"
"2026-10-01T02:48:34.0749620-04:00","0.01","108.3","179.2","551","18"
"2026-10-01T02:48:39.0926136-04:00","0.019","108.2","179.2","551","17"
"2026-10-01T02:48:44.1011889-04:00","0","108.2","179.2","551","17"
"2026-10-01T02:48:49.1106043-04:00","0.01","108.2","179.2","551","17"
"2026-10-01T02:48:54.1163844-04:00","0","108.2","179.2","551","17"
"2026-10-01T02:48:59.1269747-04:00","0.01","108.3","179.2","554","18"
"2026-10-01T02:49:04.1389839-04:00","0.039","108.3","179.2","554","18"
"2026-10-01T02:49:09.1456157-04:00","0","108.3","179.2","554","18"
"2026-10-01T02:49:14.1530998-04:00","0.02","108.3","179.2","554","18"
"2026-10-01T02:49:19.1682104-04:00","0.01","108.2","179.2","554","17"
"2026-10-01T02:49:24.1802612-04:00","0.01","108.2","179.2","554","17"
"2026-10-01T02:49:29.1978577-04:00","0.01","108.2","179.2","554","17"
"2026-10-01T02:49:34.2118221-04:00","0.019","108.2","179.2","554","17"
"2026-10-01T02:49:39.2166093-04:00","0.029","108.2","179.2","554","17"
"2026-10-01T02:49:44.2263780-04:00","0.01","108.2","179.2","554","17"
"2026-10-01T02:49:49.2387582-04:00","0.01","108.2","179.2","554","17"
"2026-10-01T02:49:54.2530192-04:00","0.019","108.2","179.2","554","17"
"2026-10-01T02:49:59.2665210-04:00","0.01","108.2","179.2","554","17"
"2026-10-01T02:50:04.2812977-04:00","0.01","108.2","179.2","554","17"
"2026-10-01T02:50:09.2897984-04:00","0.01","108.2","179.2","554","17"
"2026-10-01T02:50:14.3108075-04:00","0.019","108.2","179.2","554","17"
"2026-10-01T02:50:19.3233391-04:00","0.01","108.2","179.2","554","17"
"2026-10-01T02:50:24.3397971-04:00","0.01","108.2","179.2","554","17"
"2026-10-01T02:50:29.3480733-04:00","0","108.2","179.2","554","17"
"2026-10-01T02:50:34.3568072-04:00","0.01","108.2","179.2","554","17"
"2026-10-01T02:50:39.3757084-04:00","0","108.2","179.2","554","17"
"2026-10-01T02:50:44.3896038-04:00","0.01","108.2","179.2","554","17"
"2026-10-01T02:50:49.4077134-04:00","0","108.2","179.2","554","17"
"2026-10-01T02:50:54.4139769-04:00","0.02","108.2","179.2","554","17"
"2026-10-01T02:50:59.4201437-04:00","0.01","108.2","179.2","554","17"
"2026-10-01T02:51:04.4291666-04:00","0.019","108.2","179.2","554","17"
"2026-10-01T02:51:09.4395292-04:00","0","108.2","179.2","554","17"
"2026-10-01T02:51:14.4505181-04:00","0.019","108.3","179.2","557","18"
"2026-10-01T02:51:19.4689488-04:00","0","108.3","179.2","557","18"
"2026-10-01T02:51:24.4775649-04:00","0.01","108.3","179.2","557","18"
"2026-10-01T02:51:29.4978130-04:00","0.019","108.3","179.2","557","18"
"2026-10-01T02:51:34.5150351-04:00","0.01","108.3","179.2","557","18"
"2026-10-01T02:51:39.5250770-04:00","0.019","108.3","179.2","557","18"
"2026-10-01T02:51:44.5352623-04:00","0.01","108.3","179.2","557","18"
"2026-10-01T02:51:49.5463101-04:00","0.01","108.3","179.2","557","18"
"2026-10-01T02:51:54.5593849-04:00","0.019","108.2","179.2","557","17"
"2026-10-01T02:51:59.5675758-04:00","0.019","108.2","179.2","557","17"
"2026-10-01T02:52:04.5727321-04:00","0.02","108.2","179.2","557","17"
"2026-10-01T02:52:09.5842199-04:00","0.01","108.2","179.2","557","17"
"2026-10-01T02:52:14.5907062-04:00","0.01","108.2","179.2","557","17"
"2026-10-01T02:52:19.6007395-04:00","0.01","108.2","179.2","557","17"
"2026-10-01T02:52:24.6121508-04:00","0.01","108.2","179.2","557","17"
"2026-10-01T02:52:29.6198595-04:00","0.01","108.2","179.2","557","17"
"2026-10-01T02:52:34.6310752-04:00","0.01","108.2","179.2","557","17"
"2026-10-01T02:52:39.6422790-04:00","0.01","108.2","179.2","557","17"
"2026-10-01T02:52:44.6537605-04:00","0.029","108.2","179.2","557","17"
"2026-10-01T02:52:49.6727872-04:00","0","108.2","179.2","557","17"
"2026-10-01T02:52:54.6787703-04:00","0.029","108.2","179.2","557","17"
"2026-10-01T02:52:59.6897131-04:00","0.01","108.2","179.2","557","17"
"2026-10-01T02:53:04.7179120-04:00","0.019","108.2","179.2","557","17"
"2026-10-01T02:53:09.7270776-04:00","0.019","108.2","179.2","557","17"
"2026-10-01T02:53:14.7347985-04:00","0.01","108.3","179.2","560","18"
"2026-10-01T02:53:19.7495388-04:00","0.01","108.3","179.2","560","18"
"2026-10-01T02:53:24.7698698-04:00","0.019","108.3","179.2","560","18"
"2026-10-01T02:53:29.7783318-04:00","0","108.3","179.2","560","18"
"2026-10-01T02:53:34.7857469-04:00","0.029","108.3","179.2","560","18"
"2026-10-01T02:53:39.7961112-04:00","0","108.3","179.2","560","18"
"2026-10-01T02:53:44.8026137-04:00","0.02","108.3","179.2","560","18"
"2026-10-01T02:53:49.8164066-04:00","0.01","108.3","179.2","560","18"
"2026-10-01T02:53:54.8264112-04:00","0.01","108.3","179.2","560","18"
"2026-10-01T02:53:59.8370738-04:00","0.01","108.3","179.2","560","18"
"2026-10-01T02:54:04.8451274-04:00","0.01","108.3","179.2","560","18"
"2026-10-01T02:54:09.8577455-04:00","0","108.3","179.2","560","18"
"2026-10-01T02:54:14.8737203-04:00","0.019","108.2","179.2","560","17"
"2026-10-01T02:54:19.8827273-04:00","0.01","108.2","179.2","560","17"
"2026-10-01T02:54:24.8894260-04:00","0.01","108.2","179.2","560","17"
"2026-10-01T02:54:29.9098099-04:00","0.019","108.2","179.2","560","17"
"2026-10-01T02:54:34.9172859-04:00","0","108.3","179.2","563","18"
"2026-10-01T02:54:39.9334463-04:00","0.01","108.3","179.2","563","18"
"2026-10-01T02:54:44.9407843-04:00","0.02","108.3","179.2","563","18"
"2026-10-01T02:54:49.9529163-04:00","0.01","108.3","179.2","563","18"
"2026-10-01T02:54:54.9729267-04:00","0.01","108.3","179.2","563","18"
"2026-10-01T02:54:59.9803110-04:00","0","108.3","179.2","563","18"
"2026-10-01T02:55:04.9903322-04:00","0.01","108.3","179.2","563","18"
"2026-10-01T02:55:10.0006992-04:00","0.01","108.2","179.2","563","17"
"2026-10-01T02:55:15.0135063-04:00","0.01","108.2","179.2","563","17"
"2026-10-01T02:55:20.0252838-04:00","0","108.2","179.2","563","17"
"2026-10-01T02:55:25.0331207-04:00","0.029","108.2","179.2","563","17"
"2026-10-01T02:55:30.0448881-04:00","0.01","108.2","179.2","563","17"
"2026-10-01T02:55:35.0516405-04:00","0.01","108.2","179.2","563","17"
"2026-10-01T02:55:40.0600942-04:00","0.019","108.2","179.2","563","17"
"2026-10-01T02:55:45.0807479-04:00","0.01","108.2","179.2","563","17"
"2026-10-01T02:55:50.0927984-04:00","0.01","109","180","563","17"
"2026-10-01T02:55:55.1028728-04:00","0.01","108.2","179.2","563","17"
"2026-10-01T02:56:00.1138259-04:00","0.01","108.2","179.2","563","17"
"2026-10-01T02:56:05.1231621-04:00","0.019","108.2","179.2","563","17"
"2026-10-01T02:56:10.1362335-04:00","0.019","108.3","179.2","566","18"
"2026-10-01T02:56:15.1446293-04:00","0","108.3","179.2","566","18"
"2026-10-01T02:56:20.1647090-04:00","0.019","108.3","179.2","566","18"
"2026-10-01T02:56:25.1720111-04:00","0.01","108.3","179.2","566","18"
"2026-10-01T02:56:30.1825082-04:00","0.01","108.2","179.2","566","17"
"2026-10-01T02:56:35.1911993-04:00","0.01","108.2","179.2","566","17"
"2026-10-01T02:56:40.2069368-04:00","0.01","108.2","179.2","566","17"
"2026-10-01T02:56:45.2158552-04:00","0.019","108.3","179.2","569","18"
"2026-10-01T02:56:50.2224260-04:00","0","108.3","179.2","569","18"
"2026-10-01T02:56:55.2315937-04:00","0.019","108.3","179.2","569","18"
"2026-10-01T02:57:00.2407545-04:00","0.01","108.3","179.3","572","19"
"2026-10-01T02:57:05.2472622-04:00","0.02","108.3","179.2","569","18"
"2026-10-01T02:57:10.2592247-04:00","0.01","108.2","179.2","569","17"
"2026-10-01T02:57:15.2727817-04:00","0.01","108.2","179.2","569","17"
"2026-10-01T02:57:20.2871313-04:00","0.019","108.2","179.2","569","17"
"2026-10-01T02:57:25.2925041-04:00","0.02","108.2","179.2","569","17"
"2026-10-01T02:57:30.3035022-04:00","0.01","108.2","179.2","569","17"
"2026-10-01T02:57:35.3141892-04:00","0","108.2","179.2","569","17"
"2026-10-01T02:57:40.3260919-04:00","0.01","108.2","179.2","569","17"
"2026-10-01T02:57:45.3418269-04:00","0.01","108.2","179.2","569","17"
"2026-10-01T02:57:50.3501368-04:00","0.01","108.2","179.2","569","17"
"2026-10-01T02:57:55.3586272-04:00","0","108.2","179.2","569","17"
"2026-10-01T02:58:00.3665736-04:00","0.02","108.3","179.2","572","18"
"2026-10-01T02:58:05.3814149-04:00","0.01","108.3","179.2","572","18"
"2026-10-01T02:58:10.3905986-04:00","0.01","108.3","179.2","572","18"
"2026-10-01T02:58:15.4043549-04:00","0.01","108.3","179.2","572","18"
"2026-10-01T02:58:20.4119084-04:00","0.01","108.2","179.2","572","17"
"2026-10-01T02:58:25.4315928-04:00","0.029","108.2","179.2","572","17"
"2026-10-01T02:58:30.4452744-04:00","0.019","108.2","179.2","572","17"
"2026-10-01T02:58:35.4609401-04:00","0.01","108.2","179.2","572","17"
"2026-10-01T02:58:40.4664540-04:00","0.01","108.2","179.2","572","17"
"2026-10-01T02:58:45.4893625-04:00","0.01","108.2","179.2","572","17"
"2026-10-01T02:58:50.4970318-04:00","0.02","108.2","179.2","572","17"
"2026-10-01T02:58:55.5136059-04:00","0.019","108.2","179.2","572","17"
"2026-10-01T02:59:00.5196571-04:00","0.01","108.2","179.2","572","17"
"2026-10-01T02:59:05.5283470-04:00","0.01","108.2","179.2","572","17"
"2026-10-01T02:59:10.5380667-04:00","0.019","108.2","179.2","572","17"
"2026-10-01T02:59:15.5452235-04:00","0","108.2","179.2","572","17"
"2026-10-01T02:59:20.5637126-04:00","0.01","108.2","179.2","572","17"
"2026-10-01T02:59:25.5779002-04:00","0.01","108.2","179.2","572","17"
"2026-10-01T02:59:30.5915781-04:00","0","108.2","179.2","572","17"
"2026-10-01T02:59:35.6000105-04:00","0.019","108.2","179.2","572","17"
"2026-10-01T02:59:40.6123429-04:00","0.01","108.2","179.2","572","17"
"2026-10-01T02:59:45.6248537-04:00","0","108.2","179.2","572","17"
"2026-10-01T02:59:50.6425665-04:00","0.01","108.5","179.4","578","19"
"2026-10-01T02:59:55.6533072-04:00","0.01","108.4","179.3","536","18"
"2026-10-01T03:00:00.6617187-04:00","0.019","108.4","179.3","536","18"
"2026-10-01T03:00:05.6846703-04:00","0","108.4","179.3","536","18"
"2026-10-01T03:00:10.6915540-04:00","0.02","108.4","179.3","536","17"
"2026-10-01T03:00:15.6970621-04:00","0.01","108.4","179.3","536","17"
"2026-10-01T03:00:20.7118329-04:00","0.058","108.4","179.3","536","17"
"2026-10-01T03:00:25.7171789-04:00","0.02","108.4","179.3","536","17"
"2026-10-01T03:00:30.7250735-04:00","0.02","108.4","179.3","536","17"
"2026-10-01T03:00:35.7388886-04:00","0.01","108.4","179.3","536","17"
"2026-10-01T03:00:40.7479549-04:00","0.019","108.4","179.3","539","18"
"2026-10-01T03:00:45.7641000-04:00","0.01","108.4","179.3","539","18"
"2026-10-01T03:00:50.7769340-04:00","0.01","108.4","179.3","539","18"
"2026-10-01T03:00:55.7913711-04:00","0.01","108.4","179.3","539","18"
"2026-10-01T03:01:00.8021954-04:00","0.01","108.4","179.3","539","18"
"2026-10-01T03:01:05.8193454-04:00","0","108.4","179.3","539","18"
"2026-10-01T03:01:10.8258822-04:00","0.01","108.4","179.3","539","17"
"2026-10-01T03:01:15.8352724-04:00","0.019","108.4","179.3","542","18"
"2026-10-01T03:01:20.8771455-04:00","0.019","109.6","180.4","545","19"
"2026-10-01T03:01:25.8890259-04:00","0.01","108.9","179.6","542","18"
"2026-10-01T03:01:30.8961106-04:00","0.01","108.9","179.6","542","18"
"2026-10-01T03:01:35.9108904-04:00","0.01","108.8","179.6","542","17"
"2026-10-01T03:01:40.9220332-04:00","0.01","108.8","179.6","542","17"
"2026-10-01T03:01:45.9479423-04:00","0.019","108.8","179.6","542","17"
"2026-10-01T03:01:50.9776272-04:00","0.068","108.8","179.6","542","17"
"2026-10-01T03:01:55.9941136-04:00","0","108.8","179.6","542","17"
"2026-10-01T03:02:01.0038725-04:00","0.019","108.8","179.6","542","17"
"2026-10-01T03:02:06.0104877-04:00","0.01","108.8","179.6","542","17"
"2026-10-01T03:02:11.0189363-04:00","0.107","108.8","179.6","542","17"
"2026-10-01T03:02:16.0261431-04:00","0","108.8","179.6","542","17"
"2026-10-01T03:02:21.0316653-04:00","0.029","108.8","179.6","542","17"
"2026-10-01T03:02:26.0408823-04:00","0","108.8","179.6","542","17"
"2026-10-01T03:02:31.0526797-04:00","0.019","108.8","179.6","542","17"
"2026-10-01T03:02:36.0620088-04:00","0.019","108.8","179.6","542","17"
"2026-10-01T03:02:41.0741360-04:00","0.01","108.8","179.6","542","17"
"2026-10-01T03:02:46.0814680-04:00","0.01","108.8","179.6","542","17"
"2026-10-01T03:02:51.1017807-04:00","0","108.8","179.6","542","17"
"2026-10-01T03:02:56.1095839-04:00","0.02","108.8","179.6","542","17"
"2026-10-01T03:03:01.1291154-04:00","0","108.8","179.6","542","17"
"2026-10-01T03:03:06.1424763-04:00","0.01","108.8","179.6","542","17"
"2026-10-01T03:03:11.1565034-04:00","0.01","108.8","179.6","542","17"
"2026-10-01T03:03:16.1690031-04:00","0.019","108.8","179.6","542","17"
"2026-10-01T03:03:21.1851138-04:00","0.01","108.8","179.6","542","17"
"2026-10-01T03:03:26.1929517-04:00","0","108.8","179.6","542","17"
"2026-10-01T03:03:31.2075487-04:00","0","108.8","179.6","542","17"
"2026-10-01T03:03:36.2133401-04:00","0.02","108.8","179.6","542","17"
"2026-10-01T03:03:41.2302087-04:00","0.01","108.9","179.6","545","18"
"2026-10-01T03:03:46.2398918-04:00","0.019","108.9","179.6","545","18"
"2026-10-01T03:03:51.2493264-04:00","0.019","108.9","179.6","545","18"
"2026-10-01T03:03:56.2596540-04:00","0.01","108.9","179.6","545","18"
"2026-10-01T03:04:01.2707310-04:00","0","108.9","179.6","545","18"
"2026-10-01T03:04:06.2807159-04:00","0.01","108.9","179.6","545","18"
"2026-10-01T03:04:11.2907384-04:00","0.01","108.8","179.6","545","17"
"2026-10-01T03:04:16.3104001-04:00","0.01","108.8","179.6","545","17"
"2026-10-01T03:04:21.3221857-04:00","0.019","108.8","179.6","545","17"
"2026-10-01T03:04:26.3395977-04:00","0.019","108.8","179.6","545","17"
"2026-10-01T03:04:31.3622332-04:00","0","108.8","179.6","545","17"
"2026-10-01T03:04:36.3792817-04:00","0.019","108.8","179.6","545","17"
"2026-10-01T03:04:41.3909734-04:00","0.01","108.8","179.6","545","17"
"2026-10-01T03:04:46.4017908-04:00","0.019","108.8","179.6","545","17"
"2026-10-01T03:04:51.4179472-04:00","0.01","108.8","179.6","545","17"
"2026-10-01T03:04:56.4383721-04:00","0","108.8","179.6","545","17"
"2026-10-01T03:05:01.4456859-04:00","0.02","108.9","179.6","548","18"
"2026-10-01T03:05:06.4592931-04:00","0.01","108.9","179.6","548","18"
"2026-10-01T03:05:11.4693121-04:00","0","108.9","179.6","548","18"
"2026-10-01T03:05:16.4783302-04:00","0.019","108.9","179.6","548","18"
"2026-10-01T03:05:21.4903496-04:00","0","108.9","179.6","548","18"
"2026-10-01T03:05:26.5001216-04:00","0.01","108.9","179.6","548","18"
"2026-10-01T03:05:31.5190797-04:00","0.01","108.9","179.6","548","18"
"2026-10-01T03:05:36.5258965-04:00","0.039","108.8","179.6","548","17"
"2026-10-01T03:05:41.5438037-04:00","0.049","109.6","180.6","551","18"
"2026-10-01T03:05:46.5564098-04:00","0.068","108.1","179.2","548","17"
"2026-10-01T03:05:51.5673369-04:00","0.01","108.2","179.3","551","18"
"2026-10-01T03:05:56.5917675-04:00","0.019","108.2","179.3","548","17"
"2026-10-01T03:06:01.6029315-04:00","0.019","108.2","179.3","548","17"
"2026-10-01T03:06:06.6110011-04:00","0.01","108.2","179.3","548","17"
"2026-10-01T03:06:11.6183695-04:00","0.02","108.2","179.3","548","17"
"2026-10-01T03:06:16.6319304-04:00","0.01","108.2","179.3","548","17"
"2026-10-01T03:06:21.6396626-04:00","0","108.2","179.3","548","17"
"2026-10-01T03:06:26.6496307-04:00","0.01","108.2","179.3","548","17"
"2026-10-01T03:06:31.6645099-04:00","0.019","108.2","179.3","548","17"
"2026-10-01T03:06:36.6748019-04:00","0.01","108.2","179.3","548","17"
"2026-10-01T03:06:41.6906809-04:00","0.019","108.2","179.3","548","17"
"2026-10-01T03:06:46.7081224-04:00","0.078","109.8","180.7","551","18"
"2026-10-01T03:06:51.7341365-04:00","0.039","108.8","179.8","548","17"
"2026-10-01T03:06:56.7424553-04:00","0.01","108.8","179.8","548","17"
"2026-10-01T03:07:01.7596246-04:00","0","108.8","179.8","548","17"
"2026-10-01T03:07:06.7709572-04:00","0.01","108.8","179.8","548","17"
"2026-10-01T03:07:11.7780881-04:00","0","108.8","179.8","548","17"
"2026-10-01T03:07:16.7873236-04:00","0.019","108.8","179.8","548","17"
"2026-10-01T03:07:21.7980028-04:00","0.01","108.9","179.8","551","18"
"2026-10-01T03:07:26.8070662-04:00","0.01","108.9","179.8","551","18"
"2026-10-01T03:07:31.8140219-04:00","0.01","108.9","179.8","551","18"
"2026-10-01T03:07:36.8239183-04:00","0.01","108.9","179.8","551","18"
"2026-10-01T03:07:41.8328352-04:00","0.019","108.8","179.8","551","17"
"2026-10-01T03:07:46.8445918-04:00","0.01","108.8","179.8","551","17"
"2026-10-01T03:07:51.8541760-04:00","0","108.8","179.8","551","17"
"2026-10-01T03:07:56.8622967-04:00","0.019","108.8","179.8","551","17"
"2026-10-01T03:08:01.8700403-04:00","0.01","108.8","179.8","551","17"
"2026-10-01T03:08:06.8755871-04:00","0.02","108.8","179.8","551","17"
"2026-10-01T03:08:11.8872578-04:00","0","108.8","179.8","551","17"
"2026-10-01T03:08:16.9040386-04:00","0.117","108.8","179.8","551","17"
"2026-10-01T03:08:21.9129470-04:00","0.01","108.8","179.8","551","17"
"2026-10-01T03:08:26.9208076-04:00","0.02","108.8","179.8","551","17"
"2026-10-01T03:08:31.9326148-04:00","0.01","108.8","179.8","551","17"
"2026-10-01T03:08:36.9494971-04:00","0.01","108.8","179.8","551","17"
"2026-10-01T03:08:41.9624337-04:00","0.01","108.8","179.8","551","17"
"2026-10-01T03:08:46.9689880-04:00","0.029","108.8","179.8","551","17"
"2026-10-01T03:08:51.9788811-04:00","0","108.9","179.8","554","18"
"2026-10-01T03:08:56.9891432-04:00","0.019","108.9","179.8","554","18"
"2026-10-01T03:09:02.0034201-04:00","0.01","108.9","179.8","554","18"
"2026-10-01T03:09:07.0094347-04:00","0","108.9","179.8","554","18"
"2026-10-01T03:09:12.0176727-04:00","0.01","108.8","179.8","554","17"
"2026-10-01T03:09:17.0243773-04:00","0","108.8","179.8","554","17"
"2026-10-01T03:09:22.0405678-04:00","0.01","108.8","179.8","554","17"
"2026-10-01T03:09:27.0560897-04:00","0.029","108.8","179.8","554","17"
"2026-10-01T03:09:32.0751044-04:00","0.019","108.8","179.8","554","17"
"2026-10-01T03:09:37.0902118-04:00","0.019","108.8","179.8","554","17"
"2026-10-01T03:09:42.1108509-04:00","0.097","108.8","179.8","554","17"
"2026-10-01T03:09:47.1217761-04:00","0.01","108.8","179.8","554","17"
"2026-10-01T03:09:52.1392132-04:00","0.01","108.8","179.8","554","17"
"2026-10-01T03:09:57.1491581-04:00","0.01","108.8","179.8","554","17"
"2026-10-01T03:10:02.1646839-04:00","0.01","108.8","179.8","554","17"
"2026-10-01T03:10:07.1737613-04:00","0.01","108.8","179.8","554","17"
"2026-10-01T03:10:12.1954937-04:00","0.01","108.8","179.8","554","17"
"2026-10-01T03:10:17.2046586-04:00","0.01","108.8","179.8","554","17"
"2026-10-01T03:10:22.2185768-04:00","0.01","108.8","179.8","554","17"
"2026-10-01T03:10:27.2320291-04:00","0.019","108.8","179.8","554","17"
"2026-10-01T03:10:32.2425679-04:00","0.01","108.8","179.8","554","17"
"2026-10-01T03:10:37.2547905-04:00","0","108.8","179.8","554","17"
"2026-10-01T03:10:42.2640729-04:00","0.029","109.6","180.5","557","18"
"2026-10-01T03:10:47.2910395-04:00","0.087","108.8","179.8","554","17"
"2026-10-01T03:10:52.3070376-04:00","0.029","108.8","179.8","554","17"
"2026-10-01T03:10:57.3220843-04:00","0.01","108.8","179.8","554","17"
"2026-10-01T03:11:02.3337376-04:00","0.01","108.8","179.8","554","17"
"2026-10-01T03:11:07.3494752-04:00","0","108.8","179.8","554","17"
"2026-10-01T03:11:12.3604516-04:00","0.01","108.8","179.8","554","17"
"2026-10-01T03:11:17.3672480-04:00","0.01","108.8","179.8","554","17"
"2026-10-01T03:11:22.3779738-04:00","0.01","108.8","179.8","554","17"
"2026-10-01T03:11:27.3883124-04:00","0.01","108.8","179.8","554","17"
"2026-10-01T03:11:32.4081636-04:00","0","108.8","179.8","554","17"
"2026-10-01T03:11:37.4184605-04:00","0.01","108.8","179.8","554","17"
"2026-10-01T03:11:42.4268591-04:00","0.019","108.8","179.8","554","17"
"2026-10-01T03:11:47.4358120-04:00","0.01","108.8","179.8","554","17"
"2026-10-01T03:11:52.4531982-04:00","0","108.8","179.8","554","17"
"2026-10-01T03:11:57.4768921-04:00","0.01","108.8","179.8","554","17"
"2026-10-01T03:12:02.4905631-04:00","0.01","108.8","179.8","554","17"
"2026-10-01T03:12:07.5155866-04:00","0.01","108.8","179.8","554","17"
"2026-10-01T03:12:12.5233695-04:00","0.02","108.8","179.8","554","17"
"2026-10-01T03:12:17.5305840-04:00","0","108.8","179.8","554","17"
"2026-10-01T03:12:22.5406768-04:00","0.01","108.8","179.8","554","17"
"2026-10-01T03:12:27.5502632-04:00","0.01","108.8","179.8","554","17"
"2026-10-01T03:12:32.5573702-04:00","0.01","108.8","179.8","554","17"
"2026-10-01T03:12:37.5693346-04:00","0.019","108.8","179.8","554","17"
"2026-10-01T03:12:42.5783757-04:00","0.019","108.8","179.8","554","17"
"2026-10-01T03:12:47.5930334-04:00","0.01","108.8","179.8","554","17"
"2026-10-01T03:12:52.6026526-04:00","0.019","108.8","179.8","554","17"
"2026-10-01T03:12:57.6211146-04:00","0.019","108.8","179.8","554","17"
"2026-10-01T03:13:02.6347168-04:00","0.01","108.8","179.8","554","17"
"2026-10-01T03:13:07.6455751-04:00","0.01","108.8","179.8","554","17"
"2026-10-01T03:13:12.6522400-04:00","0.02","108.8","179.9","557","18"
"2026-10-01T03:13:17.6615365-04:00","0.019","108.8","179.9","557","18"
"2026-10-01T03:13:22.6790613-04:00","0","108.8","179.9","557","18"
"2026-10-01T03:13:27.6888239-04:00","0.01","108.8","179.9","557","18"
"2026-10-01T03:13:32.7084378-04:00","0.039","108.8","179.9","557","18"
"2026-10-01T03:13:37.7194409-04:00","0.01","108.8","179.9","557","18"
"2026-10-01T03:13:42.7315504-04:00","0.019","108.8","179.9","557","18"
"2026-10-01T03:13:47.7513044-04:00","0.01","108.8","179.9","557","18"
"2026-10-01T03:13:52.7599034-04:00","0.01","108.8","179.8","557","17"
"2026-10-01T03:13:57.7657844-04:00","0.01","108.8","179.8","557","17"
"2026-10-01T03:14:02.7740779-04:00","0.019","108.8","179.8","557","17"
"2026-10-01T03:14:07.7894986-04:00","0.01","108.8","179.9","560","18"
"2026-10-01T03:14:12.8058686-04:00","0","108.8","179.9","560","18"
"2026-10-01T03:14:17.8166192-04:00","0.01","108.8","179.9","560","18"
"2026-10-01T03:14:22.8267397-04:00","0.01","108.8","179.9","560","18"
"2026-10-01T03:14:27.8408335-04:00","0.01","108.8","179.8","560","17"
"2026-10-01T03:14:32.8811414-04:00","0.019","108.8","179.8","560","17"
"2026-10-01T03:14:37.8932358-04:00","0.01","108.8","179.8","560","17"
"2026-10-01T03:14:42.9035893-04:00","0.01","108.8","179.8","560","17"
"2026-10-01T03:14:47.9166957-04:00","0.01","108.8","179.8","560","17"
"2026-10-01T03:14:52.9288250-04:00","0.01","108.8","179.8","560","17"
"2026-10-01T03:14:57.9364710-04:00","0","108.8","179.8","560","17"
"2026-10-01T03:15:02.9470654-04:00","0.01","108.8","179.8","560","17"
"2026-10-01T03:15:07.9578741-04:00","0.019","108.8","179.8","560","17"
"2026-10-01T03:15:12.9765251-04:00","0","108.8","179.8","560","17"
"2026-10-01T03:15:17.9887364-04:00","0.01","108.8","179.8","560","17"
"2026-10-01T03:15:23.0091814-04:00","0.01","108.8","179.8","560","17"
"2026-10-01T03:15:28.0213927-04:00","0.019","108.8","179.8","560","17"
"2026-10-01T03:15:33.0366002-04:00","0.019","108.8","179.8","560","17"
"2026-10-01T03:15:38.0458728-04:00","0.019","108.8","179.8","560","17"
"2026-10-01T03:15:43.0587508-04:00","0.01","108.8","179.8","560","17"
"2026-10-01T03:15:48.0693066-04:00","0.01","108.8","179.9","563","18"
"2026-10-01T03:15:53.0804916-04:00","0.01","108.8","179.9","563","18"
"2026-10-01T03:15:58.0862209-04:00","0.01","109.6","180.7","563","18"
"2026-10-01T03:16:03.0961110-04:00","0.019","108.8","179.9","563","18"
"2026-10-01T03:16:08.1074397-04:00","0.019","108.8","179.9","563","17"
"2026-10-01T03:16:13.1255339-04:00","0.01","108.8","179.9","563","17"
"2026-10-01T03:16:18.1316260-04:00","0.01","108.8","179.9","563","17"
"2026-10-01T03:16:23.1416395-04:00","0.01","108.8","179.9","563","17"
"2026-10-01T03:16:28.1625064-04:00","0.01","108.8","179.9","563","17"
"2026-10-01T03:16:33.1714274-04:00","0.019","108.8","179.9","563","17"
"2026-10-01T03:16:38.1805668-04:00","0.019","108.8","179.9","563","17"
"2026-10-01T03:16:43.2009144-04:00","0.019","108.8","179.9","563","17"
"2026-10-01T03:16:48.2171335-04:00","0","108.8","179.9","563","17"
"2026-10-01T03:16:53.2262640-04:00","0.01","108.8","179.9","563","17"
"2026-10-01T03:16:58.2449752-04:00","0.029","108.8","179.9","563","17"
"2026-10-01T03:17:03.2580486-04:00","0.01","108.8","179.9","563","17"
"2026-10-01T03:17:08.2764760-04:00","0.029","108.8","179.9","563","17"
"2026-10-01T03:17:13.2906233-04:00","0.01","108.8","179.9","563","17"
"2026-10-01T03:17:18.3033130-04:00","0.01","108.8","179.9","563","17"
"2026-10-01T03:17:23.3103137-04:00","0.01","108.8","179.9","563","17"
"2026-10-01T03:17:28.3161207-04:00","0","108.8","179.9","563","17"
"2026-10-01T03:17:33.3254754-04:00","0.019","108.8","179.9","563","17"
"2026-10-01T03:17:38.3450198-04:00","0","108.8","179.9","563","17"
"2026-10-01T03:17:43.3627977-04:00","0.01","108.8","179.9","563","17"
"2026-10-01T03:17:48.3703315-04:00","0.029","108.8","179.9","563","17"
"2026-10-01T03:17:53.3765280-04:00","0","108.8","179.9","563","17"
"2026-10-01T03:17:58.3892510-04:00","0.019","108.8","179.9","563","17"
"2026-10-01T03:18:03.3972555-04:00","0.01","108.8","179.9","563","17"
"2026-10-01T03:18:08.4147607-04:00","0.029","108.9","179.9","566","18"
"2026-10-01T03:18:13.4359430-04:00","0","108.9","179.9","569","19"
"2026-10-01T03:18:18.4502686-04:00","0.01","108.9","179.9","566","18"
"2026-10-01T03:18:23.4612223-04:00","0.01","108.9","179.9","566","18"
"2026-10-01T03:18:28.4745177-04:00","0.01","108.8","179.9","566","17"
"2026-10-01T03:18:33.4913807-04:00","0.01","108.8","179.9","566","17"
"2026-10-01T03:18:38.5084032-04:00","0.019","108.8","179.9","566","17"
"2026-10-01T03:18:43.5201468-04:00","0.01","108.8","179.9","566","17"
"2026-10-01T03:18:48.5317659-04:00","0.019","108.8","179.9","566","17"
"2026-10-01T03:18:53.5408510-04:00","0.019","108.8","179.9","566","17"
"2026-10-01T03:18:58.5492710-04:00","0.01","108.8","179.9","566","17"
"2026-10-01T03:19:03.5598703-04:00","0.01","108.8","179.9","566","17"
"2026-10-01T03:19:08.5716755-04:00","0.019","108.8","179.9","566","17"
"2026-10-01T03:19:13.5779298-04:00","0.01","108.8","179.9","566","17"
"2026-10-01T03:19:18.5887020-04:00","0.019","108.8","179.9","566","17"
"2026-10-01T03:19:23.5998931-04:00","0.019","108.8","179.9","566","17"
"2026-10-01T03:19:28.6082010-04:00","0.01","108.9","179.9","569","18"
"2026-10-01T03:19:33.6160689-04:00","0.02","108.9","179.9","569","18"
"2026-10-01T03:19:38.6278056-04:00","0.01","108.9","179.9","569","18"
"2026-10-01T03:19:43.6408060-04:00","0","108.9","179.9","569","18"
"2026-10-01T03:19:48.6477716-04:00","0.029","108.9","179.9","569","18"
"2026-10-01T03:19:53.6604098-04:00","0.01","108.9","179.9","569","18"
"2026-10-01T03:19:58.6687925-04:00","0.01","108.9","179.9","569","18"
"2026-10-01T03:20:03.6787395-04:00","0.019","108.9","179.9","569","18"
"2026-10-01T03:20:08.6858088-04:00","0.01","108.8","179.9","569","17"
"2026-10-01T03:20:13.6920726-04:00","0.02","108.8","179.9","569","17"
"2026-10-01T03:20:18.7047245-04:00","0.01","108.8","179.9","569","17"
"2026-10-01T03:20:23.7131541-04:00","0.01","108.8","179.9","569","17"
"2026-10-01T03:20:28.7247729-04:00","0.019","108.8","179.9","569","17"
"2026-10-01T03:20:33.7438245-04:00","0","108.8","179.9","569","17"
"2026-10-01T03:20:38.7546849-04:00","0.01","108.8","179.9","569","17"
"2026-10-01T03:20:43.7684363-04:00","0.01","108.8","179.9","569","17"
"2026-10-01T03:20:48.7797484-04:00","0.019","108.9","179.9","572","18"
"2026-10-01T03:20:53.7988605-04:00","0.019","108.9","179.9","572","18"
"2026-10-01T03:20:58.8132182-04:00","0.019","108.9","179.9","572","18"
"2026-10-01T03:21:03.8336906-04:00","0.01","108.9","179.9","572","18"
"2026-10-01T03:21:08.8416026-04:00","0","108.8","179.9","572","17"
"2026-10-01T03:21:13.8545903-04:00","0.01","108.8","179.9","572","17"
"2026-10-01T03:21:18.8720341-04:00","0.029","108.8","179.9","572","17"
"2026-10-01T03:21:23.8815191-04:00","0.019","108.8","179.9","572","17"
"2026-10-01T03:21:28.8905773-04:00","0.01","108.8","179.9","572","17"
"2026-10-01T03:21:33.9053483-04:00","0","108.8","179.9","572","17"
"2026-10-01T03:21:38.9117186-04:00","0.02","108.8","179.9","572","17"
"2026-10-01T03:21:43.9263901-04:00","0.01","108.9","179.9","575","18"
"2026-10-01T03:21:48.9354067-04:00","0.01","108.9","179.9","575","18"
"2026-10-01T03:21:53.9456967-04:00","0.01","108.9","179.9","575","18"
"2026-10-01T03:21:58.9563712-04:00","0.01","108.9","179.9","575","18"
"2026-10-01T03:22:03.9706933-04:00","0.01","108.9","179.9","575","18"
"2026-10-01T03:22:08.9836645-04:00","0.01","108.8","179.9","575","17"
"2026-10-01T03:22:13.9926979-04:00","0","108.8","179.9","575","17"
"2026-10-01T03:22:19.0019254-04:00","0.019","108.8","179.9","575","17"
"2026-10-01T03:22:24.0138781-04:00","0","108.8","179.9","575","17"
"2026-10-01T03:22:29.0216979-04:00","0.02","108.8","179.9","575","17"
"2026-10-01T03:22:34.0347514-04:00","0.019","108.8","179.9","575","17"
"2026-10-01T03:22:39.0462731-04:00","0.01","108.8","179.9","575","17"
"2026-10-01T03:22:44.0633817-04:00","0","108.8","179.9","575","17"
"2026-10-01T03:22:49.0732320-04:00","0.01","108.9","179.9","578","18"
"2026-10-01T03:22:54.0837654-04:00","0.01","109.7","180.7","578","18"
"2026-10-01T03:22:59.0992735-04:00","0.01","108.9","179.9","578","18"
"2026-10-01T03:23:04.1156810-04:00","0.01","108.8","179.9","578","17"
"2026-10-01T03:23:09.1264821-04:00","0.019","108.8","179.9","578","17"
"2026-10-01T03:23:14.1406246-04:00","0.01","108.8","179.9","578","17"
"2026-10-01T03:23:19.1549748-04:00","0.01","108.8","179.9","578","17"
"2026-10-01T03:23:24.1612124-04:00","0","108.8","179.9","578","17"
"2026-10-01T03:23:29.1757157-04:00","0.01","108.8","179.9","578","17"
"2026-10-01T03:23:34.1852465-04:00","0.039","108.8","179.9","578","17"
"2026-10-01T03:23:39.1969841-04:00","0.01","108.8","179.9","578","17"
"2026-10-01T03:23:44.2096848-04:00","0.019","108.8","179.9","578","17"
"2026-10-01T03:23:49.2216508-04:00","0.01","108.9","179.9","581","18"
"2026-10-01T03:23:54.2329681-04:00","0.01","108.9","179.9","581","18"
"2026-10-01T03:23:59.2427283-04:00","0.01","108.9","179.9","581","18"
"2026-10-01T03:24:04.2548470-04:00","0.01","108.9","179.9","581","18"
"2026-10-01T03:24:09.2705447-04:00","0.01","108.9","179.9","581","18"
"2026-10-01T03:24:14.2871610-04:00","0.029","108.9","179.9","581","18"
"2026-10-01T03:24:19.2942914-04:00","0.01","108.9","179.9","581","18"
"2026-10-01T03:24:24.3057590-04:00","0.01","108.9","179.9","581","18"
"2026-10-01T03:24:29.3129005-04:00","0.01","108.9","179.9","584","19"
"2026-10-01T03:24:34.3291510-04:00","0.029","108.9","179.9","581","18"
"2026-10-01T03:24:39.3403796-04:00","0.019","108.9","179.9","581","18"
"2026-10-01T03:24:44.3500204-04:00","0.01","108.9","179.9","581","18"
"2026-10-01T03:24:49.3674798-04:00","0.01","108.8","179.9","581","17"
"2026-10-01T03:24:54.3762933-04:00","0.01","108.8","179.9","581","17"
"2026-10-01T03:24:59.3910329-04:00","0.01","108.9","179.9","584","18"
"2026-10-01T03:25:04.4048071-04:00","0.01","108.9","179.9","584","18"
"2026-10-01T03:25:09.4130912-04:00","0.019","108.9","179.9","584","18"
"2026-10-01T03:25:14.4256035-04:00","0.019","108.9","179.9","584","18"
"2026-10-01T03:25:19.4360648-04:00","0.01","108.8","179.9","584","17"
"2026-10-01T03:25:24.4530650-04:00","0.019","108.8","179.9","584","17"
"2026-10-01T03:25:29.4646352-04:00","0.019","108.9","179.9","587","18"
"2026-10-01T03:25:34.4732475-04:00","0.019","108.9","179.9","587","18"
"2026-10-01T03:25:39.4837864-04:00","0","108.9","179.9","587","18"
"2026-10-01T03:25:44.4918979-04:00","0.029","108.9","179.9","587","18"
"2026-10-01T03:25:49.4982208-04:00","0","108.9","179.9","587","18"
"2026-10-01T03:25:54.5127923-04:00","0.01","108.9","179.9","587","18"
"2026-10-01T03:25:59.5230106-04:00","0.01","108.9","179.9","587","18"
"2026-10-01T03:26:04.5315394-04:00","0","108.9","179.9","587","18"
"2026-10-01T03:26:09.5419815-04:00","0.039","108.8","179.9","587","17"
"2026-10-01T03:26:14.5500331-04:00","0.01","108.8","179.9","587","17"
"2026-10-01T03:26:19.5615269-04:00","0","108.8","179.9","587","17"
"2026-10-01T03:26:24.5804037-04:00","0.019","108.8","179.9","587","17"
"2026-10-01T03:26:29.5859075-04:00","0.02","108.8","179.9","587","17"
"2026-10-01T03:26:34.5950713-04:00","0","108.8","179.9","587","17"
"2026-10-01T03:26:39.6105290-04:00","0.01","108.8","179.9","587","17"
"2026-10-01T03:26:44.6217227-04:00","0.01","108.8","179.9","587","17"
"2026-10-01T03:26:49.6284537-04:00","0.02","108.8","179.9","587","17"
"2026-10-01T03:26:54.6424917-04:00","0.019","108.9","179.9","593","19"
"2026-10-01T03:26:59.6517075-04:00","0.01","108.9","179.9","593","19"
"2026-10-01T03:27:04.6669266-04:00","0.01","108.9","179.9","590","18"
"2026-10-01T03:27:09.6767024-04:00","0.01","108.9","179.9","590","18"
"2026-10-01T03:27:14.6878714-04:00","0.01","108.8","179.9","590","17"
"2026-10-01T03:27:19.6975008-04:00","0.049","108.8","179.9","590","17"
"2026-10-01T03:27:24.7050347-04:00","0.02","108.8","179.9","590","17"
"2026-10-01T03:27:29.7119822-04:00","0.01","108.9","179.9","593","18"
"2026-10-01T03:27:34.7297991-04:00","0.01","108.9","179.9","593","18"
"2026-10-01T03:27:39.7458735-04:00","0.01","108.9","179.9","593","18"
"2026-10-01T03:27:44.7590416-04:00","0.019","108.9","179.9","593","18"
"2026-10-01T03:27:49.7654159-04:00","0","108.9","179.9","593","18"
"2026-10-01T03:27:54.7727634-04:00","0.02","108.9","179.9","593","18"
"2026-10-01T03:27:59.7844052-04:00","0.01","108.8","179.9","593","17"
"2026-10-01T03:28:04.8018640-04:00","0.01","108.8","179.9","593","17"
"2026-10-01T03:28:09.8164019-04:00","0","108.8","179.9","593","17"
"2026-10-01T03:28:14.8588134-04:00","0.01","108.8","179.9","593","17"
"2026-10-01T03:28:19.8732795-04:00","0.01","108.8","179.9","593","17"
"2026-10-01T03:28:24.8881952-04:00","0.019","108.8","179.9","593","17"
"2026-10-01T03:28:29.8935199-04:00","0.02","108.8","179.9","593","17"
"2026-10-01T03:28:34.9020526-04:00","0.01","109.6","180.6","599","19"
"2026-10-01T03:28:39.9136679-04:00","0.01","108.9","179.8","596","18"
"2026-10-01T03:28:44.9263926-04:00","0.01","108.9","179.8","596","18"
"2026-10-01T03:28:49.9368234-04:00","0.01","108.9","179.8","596","18"
"2026-10-01T03:28:54.9492874-04:00","0.01","108.9","179.8","596","18"
"2026-10-01T03:28:59.9583729-04:00","0.019","108.9","179.9","599","18"
"2026-10-01T03:29:04.9698720-04:00","0.019","108.8","179.8","596","17"
"2026-10-01T03:29:09.9840052-04:00","0","108.8","179.8","596","17"
"2026-10-01T03:29:14.9911835-04:00","0.02","108.8","179.8","596","17"
"2026-10-01T03:29:20.0003723-04:00","0.01","108.8","179.8","596","17"
"2026-10-01T03:29:25.0127807-04:00","0.019","108.8","179.8","596","17"
"2026-10-01T03:29:30.0187796-04:00","0.01","108.8","179.8","596","17"
"2026-10-01T03:29:35.0346411-04:00","0.01","108.9","179.9","545","17"
"2026-10-01T03:29:40.0506675-04:00","0","108.9","179.9","545","17"
"2026-10-01T03:29:45.0602141-04:00","0.01","108.9","179.9","545","17"
"2026-10-01T03:29:50.0766978-04:00","0.01","108.9","179.9","545","17"
"2026-10-01T03:29:55.0875763-04:00","0.01","108.9","179.9","545","17"
"2026-10-01T03:30:00.1052776-04:00","0.019","108.9","179.9","545","17"
"2026-10-01T03:30:05.1118008-04:00","0.01","108.9","179.9","545","17"
"2026-10-01T03:30:10.1192879-04:00","0.02","108.9","179.9","545","17"
"2026-10-01T03:30:15.1280793-04:00","0","108.9","179.9","545","17"
"2026-10-01T03:30:20.1389487-04:00","0.019","108.9","179.9","548","18"
"2026-10-01T03:30:25.1510783-04:00","0.01","108.9","179.9","545","17"
"2026-10-01T03:30:30.1647249-04:00","0.01","108.9","179.9","545","17"
"2026-10-01T03:30:35.1704358-04:00","0.02","108.9","179.9","545","17"
"2026-10-01T03:30:40.1795697-04:00","0.01","108.9","179.9","545","17"
"2026-10-01T03:30:45.1932662-04:00","0.01","108.9","179.9","545","17"
"2026-10-01T03:30:50.2055906-04:00","0.019","108.9","179.9","545","17"
"2026-10-01T03:30:55.2114296-04:00","0.01","108.9","179.9","545","17"
"2026-10-01T03:31:00.2206850-04:00","0.01","108.9","179.9","545","17"
"2026-10-01T03:31:05.2264432-04:00","0.01","108.9","179.9","545","17"
"2026-10-01T03:31:10.2405175-04:00","0.019","108.9","179.9","545","17"
"2026-10-01T03:31:15.2500200-04:00","0","108.9","179.9","545","17"
"2026-10-01T03:31:20.2574350-04:00","0.02","108.9","179.9","545","17"
"2026-10-01T03:31:25.2684941-04:00","0.01","108.9","179.9","545","17"
"2026-10-01T03:31:30.2760314-04:00","0.02","108.9","179.9","545","17"
"2026-10-01T03:31:35.2854548-04:00","0","108.9","179.9","545","17"
"2026-10-01T03:31:40.2967301-04:00","0.01","108.9","179.9","545","17"
"2026-10-01T03:31:45.3119776-04:00","0.01","108.9","179.9","545","17"
"2026-10-01T03:31:50.3354266-04:00","0.01","108.9","179.9","545","17"
"2026-10-01T03:31:55.3489477-04:00","0","108.9","179.9","545","17"
"2026-10-01T03:32:00.3550534-04:00","0.02","108.9","179.9","545","17"
"2026-10-01T03:32:05.3633235-04:00","0","108.9","179.9","545","17"
"2026-10-01T03:32:10.3752490-04:00","0.01","108.9","179.9","545","17"
"2026-10-01T03:32:15.3836544-04:00","0.01","108.9","179.9","545","17"
"2026-10-01T03:32:20.3991983-04:00","0.01","108.9","179.9","545","17"
"2026-10-01T03:32:25.4134435-04:00","0.01","108.9","179.9","545","17"
"2026-10-01T03:32:30.4334280-04:00","0.01","108.9","179.9","545","17"
"2026-10-01T03:32:35.4473858-04:00","0.01","108.9","179.9","545","17"
"2026-10-01T03:32:40.4653034-04:00","0","108.9","179.9","545","17"
"2026-10-01T03:32:45.4706994-04:00","0","108.9","179.9","545","17"
"2026-10-01T03:32:50.4761286-04:00","0.029","108.9","179.9","545","17"
"2026-10-01T03:32:55.4871090-04:00","0","108.9","179.9","545","17"
"2026-10-01T03:33:00.4966153-04:00","0.019","108.9","179.9","545","17"
"2026-10-01T03:33:05.5058037-04:00","0.01","108.9","179.9","545","17"
"2026-10-01T03:33:10.5174652-04:00","0.019","108.9","179.9","545","17"
"2026-10-01T03:33:15.5232441-04:00","0.02","108.9","179.9","545","17"
"2026-10-01T03:33:20.5342864-04:00","0","108.9","179.9","548","18"
"2026-10-01T03:33:25.5489902-04:00","0","108.9","179.9","545","17"
"2026-10-01T03:33:30.5614876-04:00","0.01","108.9","179.9","545","17"
"2026-10-01T03:33:35.5653372-04:00","0.01","108.9","179.9","545","17"
"2026-10-01T03:33:40.5823540-04:00","0.019","108.9","179.9","545","17"
"2026-10-01T03:33:45.5945447-04:00","0","108.9","179.9","545","17"
"2026-10-01T03:33:50.6004426-04:00","0.029","108.9","179.9","545","17"
"2026-10-01T03:33:55.6143011-04:00","0.01","108.9","179.9","545","17"
"2026-10-01T03:34:00.6337546-04:00","0.01","108.9","179.9","545","17"
"2026-10-01T03:34:05.6437628-04:00","0.01","108.9","179.9","545","17"
"2026-10-01T03:34:10.6510298-04:00","0.02","108.9","179.9","545","17"
"2026-10-01T03:34:15.6627673-04:00","0.01","108.9","179.9","545","17"
"2026-10-01T03:34:20.6743681-04:00","0.01","108.9","179.9","545","17"
"2026-10-01T03:34:25.6826156-04:00","0","108.9","179.9","545","17"
"2026-10-01T03:34:30.6945067-04:00","0.01","108.9","179.9","545","17"
"2026-10-01T03:34:35.7016695-04:00","0","108.9","179.9","545","17"
"2026-10-01T03:34:40.7146117-04:00","0.019","108.9","179.9","545","17"
"2026-10-01T03:34:45.7264481-04:00","0.019","108.9","179.9","545","17"
"2026-10-01T03:34:50.7415631-04:00","0.019","108.9","179.9","545","17"
"2026-10-01T03:34:55.7524362-04:00","0.019","108.9","179.9","545","17"
"2026-10-01T03:35:00.7675278-04:00","0.019","108.9","179.9","548","18"
"2026-10-01T03:35:05.7767753-04:00","0.01","108.9","179.9","548","18"
"2026-10-01T03:35:10.7851488-04:00","0.01","108.9","179.9","548","18"
"2026-10-01T03:35:15.8048226-04:00","0","108.9","179.9","548","18"
"2026-10-01T03:35:20.8163169-04:00","0.019","108.9","179.9","551","18"
"2026-10-01T03:35:25.8276994-04:00","0","108.9","179.9","548","17"
"2026-10-01T03:35:30.8337371-04:00","0.02","108.9","179.9","548","17"
"2026-10-01T03:35:35.8403089-04:00","0.01","108.9","179.9","548","17"
"2026-10-01T03:35:40.8504153-04:00","0.019","108.9","179.9","548","17"
"2026-10-01T03:35:45.8568425-04:00","0","108.9","179.9","548","17"
"2026-10-01T03:35:50.8672268-04:00","0.019","108.9","179.9","551","18"
"2026-10-01T03:35:55.8731204-04:00","0.01","108.9","179.9","551","18"
"2026-10-01T03:36:00.8830101-04:00","0.019","108.9","179.9","551","18"
"2026-10-01T03:36:05.8913880-04:00","0.019","108.9","179.9","551","18"
"2026-10-01T03:36:10.9006208-04:00","0.01","108.9","179.9","551","17"
"2026-10-01T03:36:15.9110951-04:00","0.01","108.9","179.9","551","17"
"2026-10-01T03:36:20.9231398-04:00","0.01","108.9","179.9","551","17"
"2026-10-01T03:36:25.9432658-04:00","0.01","108.9","179.9","551","17"
"2026-10-01T03:36:30.9539570-04:00","0.01","108.9","179.9","551","17"
"2026-10-01T03:36:35.9627779-04:00","0","108.9","179.9","551","17"
"2026-10-01T03:36:40.9751988-04:00","0.019","108.9","179.9","554","18"
"2026-10-01T03:36:45.9846826-04:00","0","108.9","179.9","554","18"
"2026-10-01T03:36:51.0035797-04:00","0.01","108.9","179.9","554","18"
"2026-10-01T03:36:56.0149107-04:00","0.01","108.9","179.9","554","18"
"2026-10-01T03:37:01.0408928-04:00","0.019","108.9","179.9","554","17"
"2026-10-01T03:37:06.0602747-04:00","0.019","108.9","179.9","554","17"
"2026-10-01T03:37:11.0700554-04:00","0.01","108.9","179.9","554","17"
"2026-10-01T03:37:16.0772459-04:00","0.02","108.9","179.9","554","17"
"2026-10-01T03:37:21.0875229-04:00","0.01","108.9","179.9","554","17"
"2026-10-01T03:37:26.0941063-04:00","0.02","109.7","180.7","554","17"
"2026-10-01T03:37:31.0995023-04:00","0","108.9","179.9","554","17"
"2026-10-01T03:37:36.1170154-04:00","0.01","108.9","179.9","554","17"
"2026-10-01T03:37:41.1231878-04:00","0.02","108.9","179.9","554","17"
"2026-10-01T03:37:46.1347519-04:00","0.01","108.9","179.9","554","17"
"2026-10-01T03:37:51.1479762-04:00","0","108.9","179.9","554","17"
"2026-10-01T03:37:56.1586154-04:00","0.01","108.9","179.9","554","17"
"2026-10-01T03:38:01.1689620-04:00","0.019","108.9","179.9","554","17"
"2026-10-01T03:38:06.1768767-04:00","0","108.9","179.9","554","17"
"2026-10-01T03:38:11.1972249-04:00","0.019","108.9","179.9","554","17"
"2026-10-01T03:38:16.2170856-04:00","0.019","108.9","179.9","554","17"
"2026-10-01T03:38:21.2298294-04:00","0.01","108.9","179.9","554","17"
"2026-10-01T03:38:26.2369211-04:00","0","108.9","179.9","554","17"
"2026-10-01T03:38:31.2472768-04:00","0.019","108.9","179.9","554","17"
"2026-10-01T03:38:36.2560436-04:00","0.01","108.9","179.9","554","17"
"2026-10-01T03:38:41.2692982-04:00","0.01","108.9","179.9","554","17"
"2026-10-01T03:38:46.2823014-04:00","0.019","108.9","179.9","554","17"
"2026-10-01T03:38:51.2902531-04:00","0.01","108.9","179.9","554","17"
"2026-10-01T03:38:56.2977225-04:00","0.02","108.9","179.9","554","17"
"2026-10-01T03:39:01.3069453-04:00","0.01","108.9","179.9","554","17"
"2026-10-01T03:39:06.3149271-04:00","0.01","108.9","179.9","557","18"
"2026-10-01T03:39:11.3303203-04:00","0.01","108.9","179.9","557","18"
"2026-10-01T03:39:16.3458117-04:00","0.01","108.9","179.9","557","18"
"2026-10-01T03:39:21.3612664-04:00","0.01","108.9","179.9","557","18"
"2026-10-01T03:39:26.3710157-04:00","0.029","108.9","179.9","557","17"
"2026-10-01T03:39:31.3814686-04:00","0","108.9","179.9","557","17"
"2026-10-01T03:39:36.3918244-04:00","0.01","108.9","179.9","557","17"
"2026-10-01T03:39:41.4003260-04:00","0.01","108.9","179.9","557","17"
"2026-10-01T03:39:46.4101260-04:00","0.019","108.9","179.9","557","17"
"2026-10-01T03:39:51.4365854-04:00","0.01","108.9","179.9","557","17"
"2026-10-01T03:39:56.4423840-04:00","0.02","108.9","179.9","557","17"
"2026-10-01T03:40:01.4537854-04:00","0.01","108.9","179.9","557","17"
"2026-10-01T03:40:06.4689932-04:00","0.01","108.9","179.9","557","17"
"2026-10-01T03:40:11.4823436-04:00","0.01","108.9","179.9","557","17"
"2026-10-01T03:40:16.4967552-04:00","0.01","108.9","179.9","557","17"
"2026-10-01T03:40:21.5046242-04:00","0.01","108.9","179.9","557","17"
"2026-10-01T03:40:26.5201126-04:00","0.019","108.9","179.9","557","17"
"2026-10-01T03:40:31.5315998-04:00","0","108.9","179.9","557","17"
"2026-10-01T03:40:36.5417563-04:00","0.019","108.9","179.9","557","17"
"2026-10-01T03:40:41.5560155-04:00","0.01","108.9","179.9","557","17"
"2026-10-01T03:40:46.5644139-04:00","0.01","108.9","179.9","557","17"
"2026-10-01T03:40:51.5740396-04:00","0.019","108.9","179.9","557","17"
"2026-10-01T03:40:56.5827459-04:00","0.019","108.9","179.9","557","17"
"2026-10-01T03:41:01.5894558-04:00","0.01","108.9","179.9","560","18"
"2026-10-01T03:41:06.5958831-04:00","0.01","108.9","179.9","560","18"
"2026-10-01T03:41:11.6063753-04:00","0.01","108.9","179.9","560","18"
"2026-10-01T03:41:16.6196774-04:00","0.01","108.9","179.9","560","18"
"2026-10-01T03:41:21.6323396-04:00","0.01","108.9","179.9","560","17"
"2026-10-01T03:41:26.6380118-04:00","0","108.9","179.9","560","17"
"2026-10-01T03:41:31.6500336-04:00","0.01","108.9","179.9","560","17"
"2026-10-01T03:41:36.6592988-04:00","0.019","108.9","179.9","560","17"
"2026-10-01T03:41:41.6644014-04:00","0.01","108.9","179.9","560","17"
"2026-10-01T03:41:46.6774482-04:00","0.019","108.9","179.9","560","17"
"2026-10-01T03:41:51.6852414-04:00","0","108.9","179.9","560","17"
"2026-10-01T03:41:56.6959809-04:00","0.019","108.9","179.9","563","18"
"2026-10-01T03:42:01.7062035-04:00","0.01","108.9","179.9","563","18"
"2026-10-01T03:42:06.7135721-04:00","0.01","108.9","179.9","563","18"
"2026-10-01T03:42:11.7272463-04:00","0.01","108.9","179.9","563","18"
"2026-10-01T03:42:16.7339958-04:00","0.02","108.8","179.8","563","17"
"2026-10-01T03:42:21.7419229-04:00","0.01","108.8","179.8","563","17"
"2026-10-01T03:42:26.7532221-04:00","0.019","108.8","179.8","563","17"
"2026-10-01T03:42:31.7597695-04:00","0","108.8","179.8","563","17"
"2026-10-01T03:42:36.7713927-04:00","0.019","108.8","179.8","563","17"
"2026-10-01T03:42:41.7848496-04:00","0.01","108.8","179.8","563","17"
"2026-10-01T03:42:46.8018908-04:00","0.019","108.8","179.8","563","17"
"2026-10-01T03:42:51.8124502-04:00","0","108.8","179.8","563","17"
"2026-10-01T03:42:56.8215776-04:00","0.019","108.8","179.8","563","17"
"2026-10-01T03:43:01.8325445-04:00","0.019","108.8","179.8","563","17"
"2026-10-01T03:43:06.8447105-04:00","0.01","108.8","179.8","563","17"
"2026-10-01T03:43:11.8554397-04:00","0","108.8","179.8","563","17"
"2026-10-01T03:43:16.8665711-04:00","0.019","108.8","179.8","563","17"
"2026-10-01T03:43:21.8815617-04:00","0.019","108.8","179.8","563","17"
"2026-10-01T03:43:26.8938169-04:00","0.01","108.8","179.8","563","17"
"2026-10-01T03:43:31.9028374-04:00","0","108.8","179.8","563","17"
"2026-10-01T03:43:36.9126631-04:00","0.019","108.8","179.8","563","17"
"2026-10-01T03:43:41.9184465-04:00","0.01","108.8","179.8","563","17"
"2026-10-01T03:43:46.9236701-04:00","0.02","108.8","179.8","563","17"
"2026-10-01T03:43:51.9338892-04:00","0","108.9","179.9","566","18"
"2026-10-01T03:43:56.9482111-04:00","0.01","108.9","179.9","566","18"
"2026-10-01T03:44:01.9593925-04:00","0.019","108.9","179.9","566","18"
"2026-10-01T03:44:06.9679910-04:00","0.01","108.9","179.9","566","18"
"2026-10-01T03:44:11.9757317-04:00","0.02","108.8","179.8","566","17"
"2026-10-01T03:44:16.9884278-04:00","0.01","108.8","179.8","566","17"
"2026-10-01T03:44:22.0068059-04:00","0.01","108.8","179.8","566","17"
"2026-10-01T03:44:27.0168508-04:00","0.01","108.8","179.8","566","17"
"2026-10-01T03:44:32.0344851-04:00","0","108.8","179.8","566","17"
"2026-10-01T03:44:37.0475839-04:00","0.019","108.8","179.8","566","17"
"2026-10-01T03:44:42.0573474-04:00","0","108.8","179.8","566","17"
"2026-10-01T03:44:47.0689855-04:00","0.01","108.8","179.8","566","17"
"2026-10-01T03:44:52.0789746-04:00","0","108.8","179.8","566","17"
"2026-10-01T03:44:57.0935173-04:00","0.01","108.8","179.8","566","17"
"2026-10-01T03:45:02.1032774-04:00","0.01","108.9","179.9","569","18"
"2026-10-01T03:45:07.1136862-04:00","0.01","108.9","179.9","569","18"
"2026-10-01T03:45:12.1216902-04:00","0.02","108.9","179.9","569","18"
"2026-10-01T03:45:17.1312529-04:00","0.01","108.9","179.9","569","18"
"2026-10-01T03:45:22.1372527-04:00","0.029","108.8","179.8","569","17"
"2026-10-01T03:45:27.1505954-04:00","0.01","108.8","179.8","569","17"
"2026-10-01T03:45:32.1596750-04:00","0.01","108.8","179.8","569","17"
"2026-10-01T03:45:37.1692847-04:00","0.019","108.8","179.8","569","17"
"2026-10-01T03:45:42.1809860-04:00","0.01","108.8","179.8","569","17"
"2026-10-01T03:45:47.2131447-04:00","0.01","108.8","179.8","569","17"
"2026-10-01T03:45:52.2195195-04:00","0.01","108.8","179.8","569","17"
"2026-10-01T03:45:57.2276964-04:00","0.01","108.8","179.8","569","17"
"2026-10-01T03:46:02.2396790-04:00","0.019","108.8","179.8","569","17"
"2026-10-01T03:46:07.2460880-04:00","0.02","108.8","179.8","569","17"
"2026-10-01T03:46:12.2576745-04:00","0.01","108.9","179.9","572","18"
"2026-10-01T03:46:17.2780529-04:00","0.01","108.9","179.9","572","18"
"2026-10-01T03:46:22.2865392-04:00","0.01","108.9","179.9","572","18"
"2026-10-01T03:46:27.2991951-04:00","0","108.9","179.9","572","18"
"2026-10-01T03:46:32.3090320-04:00","0.029","108.8","179.8","572","17"
"2026-10-01T03:46:37.3162744-04:00","0","108.8","179.8","572","17"
"2026-10-01T03:46:42.3237708-04:00","0.02","108.8","179.8","572","17"
"2026-10-01T03:46:47.3297189-04:00","0","108.8","179.8","572","17"
"2026-10-01T03:46:52.3420082-04:00","0.019","108.8","179.8","572","17"
"2026-10-01T03:46:57.3815215-04:00","0.01","108.8","179.8","572","17"
"2026-10-01T03:47:02.3993782-04:00","0.029","108.8","179.8","572","17"
"2026-10-01T03:47:07.4093175-04:00","0","108.8","179.8","572","17"
"2026-10-01T03:47:12.4210259-04:00","0.019","108.8","179.8","572","17"
"2026-10-01T03:47:17.4292994-04:00","0.01","108.8","179.8","572","17"
"2026-10-01T03:47:22.4412481-04:00","0.01","108.8","179.8","572","17"
"2026-10-01T03:47:27.4486706-04:00","0.02","108.8","179.8","572","17"
"2026-10-01T03:47:32.4611479-04:00","0.019","108.9","179.9","575","18"
"2026-10-01T03:47:37.4710076-04:00","0","108.9","179.9","575","18"
"2026-10-01T03:47:42.4779112-04:00","0.02","108.9","179.9","575","18"
"2026-10-01T03:47:47.4899925-04:00","0.01","108.9","179.9","575","18"
"2026-10-01T03:47:52.5002837-04:00","0.01","108.8","179.8","575","17"
"2026-10-01T03:47:57.5073891-04:00","0.02","108.9","179.9","578","18"
"2026-10-01T03:48:02.5198186-04:00","0.019","108.9","179.9","578","18"
"2026-10-01T03:48:07.5265688-04:00","0.01","108.9","179.9","578","18"
"2026-10-01T03:48:12.5425090-04:00","0.01","108.9","179.9","578","18"
"2026-10-01T03:48:17.5572950-04:00","0.01","108.8","179.8","578","17"
"2026-10-01T03:48:22.5672350-04:00","0.01","108.8","179.8","578","17"
"2026-10-01T03:48:27.5761375-04:00","0.01","108.8","179.8","578","17"
"2026-10-01T03:48:32.5892039-04:00","0.019","108.8","179.8","578","17"
"2026-10-01T03:48:37.6173842-04:00","0.01","108.8","179.8","578","17"
"2026-10-01T03:48:42.6239899-04:00","0","108.8","179.8","578","17"
"2026-10-01T03:48:47.6327427-04:00","0.019","108.8","179.8","578","17"
"2026-10-01T03:48:52.6522674-04:00","0","108.9","179.9","581","18"
"2026-10-01T03:48:57.6634692-04:00","0.019","108.9","179.9","581","18"
"2026-10-01T03:49:02.6761662-04:00","0.01","108.9","179.9","581","18"
"2026-10-01T03:49:07.6882193-04:00","0","108.9","179.9","581","18"
"2026-10-01T03:49:12.7037893-04:00","0.019","108.8","179.8","581","17"
"2026-10-01T03:49:17.7168159-04:00","0.01","108.8","179.8","581","17"
"2026-10-01T03:49:22.7251943-04:00","0.01","108.8","179.8","581","17"
"2026-10-01T03:49:27.7348686-04:00","0.01","108.8","179.8","581","17"
"2026-10-01T03:49:32.7413851-04:00","0.01","108.8","179.8","581","17"
"2026-10-01T03:49:37.7553175-04:00","0.01","108.8","179.8","581","17"
"2026-10-01T03:49:42.7722738-04:00","0.01","108.8","179.8","581","17"
"2026-10-01T03:49:47.7857039-04:00","0.01","108.8","179.8","581","17"
"2026-10-01T03:49:52.7983018-04:00","0.01","108.8","179.8","581","17"
"2026-10-01T03:49:57.8136653-04:00","0","108.8","179.8","581","17"
"2026-10-01T03:50:02.8250632-04:00","0.01","108.8","179.8","581","17"
"2026-10-01T03:50:07.8346728-04:00","0.01","108.8","179.8","581","17"
"2026-10-01T03:50:12.8474512-04:00","0.01","108.9","179.9","584","18"
"2026-10-01T03:50:17.8661854-04:00","0","108.9","179.9","584","18"
"2026-10-01T03:50:22.8836818-04:00","0","108.9","179.9","584","18"
"2026-10-01T03:50:27.8923663-04:00","0.019","108.9","179.9","584","18"
"2026-10-01T03:50:32.9047355-04:00","0.019","108.9","179.9","584","18"
"2026-10-01T03:50:37.9244795-04:00","0.019","108.9","179.9","584","18"
"2026-10-01T03:50:42.9297277-04:00","0","108.8","179.8","584","17"
"2026-10-01T03:50:47.9457106-04:00","0.019","108.8","179.8","584","17"
"2026-10-01T03:50:52.9533312-04:00","0.02","108.8","179.8","584","17"
"2026-10-01T03:50:57.9617472-04:00","0","108.8","179.8","584","17"
"2026-10-01T03:51:02.9715889-04:00","0.019","108.8","179.8","584","17"
"2026-10-01T03:51:07.9818857-04:00","0","108.9","179.9","587","18"
"2026-10-01T03:51:12.9893881-04:00","0.01","108.9","179.9","587","18"
"2026-10-01T03:51:18.0117241-04:00","0","108.9","179.9","587","18"
"2026-10-01T03:51:23.0173027-04:00","0.029","108.9","179.9","590","19"
"2026-10-01T03:51:28.0265509-04:00","0","108.8","179.8","587","17"
"2026-10-01T03:51:33.0391533-04:00","0.019","108.8","179.8","587","17"
"2026-10-01T03:51:38.0496385-04:00","0.01","108.8","179.8","587","17"
"2026-10-01T03:51:43.0581221-04:00","0.019","108.8","179.8","587","17"
"2026-10-01T03:51:48.0781646-04:00","0.019","108.8","179.8","587","17"
"2026-10-01T03:51:53.0918778-04:00","0.029","108.8","179.8","587","17"
"2026-10-01T03:51:58.1117442-04:00","0.01","108.8","179.8","587","17"
"2026-10-01T03:52:03.1256226-04:00","0.01","108.8","179.8","587","17"
"2026-10-01T03:52:08.1330840-04:00","0.01","108.8","179.8","587","17"
"2026-10-01T03:52:13.1460574-04:00","0.01","108.8","179.8","587","17"
"2026-10-01T03:52:18.1660343-04:00","0.019","108.8","179.8","587","17"
"2026-10-01T03:52:23.1737247-04:00","0.01","108.9","179.9","590","18"
"2026-10-01T03:52:28.1854019-04:00","0.01","108.9","179.9","590","18"
"2026-10-01T03:52:33.1940213-04:00","0","108.9","179.9","590","18"
"2026-10-01T03:52:38.1994223-04:00","0.029","108.9","179.9","590","18"
"2026-10-01T03:52:43.2068847-04:00","0","108.9","179.9","590","18"
"2026-10-01T03:52:48.2184459-04:00","0.01","108.8","179.8","590","17"
"2026-10-01T03:52:53.2266165-04:00","0","108.8","179.8","590","17"
"2026-10-01T03:52:58.2348162-04:00","0.019","108.9","179.9","593","18"
"2026-10-01T03:53:03.2471481-04:00","0.01","108.9","179.9","593","18"
"2026-10-01T03:53:08.2593450-04:00","0.01","108.9","179.9","593","18"
"2026-10-01T03:53:13.2692209-04:00","0","108.9","179.9","593","18"
"2026-10-01T03:53:18.2788156-04:00","0.01","108.8","179.8","593","17"
"2026-10-01T03:53:23.2873973-04:00","0","108.8","179.8","593","17"
"2026-10-01T03:53:28.3039457-04:00","0.019","108.8","179.8","593","17"
"2026-10-01T03:53:33.3173467-04:00","0","108.8","179.8","593","17"
"2026-10-01T03:53:38.3266627-04:00","0.01","108.9","179.9","596","18"
"2026-10-01T03:53:43.3352494-04:00","0.01","108.9","179.9","596","18"
"2026-10-01T03:53:48.3515934-04:00","0.019","108.9","179.9","596","18"
"2026-10-01T03:53:53.3621254-04:00","0.01","108.9","179.9","596","18"
"2026-10-01T03:53:58.3677749-04:00","0.029","108.8","179.8","596","17"
"2026-10-01T03:54:03.4136487-04:00","0","108.9","179.9","599","18"
"2026-10-01T03:54:08.4197410-04:00","0.01","108.9","179.9","599","18"
"2026-10-01T03:54:13.4319639-04:00","0.01","108.9","179.9","599","18"
"2026-10-01T03:54:18.4408356-04:00","0.01","108.9","179.9","599","18"
"2026-10-01T03:54:23.4475947-04:00","0.02","108.9","179.9","599","18"
"2026-10-01T03:54:28.4677768-04:00","0","108.8","179.8","599","17"
"2026-10-01T03:54:33.4837957-04:00","0.01","108.8","179.8","599","17"
"2026-10-01T03:54:38.4927965-04:00","0.019","108.8","179.8","599","17"
"2026-10-01T03:54:43.5057662-04:00","0","108.8","179.8","599","17"
"2026-10-01T03:54:48.5178695-04:00","0.019","108.8","179.8","599","17"
"2026-10-01T03:54:53.5263449-04:00","0.019","108.8","179.8","599","17"
"2026-10-01T03:54:58.5397902-04:00","0.01","108.9","179.9","602","18"
"2026-10-01T03:55:03.5521296-04:00","0","108.9","179.9","602","18"
"2026-10-01T03:55:08.5641559-04:00","0.019","108.9","179.9","602","18"
"2026-10-01T03:55:13.5721351-04:00","0.029","108.9","179.9","602","18"
"2026-10-01T03:55:18.5913627-04:00","0","108.9","179.9","602","17"
"2026-10-01T03:55:23.6010305-04:00","0.01","108.9","179.9","602","17"
"2026-10-01T03:55:28.6152516-04:00","0.019","108.9","179.9","605","18"
"2026-10-01T03:55:33.6226144-04:00","0","108.9","179.9","605","18"
"2026-10-01T03:55:38.6310633-04:00","0.019","108.9","179.9","605","18"
"2026-10-01T03:55:43.6537781-04:00","0","108.9","179.9","605","18"
"2026-10-01T03:55:48.6644993-04:00","0.019","108.9","179.9","605","18"
"2026-10-01T03:55:53.6846108-04:00","0","108.9","179.9","605","18"
"2026-10-01T03:55:58.6992204-04:00","0.01","108.9","179.9","605","18"
"2026-10-01T03:56:03.7088529-04:00","0.019","108.9","179.9","605","18"
"2026-10-01T03:56:08.7195988-04:00","0.01","108.9","179.9","605","17"
"2026-10-01T03:56:13.7281955-04:00","0.01","108.9","179.9","605","17"
"2026-10-01T03:56:18.7340192-04:00","0","108.9","179.9","605","17"
"2026-10-01T03:56:23.7533980-04:00","0.019","108.9","179.9","605","17"
"2026-10-01T03:56:28.7654596-04:00","0.019","108.9","179.9","605","17"
"2026-10-01T03:56:33.7707385-04:00","0.01","108.9","179.9","605","17"
"2026-10-01T03:56:38.7816320-04:00","0.01","108.9","179.9","605","17"
"2026-10-01T03:56:43.7917237-04:00","0.01","108.9","179.9","605","17"
"2026-10-01T03:56:48.8030304-04:00","0.01","108.9","179.9","605","17"
"2026-10-01T03:56:53.8127823-04:00","0.01","108.9","179.9","605","17"
"2026-10-01T03:56:58.8197131-04:00","0.01","108.9","179.9","605","17"
"2026-10-01T03:57:03.8281575-04:00","0","108.9","179.9","605","17"
"2026-10-01T03:57:08.8383673-04:00","0.01","108.9","179.9","605","17"
"2026-10-01T03:57:13.8489241-04:00","0.019","108.9","179.9","605","17"
"2026-10-01T03:57:18.8573648-04:00","0.01","108.9","179.9","605","17"
"2026-10-01T03:57:23.8706454-04:00","0","108.9","179.9","605","17"
"2026-10-01T03:57:28.8777531-04:00","0.029","108.9","179.9","608","18"
"2026-10-01T03:57:33.8935310-04:00","0.01","108.9","179.9","608","18"
"2026-10-01T03:57:38.9038982-04:00","0.01","108.9","179.9","608","18"
"2026-10-01T03:57:43.9118781-04:00","0.01","108.9","179.9","608","18"
"2026-10-01T03:57:48.9204687-04:00","0.01","108.9","179.9","608","17"
"2026-10-01T03:57:53.9329032-04:00","0.01","108.9","179.9","608","17"
"2026-10-01T03:57:58.9396582-04:00","0.029","108.9","179.9","608","17"
"2026-10-01T03:58:03.9506714-04:00","0","108.9","179.9","611","18"
"2026-10-01T03:58:08.9629499-04:00","0.019","108.9","179.9","611","18"
"2026-10-01T03:58:13.9772746-04:00","0.019","108.9","179.9","611","18"
"2026-10-01T03:58:18.9878437-04:00","0.019","108.9","179.9","611","18"
"2026-10-01T03:58:23.9989248-04:00","0.01","108.9","179.9","611","18"
"2026-10-01T03:58:29.0081792-04:00","0.01","108.9","179.9","611","18"
"2026-10-01T03:58:34.0163794-04:00","0.01","108.9","179.9","611","17"
"2026-10-01T03:58:39.0293323-04:00","0.01","108.9","179.9","611","17"
"2026-10-01T03:58:44.0393774-04:00","0.019","108.9","179.9","611","17"
"2026-10-01T03:58:49.0529690-04:00","0.019","108.9","179.9","614","18"
"2026-10-01T03:58:54.0591577-04:00","0.01","108.9","179.9","614","18"
"2026-10-01T03:58:59.0688972-04:00","0.01","108.9","179.9","614","18"
"2026-10-01T03:59:04.0792392-04:00","0.019","108.9","179.9","614","18"
"2026-10-01T03:59:09.0933161-04:00","0.019","108.9","179.9","614","17"
"2026-10-01T03:59:14.1068059-04:00","0.01","108.9","179.9","617","18"
"2026-10-01T03:59:19.1191874-04:00","0","108.9","179.9","617","18"
"2026-10-01T03:59:24.1279920-04:00","0.019","108.9","179.9","617","18"
"2026-10-01T03:59:29.1417123-04:00","0.019","108.9","179.9","617","18"
"2026-10-01T03:59:34.1576487-04:00","0.01","108.9","179.9","617","17"
"2026-10-01T03:59:39.1636486-04:00","0.01","108.9","179.9","617","17"
"2026-10-01T03:59:44.1896529-04:00","0.019","108.9","179.9","617","17"
"2026-10-01T03:59:49.2027410-04:00","0.019","108.9","179.9","617","17"
"2026-10-01T03:59:54.2152138-04:00","0.019","108.9","179.9","617","17"
"2026-10-01T03:59:59.2231312-04:00","0","108.9","179.9","620","18"
"2026-10-01T04:00:04.2324325-04:00","0.019","108.9","179.9","620","18"
"2026-10-01T04:00:09.2441665-04:00","0.01","108.9","179.9","620","18"
"2026-10-01T04:00:14.2571449-04:00","0.01","108.9","179.9","620","18"
"2026-10-01T04:00:19.2775284-04:00","0.01","108.9","179.9","620","17"
"2026-10-01T04:00:24.2831336-04:00","0.01","108.9","179.9","620","17"
"2026-10-01T04:00:29.2973494-04:00","0.01","108.9","179.9","620","17"
"2026-10-01T04:00:34.3086653-04:00","0.029","108.9","179.9","623","18"
"2026-10-01T04:00:39.3187067-04:00","0","108.9","179.9","623","18"
"2026-10-01T04:00:44.3391639-04:00","0.019","108.9","179.9","623","18"
"2026-10-01T04:00:49.3530666-04:00","0.01","108.9","179.9","623","18"
"2026-10-01T04:00:54.3724010-04:00","0.01","108.9","179.9","623","17"
"2026-10-01T04:00:59.3886025-04:00","0.019","108.9","179.9","623","17"
"2026-10-01T04:01:04.4027285-04:00","0.01","108.9","179.9","623","17"
"2026-10-01T04:01:09.4131556-04:00","0.01","108.9","179.9","623","17"
"2026-10-01T04:01:14.4308426-04:00","0.029","108.9","179.9","623","17"
"2026-10-01T04:01:19.4433329-04:00","0.01","108.9","179.9","623","17"
"2026-10-01T04:01:24.4568416-04:00","0.019","108.9","179.9","623","17"
"2026-10-01T04:01:29.4703367-04:00","0.01","108.9","179.9","623","17"
"2026-10-01T04:01:34.4830403-04:00","0.01","108.9","179.9","623","17"
"2026-10-01T04:01:39.4942105-04:00","0.01","108.9","179.9","623","17"
"2026-10-01T04:01:44.5039583-04:00","0.01","108.9","179.9","623","17"
"2026-10-01T04:01:49.5196114-04:00","0","108.9","179.9","623","17"
"2026-10-01T04:01:54.5321869-04:00","0.01","108.9","179.9","623","17"
"2026-10-01T04:01:59.5427647-04:00","0.01","108.9","179.9","623","17"
"2026-10-01T04:02:04.5532523-04:00","0.019","108.9","179.9","623","17"
"2026-10-01T04:02:09.5609742-04:00","0","108.9","179.9","626","18"
"2026-10-01T04:02:14.5706687-04:00","0.019","108.9","179.9","626","18"
"2026-10-01T04:02:19.5843003-04:00","0.01","108.9","179.9","626","18"
"2026-10-01T04:02:24.5920025-04:00","0.01","108.9","179.9","626","18"
"2026-10-01T04:02:29.5990958-04:00","0.02","108.9","179.9","626","17"
"2026-10-01T04:02:34.6078798-04:00","0.01","108.9","179.9","629","18"
"2026-10-01T04:02:39.6200891-04:00","0.01","108.9","179.9","629","18"
"2026-10-01T04:02:44.6330496-04:00","0.01","109","179.9","632","19"
"2026-10-01T04:02:49.6508462-04:00","0","108.9","179.9","629","18"
"2026-10-01T04:02:54.6705052-04:00","0.01","108.9","179.9","629","18"
"2026-10-01T04:02:59.6816056-04:00","0.01","108.9","179.9","629","18"
"2026-10-01T04:03:04.6965645-04:00","0.01","108.9","179.9","629","18"
"2026-10-01T04:03:09.7046941-04:00","0.01","108.9","179.9","629","18"
"2026-10-01T04:03:14.7138513-04:00","0.039","108.9","179.9","629","17"
"2026-10-01T04:03:19.7229879-04:00","0.019","108.9","179.9","632","18"
"2026-10-01T04:03:24.7329148-04:00","0","108.9","179.9","632","18"
"2026-10-01T04:03:29.7473057-04:00","0.01","108.9","179.9","632","18"
"2026-10-01T04:03:34.7632632-04:00","0.01","108.9","179.9","632","18"
"2026-10-01T04:03:39.7712967-04:00","0.019","108.9","179.9","632","18"
"2026-10-01T04:03:44.7838494-04:00","0.01","108.9","179.9","632","18"
"2026-10-01T04:03:49.7912976-04:00","0","109","179.9","557","18"
"2026-10-01T04:03:54.8008304-04:00","0.019","108.9","179.9","557","17"
"2026-10-01T04:03:59.8094764-04:00","0","108.9","179.9","557","17"
"2026-10-01T04:04:04.8185992-04:00","0.01","108.9","179.9","557","17"
"2026-10-01T04:04:09.8302373-04:00","0","108.9","179.9","557","17"
"2026-10-01T04:04:14.8431231-04:00","0.019","108.9","179.9","557","17"
"2026-10-01T04:04:19.8513230-04:00","0.01","108.9","179.9","557","17"
"2026-10-01T04:04:24.8659322-04:00","0.01","108.9","179.9","557","17"
"2026-10-01T04:04:29.8821557-04:00","0","108.9","179.9","557","17"
"2026-10-01T04:04:34.9008082-04:00","0","109","179.9","560","18"
"2026-10-01T04:04:39.9142075-04:00","0.01","109","179.9","560","18"
"2026-10-01T04:04:44.9193537-04:00","0.02","109","179.9","560","18"
"2026-10-01T04:04:49.9292493-04:00","0.01","109","179.9","560","18"
"2026-10-01T04:04:54.9398015-04:00","0.01","108.9","179.9","560","17"
"2026-10-01T04:04:59.9526499-04:00","0","108.9","179.9","560","17"
"2026-10-01T04:05:04.9648615-04:00","0.01","108.9","179.9","560","17"
"2026-10-01T04:05:09.9732374-04:00","0.01","108.9","179.9","560","17"
"2026-10-01T04:05:14.9831300-04:00","0.01","108.9","179.9","560","17"
"2026-10-01T04:05:19.9961444-04:00","0","108.9","179.9","560","17"
"2026-10-01T04:05:25.0033891-04:00","0.02","108.9","179.9","560","17"
"2026-10-01T04:05:30.0186098-04:00","0.01","108.9","179.9","560","17"
"2026-10-01T04:05:35.0288449-04:00","0.01","108.9","179.9","560","17"
"2026-10-01T04:05:40.0415213-04:00","0.01","109","179.9","563","18"
"2026-10-01T04:05:45.0523750-04:00","0.01","109","179.9","563","18"
"2026-10-01T04:05:50.0641006-04:00","0.01","109","179.9","563","18"
"2026-10-01T04:05:55.0704239-04:00","0","109","179.9","563","18"
"2026-10-01T04:06:00.0904082-04:00","0.019","109.7","180.7","563","17"
"2026-10-01T04:06:05.1066268-04:00","0.019","108.9","179.9","563","17"
"2026-10-01T04:06:10.1255176-04:00","0.01","108.9","179.9","563","17"
"2026-10-01T04:06:15.1370149-04:00","0.01","108.9","179.9","563","17"
"2026-10-01T04:06:20.1560683-04:00","0","108.9","179.9","563","17"
"2026-10-01T04:06:25.1678412-04:00","0.01","108.9","179.9","563","17"
"2026-10-01T04:06:30.1758834-04:00","0.01","108.9","179.9","563","17"
"2026-10-01T04:06:35.1831054-04:00","0.01","108.9","179.9","563","17"
"2026-10-01T04:06:40.1941169-04:00","0.019","108.9","179.9","563","17"
"2026-10-01T04:06:45.2133726-04:00","0.01","108.9","179.9","563","17"
"2026-10-01T04:06:50.2236229-04:00","0.01","108.9","179.9","563","17"
"2026-10-01T04:06:55.2334275-04:00","0.01","108.9","179.9","563","17"
"2026-10-01T04:07:00.2429700-04:00","0.019","108.9","179.9","563","17"
"2026-10-01T04:07:05.2492139-04:00","0","108.9","179.9","563","17"
"2026-10-01T04:07:10.2569740-04:00","0.02","108.9","179.9","563","17"
"2026-10-01T04:07:15.2666060-04:00","0.01","108.9","179.9","563","17"
"2026-10-01T04:07:20.2742892-04:00","0.02","108.9","179.9","563","17"
"2026-10-01T04:07:25.2949332-04:00","0.019","108.9","179.9","563","17"
"2026-10-01T04:07:30.3027691-04:00","0.01","108.9","179.9","563","17"
"2026-10-01T04:07:35.3207338-04:00","0.01","108.9","179.9","563","17"
"2026-10-01T04:07:40.3322911-04:00","0.01","108.9","179.9","563","17"
"2026-10-01T04:07:45.3742944-04:00","0.01","108.9","179.9","563","17"
"2026-10-01T04:07:50.3871960-04:00","0.01","108.9","179.9","563","17"
"2026-10-01T04:07:55.3966619-04:00","0.01","108.9","179.9","563","17"
"2026-10-01T04:08:00.4069425-04:00","0.01","108.9","179.9","563","17"
"2026-10-01T04:08:05.4187971-04:00","0.019","108.9","179.9","563","17"
"2026-10-01T04:08:10.4276523-04:00","0.019","108.9","179.9","563","17"
"2026-10-01T04:08:15.4349015-04:00","0.01","108.9","179.9","563","17"
"2026-10-01T04:08:20.4419608-04:00","0.02","108.9","179.9","563","17"
"2026-10-01T04:08:25.4527465-04:00","0.01","108.9","179.9","563","17"
"2026-10-01T04:08:30.4647987-04:00","0.019","108.9","179.9","563","17"
"2026-10-01T04:08:35.4716645-04:00","0","108.9","179.9","563","17"
"2026-10-01T04:08:40.4820828-04:00","0.01","108.9","179.9","563","17"
"2026-10-01T04:08:45.4883315-04:00","0","108.9","179.9","563","17"
"2026-10-01T04:08:50.5085154-04:00","0.019","108.9","179.9","563","17"
"2026-10-01T04:08:55.5155119-04:00","0","108.9","179.9","563","17"
"2026-10-01T04:09:00.5343652-04:00","0","108.9","179.9","563","17"
"2026-10-01T04:09:05.5443173-04:00","0.01","108.9","179.9","563","17"
"2026-10-01T04:09:10.5524557-04:00","0.01","108.9","179.9","563","17"
"2026-10-01T04:09:15.5642383-04:00","0","108.9","179.9","563","17"
"2026-10-01T04:09:20.5753219-04:00","0.019","108.9","179.9","563","17"
"2026-10-01T04:09:25.5910446-04:00","0.019","108.9","179.9","563","17"
"2026-10-01T04:09:30.6073105-04:00","0","109","179.9","566","18"
"2026-10-01T04:09:35.6187456-04:00","0.01","109","179.9","566","18"
"2026-10-01T04:09:40.6258567-04:00","0.01","109","179.9","566","18"
"2026-10-01T04:09:45.6355968-04:00","0","109","179.9","566","18"
"2026-10-01T04:09:50.6501608-04:00","0.01","108.9","179.9","566","17"
"2026-10-01T04:09:55.6596672-04:00","0.01","108.9","179.9","566","17"
"2026-10-01T04:10:00.6720623-04:00","0.01","109","179.9","569","18"
"2026-10-01T04:10:05.6838451-04:00","0.01","109","179.9","569","18"
"2026-10-01T04:10:10.6981606-04:00","0.01","109","179.9","569","18"
"2026-10-01T04:10:15.7057462-04:00","0.01","109","179.9","569","18"
"2026-10-01T04:10:20.7177385-04:00","0.019","108.9","179.9","569","17"
"2026-10-01T04:10:25.7357763-04:00","0.01","108.9","179.9","569","17"
"2026-10-01T04:10:30.7418220-04:00","0.02","108.9","179.9","569","17"
"2026-10-01T04:10:35.7696331-04:00","0.01","108.9","179.9","569","17"
"2026-10-01T04:10:40.7759222-04:00","0.01","108.9","179.9","569","17"
"2026-10-01T04:10:45.7904166-04:00","0.01","108.9","179.9","569","17"
"2026-10-01T04:10:50.8068002-04:00","0.01","108.9","179.9","569","17"
"2026-10-01T04:10:55.8130940-04:00","0.02","108.9","179.9","569","17"
"2026-10-01T04:11:00.8207837-04:00","0.02","108.9","179.9","569","17"
"2026-10-01T04:11:05.8304957-04:00","0.01","108.9","179.9","569","17"
"2026-10-01T04:11:10.8365577-04:00","0","108.9","179.9","569","17"
"2026-10-01T04:11:15.8568998-04:00","0.01","108.9","179.9","569","17"
"2026-10-01T04:11:20.8700383-04:00","0.01","108.9","179.9","572","18"
"2026-10-01T04:11:25.8872900-04:00","0.01","108.9","179.9","572","18"
"2026-10-01T04:11:30.8996891-04:00","0.01","108.9","179.9","572","18"
"2026-10-01T04:11:35.9156818-04:00","0.01","108.9","179.9","572","18"
"2026-10-01T04:11:40.9255584-04:00","0.01","108.9","179.9","572","17"
"2026-10-01T04:11:45.9322278-04:00","0","108.9","179.9","572","17"
"2026-10-01T04:11:50.9429966-04:00","0.019","108.9","179.9","572","17"
"2026-10-01T04:11:55.9546824-04:00","0","108.9","179.9","572","17"
"2026-10-01T04:12:00.9707474-04:00","0.01","108.9","179.9","575","18"
"2026-10-01T04:12:05.9856610-04:00","0","108.9","179.9","575","18"
"2026-10-01T04:12:10.9921006-04:00","0","108.9","179.9","575","18"
"2026-10-01T04:12:15.9988773-04:00","0","108.9","179.9","575","18"
"2026-10-01T04:12:21.0060004-04:00","0.02","108.9","179.9","575","17"
"2026-10-01T04:12:26.0199256-04:00","0.01","108.9","179.9","575","17"
"2026-10-01T04:12:31.0260058-04:00","0","108.9","179.9","575","17"
"2026-10-01T04:12:36.0335054-04:00","0.029","108.9","179.9","575","17"
"2026-10-01T04:12:41.0421001-04:00","0","108.9","179.9","575","17"
"2026-10-01T04:12:46.0548282-04:00","0.01","108.9","179.9","575","17"
"2026-10-01T04:12:51.0666234-04:00","0.01","108.9","179.9","575","17"
"2026-10-01T04:12:56.0747305-04:00","0","108.9","179.9","575","17"
"2026-10-01T04:13:01.0858813-04:00","0.01","108.9","179.9","578","18"
"2026-10-01T04:13:06.0947916-04:00","0.01","109.7","180.7","578","18"
"2026-10-01T04:13:11.1023395-04:00","0.01","108.9","179.9","578","18"
"2026-10-01T04:13:16.1144759-04:00","0.01","108.9","179.9","578","18"
"2026-10-01T04:13:21.1316267-04:00","0.01","108.9","179.9","578","18"
"2026-10-01T04:13:26.1467325-04:00","0.01","108.9","179.9","578","18"
"2026-10-01T04:13:31.1613845-04:00","0.01","108.9","179.9","578","18"
"2026-10-01T04:13:36.1739546-04:00","0.019","108.9","179.9","578","17"
"2026-10-01T04:13:41.1803692-04:00","0","108.9","179.9","581","18"
"2026-10-01T04:13:46.1923734-04:00","0.01","108.9","179.9","581","18"
"2026-10-01T04:13:51.2027680-04:00","0.01","108.9","179.9","581","18"
"2026-10-01T04:13:56.2151470-04:00","0.01","108.9","179.9","581","18"
"2026-10-01T04:14:01.2242948-04:00","0.01","108.9","179.9","581","18"
"2026-10-01T04:14:06.2304170-04:00","0.029","108.9","179.9","581","18"
"2026-10-01T04:14:11.2383758-04:00","0.01","108.9","179.9","581","18"
"2026-10-01T04:14:16.2546664-04:00","0.019","108.9","179.9","581","18"
"2026-10-01T04:14:21.2653431-04:00","0.01","108.9","179.9","581","18"
"2026-10-01T04:14:26.2791844-04:00","0.01","108.9","179.9","581","18"
"2026-10-01T04:14:31.2938795-04:00","0.01","108.9","179.9","581","18"
"2026-10-01T04:14:36.3075088-04:00","0.01","108.9","179.9","581","18"
"2026-10-01T04:14:41.3167568-04:00","0.01","108.9","179.9","581","17"
"2026-10-01T04:14:46.3257680-04:00","0.019","108.9","179.9","581","17"
"2026-10-01T04:14:51.3457141-04:00","0","108.9","179.9","581","17"
"2026-10-01T04:14:56.3580759-04:00","0.01","108.9","179.9","581","17"
"2026-10-01T04:15:01.3674988-04:00","0.01","108.9","179.9","584","18"
"2026-10-01T04:15:06.3746473-04:00","0","108.9","179.9","584","18"
"2026-10-01T04:15:11.3907922-04:00","0.01","108.9","179.9","584","18"
"2026-10-01T04:15:16.4039707-04:00","0.01","108.9","179.9","584","18"
"2026-10-01T04:15:21.4173651-04:00","0.019","108.9","179.9","584","18"
"2026-10-01T04:15:26.4293884-04:00","0.01","108.9","179.9","584","18"
"2026-10-01T04:15:31.4409306-04:00","0","108.9","179.9","584","18"
"2026-10-01T04:15:36.4500404-04:00","0.01","108.9","179.9","584","18"
"2026-10-01T04:15:41.4591120-04:00","0.01","108.9","179.9","584","18"
"2026-10-01T04:15:46.4646617-04:00","0.02","108.9","179.9","584","18"
"2026-10-01T04:15:51.4782898-04:00","0","108.9","179.9","584","17"
"2026-10-01T04:15:56.4946555-04:00","0.01","108.9","179.9","587","18"
"2026-10-01T04:16:01.5032362-04:00","0","108.9","179.9","584","17"
"2026-10-01T04:16:06.5129025-04:00","0.01","108.9","179.9","584","17"
"2026-10-01T04:16:11.5309032-04:00","0.01","108.9","179.9","584","17"
"2026-10-01T04:16:16.5525862-04:00","0.019","108.9","179.9","584","17"
"2026-10-01T04:16:21.5635609-04:00","0.01","108.9","179.9","584","17"
"2026-10-01T04:16:26.5691161-04:00","0.02","108.9","179.9","584","17"
"2026-10-01T04:16:31.5803000-04:00","0","108.9","179.9","584","17"
"2026-10-01T04:16:36.5894990-04:00","0.019","108.9","179.9","584","17"
"2026-10-01T04:16:41.5966012-04:00","0.01","108.9","179.9","587","18"
"2026-10-01T04:16:46.6070141-04:00","0.01","108.9","179.9","587","18"
"2026-10-01T04:16:51.6205503-04:00","0.01","108.9","179.9","587","18"
"2026-10-01T04:16:56.6313048-04:00","0.019","108.9","179.9","587","18"
"2026-10-01T04:17:01.6431697-04:00","0.01","108.9","179.9","587","18"
"2026-10-01T04:17:06.6535800-04:00","0.019","108.9","179.9","587","18"
"2026-10-01T04:17:11.6665071-04:00","0.019","108.9","179.9","587","17"
"2026-10-01T04:17:16.6733741-04:00","0.02","108.9","179.9","587","17"
"2026-10-01T04:17:21.6883449-04:00","0.019","108.9","179.9","590","18"
"2026-10-01T04:17:26.6991170-04:00","0.019","108.9","179.9","590","18"
"2026-10-01T04:17:31.7084919-04:00","0.019","108.9","179.9","590","18"
"2026-10-01T04:17:36.7154176-04:00","0","108.9","179.9","590","18"
"2026-10-01T04:17:41.7236312-04:00","0.019","108.9","179.9","590","18"
"2026-10-01T04:17:46.7337912-04:00","0.01","108.9","179.9","590","18"
"2026-10-01T04:17:51.7395730-04:00","0.02","108.9","179.9","590","18"
"2026-10-01T04:17:56.7457049-04:00","0","108.9","179.9","590","17"
"2026-10-01T04:18:01.7582540-04:00","0.01","108.9","179.9","590","17"
"2026-10-01T04:18:06.7692542-04:00","0.019","108.9","179.9","590","17"
"2026-10-01T04:18:11.7791063-04:00","0","108.9","179.9","590","17"
"2026-10-01T04:18:16.7862512-04:00","0.02","108.9","179.9","590","17"
"2026-10-01T04:18:21.8013947-04:00","0.01","108.9","179.9","590","17"
"2026-10-01T04:18:26.8113694-04:00","0.01","108.9","179.9","590","17"
"2026-10-01T04:18:31.8254685-04:00","0.01","108.9","179.9","590","17"
"2026-10-01T04:18:36.8383924-04:00","0.01","108.9","179.9","590","17"
"2026-10-01T04:18:41.8557347-04:00","0.019","108.9","179.9","590","17"
"2026-10-01T04:18:46.8645473-04:00","0.019","108.9","179.9","590","17"
"2026-10-01T04:18:51.8828540-04:00","0.01","108.9","179.9","590","17"
"2026-10-01T04:18:56.9007763-04:00","0","108.9","179.9","590","17"
"2026-10-01T04:19:01.9094415-04:00","0.019","108.9","179.9","590","17"
"2026-10-01T04:19:06.9493348-04:00","0.01","108.9","179.9","590","17"
"2026-10-01T04:19:11.9571722-04:00","0.01","108.9","179.9","590","17"
"2026-10-01T04:19:16.9729219-04:00","0.019","108.9","179.9","590","17"
"2026-10-01T04:19:21.9808301-04:00","0.01","108.9","179.9","590","17"
"2026-10-01T04:19:27.0010810-04:00","0.01","108.9","179.9","590","17"
"2026-10-01T04:19:32.0088794-04:00","0.01","108.9","179.9","590","17"
"2026-10-01T04:19:37.0202573-04:00","0.01","108.9","179.9","590","17"
"2026-10-01T04:19:42.0297882-04:00","0.01","108.9","179.9","593","18"
"2026-10-01T04:19:47.0403886-04:00","0.01","108.9","179.9","593","18"
"2026-10-01T04:19:52.0508619-04:00","0.019","108.9","179.9","593","18"
"2026-10-01T04:19:57.0644120-04:00","0.019","108.9","179.9","593","18"
"2026-10-01T04:20:02.0750942-04:00","0","108.9","179.9","593","17"
"2026-10-01T04:20:07.0824184-04:00","0.02","108.9","179.9","593","17"
"2026-10-01T04:20:12.0899347-04:00","0","109.7","180.7","593","17"
"2026-10-01T04:20:17.0967020-04:00","0.02","108.9","179.9","593","17"
"2026-10-01T04:20:22.1144136-04:00","0.019","108.9","179.9","593","17"
"2026-10-01T04:20:27.1269491-04:00","0.019","108.9","179.9","593","17"
"2026-10-01T04:20:32.1377656-04:00","0.01","108.9","179.9","593","17"
"2026-10-01T04:20:37.1476106-04:00","0.01","108.9","179.9","593","17"
"2026-10-01T04:20:42.1608591-04:00","0.019","108.9","179.9","593","17"
"2026-10-01T04:20:47.1727125-04:00","0.019","108.9","179.9","593","17"
"2026-10-01T04:20:52.1840655-04:00","0.019","108.9","179.9","596","18"
"2026-10-01T04:20:57.1944414-04:00","0","108.9","179.9","596","18"
"2026-10-01T04:21:02.2066438-04:00","0.019","108.9","179.9","596","18"
"2026-10-01T04:21:07.2122146-04:00","0.02","108.9","179.9","596","18"
"2026-10-01T04:21:12.2205600-04:00","0.019","108.9","179.9","596","17"
"2026-10-01T04:21:17.2284876-04:00","0.02","108.9","179.9","596","17"
"2026-10-01T04:21:22.2410024-04:00","0.019","108.9","179.9","596","17"
"2026-10-01T04:21:27.2507204-04:00","0.01","108.9","179.9","596","17"
"2026-10-01T04:21:32.2601074-04:00","0.01","108.9","179.9","599","18"
"2026-10-01T04:21:37.2711390-04:00","0","108.9","179.9","599","18"
"2026-10-01T04:21:42.2796250-04:00","0.019","108.9","179.9","599","18"
"2026-10-01T04:21:47.2892602-04:00","0","108.9","179.9","599","18"
"2026-10-01T04:21:52.2969185-04:00","0.01","108.9","179.9","599","17"
"2026-10-01T04:21:57.3062763-04:00","0.01","108.9","179.9","599","17"
"2026-10-01T04:22:02.3238189-04:00","0.019","108.9","179.9","599","17"
"2026-10-01T04:22:07.3379944-04:00","0.019","108.9","179.9","599","17"
"2026-10-01T04:22:12.3520127-04:00","0.019","108.9","179.9","602","18"
"2026-10-01T04:22:17.3636829-04:00","0","108.9","179.9","602","18"
"2026-10-01T04:22:22.3745633-04:00","0.019","108.9","179.9","602","18"
"2026-10-01T04:22:27.3866524-04:00","0.01","108.9","179.9","602","18"
"2026-10-01T04:22:32.3929696-04:00","0","108.9","179.9","602","17"
"2026-10-01T04:22:37.4025877-04:00","0.019","108.9","179.9","602","17"
"2026-10-01T04:22:42.4149289-04:00","0.01","108.9","179.9","602","17"
"2026-10-01T04:22:47.4219050-04:00","0","108.9","179.9","602","17"
"2026-10-01T04:22:52.4351336-04:00","0.019","108.9","179.9","602","17"
"2026-10-01T04:22:57.4425655-04:00","0","108.9","179.9","602","17"
"2026-10-01T04:23:02.4509635-04:00","0.01","108.9","179.9","605","18"
"2026-10-01T04:23:07.4639946-04:00","0.019","108.9","179.9","605","18"
"2026-10-01T04:23:12.4826561-04:00","0","108.9","179.9","605","18"
"2026-10-01T04:23:17.4911829-04:00","0.01","108.9","179.9","605","18"
"2026-10-01T04:23:22.5104976-04:00","0.019","108.9","179.9","605","17"
"2026-10-01T04:23:27.5214276-04:00","0.01","108.9","179.9","605","17"
"2026-10-01T04:23:32.5322336-04:00","0.01","108.9","179.9","605","17"
"2026-10-01T04:23:37.5409326-04:00","0.01","108.9","179.9","605","17"
"2026-10-01T04:23:42.5504260-04:00","0.01","108.9","179.9","605","17"
"2026-10-01T04:23:47.5610358-04:00","0","108.9","179.9","605","17"
"2026-10-01T04:23:52.5685157-04:00","0.029","108.9","179.9","605","17"
"2026-10-01T04:23:57.5759870-04:00","0","108.9","179.9","605","17"
"2026-10-01T04:24:02.5884973-04:00","0.01","108.9","179.9","608","18"
"2026-10-01T04:24:07.6010309-04:00","0.019","108.9","179.9","608","18"
"2026-10-01T04:24:12.6088331-04:00","0","108.9","179.9","608","18"
"2026-10-01T04:24:17.6271247-04:00","0.019","108.9","179.9","608","18"
"2026-10-01T04:24:22.6365399-04:00","0.019","108.9","179.9","608","17"
"2026-10-01T04:24:27.6470783-04:00","0.019","108.9","179.9","608","17"
"2026-10-01T04:24:32.6580451-04:00","0.01","108.9","179.9","608","17"
"2026-10-01T04:24:37.6659407-04:00","0.01","108.9","179.9","608","17"
"2026-10-01T04:24:42.6783316-04:00","0.019","108.9","179.9","608","17"
"2026-10-01T04:24:47.6842442-04:00","0","108.9","179.9","608","17"
"2026-10-01T04:24:52.6927565-04:00","0.019","108.9","179.9","608","17"
"2026-10-01T04:24:57.7010456-04:00","0","108.9","179.9","608","17"
"2026-10-01T04:25:02.7441460-04:00","0.01","108.9","179.9","608","17"
"2026-10-01T04:25:07.7613894-04:00","0.01","108.9","179.9","608","17"
"2026-10-01T04:25:12.7762069-04:00","0.01","108.9","179.9","608","17"
"2026-10-01T04:25:17.7942054-04:00","0.01","108.9","179.9","608","17"
"2026-10-01T04:25:22.8065721-04:00","0.029","108.9","179.9","608","17"
"2026-10-01T04:25:27.8257005-04:00","0.01","108.9","179.9","608","17"
"2026-10-01T04:25:32.8456117-04:00","0.029","108.9","179.9","608","17"
"2026-10-01T04:25:37.8577171-04:00","0","108.9","179.9","608","17"
"2026-10-01T04:25:42.8687744-04:00","0.01","108.9","179.9","611","18"
"2026-10-01T04:25:47.8847044-04:00","0","108.9","179.9","611","18"
"2026-10-01T04:25:52.8916113-04:00","0.02","108.9","179.9","611","18"
"2026-10-01T04:25:57.8986002-04:00","0","108.9","179.9","611","18"
"2026-10-01T04:26:02.9181801-04:00","0.019","108.9","179.9","611","17"
"2026-10-01T04:26:07.9378962-04:00","0.019","108.9","179.9","611","17"
"2026-10-01T04:26:12.9478862-04:00","0.01","108.9","179.9","611","17"
"2026-10-01T04:26:17.9552725-04:00","0.02","108.9","179.9","611","17"
"2026-10-01T04:26:22.9665848-04:00","0","108.9","179.9","611","17"
"2026-10-01T04:26:27.9735693-04:00","0.01","108.9","179.9","611","17"
"2026-10-01T04:26:32.9828186-04:00","0.019","108.9","179.9","611","17"
"2026-10-01T04:26:37.9938043-04:00","0","108.9","179.9","611","17"
"2026-10-01T04:26:43.0046424-04:00","0.019","108.9","179.9","611","17"
"2026-10-01T04:26:48.0130938-04:00","0","108.9","179.9","611","17"
"2026-10-01T04:26:53.0238422-04:00","0.01","108.9","179.9","611","17"
"2026-10-01T04:26:58.0430328-04:00","0.01","108.9","179.9","611","17"
"2026-10-01T04:27:03.0532825-04:00","0.01","108.9","179.9","611","17"
"2026-10-01T04:27:08.0611797-04:00","0.02","108.9","179.9","611","17"
"2026-10-01T04:27:13.0695153-04:00","0.01","108.9","179.9","611","17"
"2026-10-01T04:27:18.0831534-04:00","0.019","108.9","179.9","614","18"
"2026-10-01T04:27:23.0890894-04:00","0.02","108.9","179.9","614","18"
"2026-10-01T04:27:28.0960029-04:00","0.01","109.7","180.7","614","18"
"2026-10-01T04:27:33.1046672-04:00","0.01","108.9","179.9","614","18"
"2026-10-01T04:27:38.1283283-04:00","0.01","108.9","179.9","614","17"
"2026-10-01T04:27:43.1406420-04:00","0.019","108.9","179.9","614","17"
"2026-10-01T04:27:48.1516893-04:00","0.019","108.9","179.9","614","17"
"2026-10-01T04:27:53.1721392-04:00","0.019","108.9","179.9","614","17"
"2026-10-01T04:27:58.1790531-04:00","0.01","108.9","179.9","614","17"
"2026-10-01T04:28:03.1886776-04:00","0.01","108.9","179.9","614","17"
"2026-10-01T04:28:08.2059916-04:00","0.01","108.9","179.9","614","17"
"2026-10-01T04:28:13.2252770-04:00","0","108.9","179.9","614","17"
"2026-10-01T04:28:18.2459412-04:00","0.029","108.9","179.9","614","17"
"2026-10-01T04:28:23.2565640-04:00","0","108.9","179.9","614","17"
"2026-10-01T04:28:28.2660276-04:00","0.019","108.9","179.9","617","18"
"2026-10-01T04:28:33.2756972-04:00","0.01","108.9","179.9","617","18"
"2026-10-01T04:28:38.2836326-04:00","0.01","108.9","179.9","617","18"
"2026-10-01T04:28:43.2900800-04:00","0.02","108.9","179.9","617","18"
"2026-10-01T04:28:48.3001885-04:00","0.01","108.9","179.9","617","17"
"2026-10-01T04:28:53.3088158-04:00","0.01","108.9","179.9","617","17"
"2026-10-01T04:28:58.3178584-04:00","0.01","108.9","179.9","617","17"
"2026-10-01T04:29:03.3236124-04:00","0.02","108.9","179.9","617","17"
"2026-10-01T04:29:08.3357858-04:00","0.019","108.9","179.9","617","17"
"2026-10-01T04:29:13.3461945-04:00","0.01","108.9","179.9","617","17"
"2026-10-01T04:29:18.3542774-04:00","0.029","108.9","179.9","617","17"
"2026-10-01T04:29:23.3643546-04:00","0.01","108.9","179.9","617","17"
"2026-10-01T04:29:28.3755118-04:00","0.019","108.9","179.9","617","17"
"2026-10-01T04:29:33.3807928-04:00","0.01","108.9","179.9","617","17"
"2026-10-01T04:29:38.3966327-04:00","0.019","108.9","179.9","617","17"
"2026-10-01T04:29:43.4058370-04:00","0.01","108.9","179.9","617","17"
"2026-10-01T04:29:48.4192775-04:00","0.019","108.9","179.9","617","17"
"2026-10-01T04:29:53.4358773-04:00","0","108.9","179.9","617","17"
"2026-10-01T04:29:58.4445997-04:00","0.019","108.9","179.9","617","17"
"2026-10-01T04:30:03.4586282-04:00","0.01","108.9","179.9","617","17"
"2026-10-01T04:30:08.4708824-04:00","0.01","108.9","179.9","617","17"
"2026-10-01T04:30:13.4776079-04:00","0.02","108.9","179.9","617","17"
"2026-10-01T04:30:18.4898655-04:00","0.01","108.9","179.9","617","17"
"2026-10-01T04:30:23.4997579-04:00","0.01","108.9","179.9","617","17"
"2026-10-01T04:30:28.5161560-04:00","0.01","108.9","179.9","620","18"
"2026-10-01T04:30:33.5244444-04:00","0.019","108.9","179.9","620","18"
"2026-10-01T04:30:38.5302144-04:00","0.01","108.9","179.9","620","18"
"2026-10-01T04:30:43.5435695-04:00","0.01","108.9","179.9","620","18"
"2026-10-01T04:30:48.5571890-04:00","0.019","108.9","179.9","620","17"
"2026-10-01T04:30:53.5713450-04:00","0.01","108.9","179.9","623","18"
"2026-10-01T04:30:58.5840672-04:00","0.019","108.9","179.9","623","18"
"2026-10-01T04:31:03.5950023-04:00","0","108.9","179.9","623","18"
"2026-10-01T04:31:08.6030354-04:00","0.019","108.9","179.9","623","18"
"2026-10-01T04:31:13.6135473-04:00","0","108.9","179.9","623","18"
"2026-10-01T04:31:18.6266183-04:00","0.019","108.9","179.9","623","18"
"2026-10-01T04:31:23.6363823-04:00","0.01","108.9","179.9","623","18"
"2026-10-01T04:31:28.6427916-04:00","0.01","108.9","179.9","623","18"
"2026-10-01T04:31:33.6487263-04:00","0.02","108.9","179.9","623","18"
"2026-10-01T04:31:38.6634225-04:00","0.01","108.9","179.9","623","18"
"2026-10-01T04:31:43.6716894-04:00","0","108.9","179.9","623","17"
"2026-10-01T04:31:48.7097242-04:00","0.029","108.9","179.9","623","17"
"2026-10-01T04:31:53.7161632-04:00","0","108.9","179.9","623","17"
"2026-10-01T04:31:58.7228468-04:00","0.02","108.9","179.9","623","17"
"2026-10-01T04:32:03.7324479-04:00","0","108.9","179.9","623","17"
"2026-10-01T04:32:08.7491890-04:00","0.019","108.9","179.9","623","17"
"2026-10-01T04:32:13.7548723-04:00","0.02","108.9","179.9","623","17"
"2026-10-01T04:32:18.7755542-04:00","0","108.9","179.9","626","18"
"2026-10-01T04:32:23.7859955-04:00","0.01","108.9","179.9","626","18"
"2026-10-01T04:32:28.7982395-04:00","0.01","108.9","179.9","626","18"
"2026-10-01T04:32:33.8082943-04:00","0.01","108.9","179.9","626","18"
"2026-10-01T04:32:38.8163576-04:00","0.019","108.9","179.9","626","17"
"2026-10-01T04:32:43.8234161-04:00","0.01","108.9","179.9","626","17"
"2026-10-01T04:32:48.8314214-04:00","0.02","108.9","179.9","626","17"
"2026-10-01T04:32:53.8423135-04:00","0.019","108.9","179.9","629","18"
"2026-10-01T04:32:58.8492511-04:00","0.029","108.9","179.9","629","18"
"2026-10-01T04:33:03.8632793-04:00","0.01","108.9","179.9","629","18"
"2026-10-01T04:33:08.8834977-04:00","0","108.9","179.9","629","18"
"2026-10-01T04:33:13.8997828-04:00","0","108.9","179.9","629","18"
"2026-10-01T04:33:18.9267330-04:00","0.019","108.9","179.9","629","17"
"2026-10-01T04:33:23.9434613-04:00","0","108.9","179.9","632","18"
"2026-10-01T04:33:28.9564420-04:00","0.019","108.9","179.9","632","18"
"2026-10-01T04:33:33.9680819-04:00","0","108.9","179.9","632","18"
"2026-10-01T04:33:38.9763533-04:00","0.01","108.9","179.9","632","18"
"2026-10-01T04:33:43.9858816-04:00","0.01","108.9","179.9","632","18"
"2026-10-01T04:33:48.9935187-04:00","0","108.9","179.9","632","18"
"2026-10-01T04:33:54.0068744-04:00","0.01","108.9","179.9","632","18"
"2026-10-01T04:33:59.0254436-04:00","0","108.9","179.9","632","17"
"2026-10-01T04:34:04.0308693-04:00","0.01","108.9","179.9","632","17"
"2026-10-01T04:34:09.0377381-04:00","0.01","108.9","179.9","635","18"
"2026-10-01T04:34:14.0520169-04:00","0.019","108.9","179.9","635","18"
"2026-10-01T04:34:19.0638557-04:00","0.019","108.9","179.9","635","18"
"2026-10-01T04:34:24.0840555-04:00","0","109.7","180.7","635","18"
"2026-10-01T04:34:29.0971416-04:00","0.01","108.9","179.9","635","17"
"2026-10-01T04:34:34.1047997-04:00","0.01","108.9","179.9","635","17"
"2026-10-01T04:34:39.1226612-04:00","0.01","108.9","179.9","635","17"
"2026-10-01T04:34:44.1328826-04:00","0.01","108.9","179.9","635","17"
"2026-10-01T04:34:49.1427735-04:00","0.01","108.9","179.9","638","18"
"2026-10-01T04:34:54.1505638-04:00","0.02","108.9","179.9","638","18"
"2026-10-01T04:34:59.1705387-04:00","0.019","108.9","179.9","638","18"
"2026-10-01T04:35:04.1801983-04:00","0.01","108.9","179.9","638","18"
"2026-10-01T04:35:09.1857545-04:00","0.01","108.9","179.9","638","18"
"2026-10-01T04:35:14.1959115-04:00","0.019","108.9","179.9","638","18"
"2026-10-01T04:35:19.2030821-04:00","0.01","108.9","179.9","638","18"
"2026-10-01T04:35:24.2137811-04:00","0.01","108.9","179.9","638","18"
"2026-10-01T04:35:29.2254966-04:00","0","108.9","179.9","638","18"
"2026-10-01T04:35:34.2362602-04:00","0.01","108.9","179.9","638","18"
"2026-10-01T04:35:39.2538778-04:00","0.01","108.9","179.9","638","18"
"2026-10-01T04:35:44.2644749-04:00","0.019","108.9","179.9","638","18"
"2026-10-01T04:35:49.2769169-04:00","0.019","108.9","179.9","638","18"
"2026-10-01T04:35:54.2877619-04:00","0.01","108.9","179.9","638","18"
"2026-10-01T04:35:59.2957185-04:00","0.01","108.9","179.9","638","18"
"2026-10-01T04:36:04.3076334-04:00","0.019","108.9","179.9","638","18"
"2026-10-01T04:36:09.3167582-04:00","0","108.9","179.9","638","18"
"2026-10-01T04:36:14.3271092-04:00","0.019","108.9","179.9","638","18"
"2026-10-01T04:36:19.3339109-04:00","0.01","108.9","179.9","641","18"
"2026-10-01T04:36:24.3459256-04:00","0.01","108.9","179.9","638","17"
"2026-10-01T04:36:29.3608605-04:00","0.01","108.9","179.9","641","18"
"2026-10-01T04:36:34.3674866-04:00","0.02","108.9","179.9","641","18"
"2026-10-01T04:36:39.3798783-04:00","0.01","108.9","179.9","641","18"
"2026-10-01T04:36:44.3910413-04:00","0.01","108.9","179.9","641","18"
"2026-10-01T04:36:49.4026028-04:00","0.019","108.9","179.9","641","18"
"2026-10-01T04:36:54.4232586-04:00","0","108.9","179.9","641","18"
"2026-10-01T04:36:59.4300546-04:00","0.01","108.9","179.9","641","18"
"2026-10-01T04:37:04.4395272-04:00","0","108.9","179.9","641","18"
"2026-10-01T04:37:09.4595747-04:00","0.019","108.9","179.9","641","18"
"2026-10-01T04:37:14.4721452-04:00","0.019","108.9","179.9","641","18"
"2026-10-01T04:37:19.4848870-04:00","0.01","108.9","179.9","644","18"
"2026-10-01T04:37:24.4959185-04:00","0.01","108.9","179.9","644","18"
"2026-10-01T04:37:29.5152684-04:00","0","108.9","179.9","644","18"
"2026-10-01T04:37:34.5210640-04:00","0.02","108.9","179.9","644","18"
"2026-10-01T04:37:39.5348054-04:00","0.01","108.9","179.9","644","17"
"2026-10-01T04:37:44.5471070-04:00","0.019","108.9","179.9","644","17"
"2026-10-01T04:37:49.5584990-04:00","0.01","108.9","179.9","647","18"
"2026-10-01T04:37:54.5709400-04:00","0.01","108.9","179.9","647","18"
"2026-10-01T04:37:59.5825615-04:00","0","108.9","179.9","647","18"
"2026-10-01T04:38:04.5939992-04:00","0.01","108.9","179.9","647","18"
"2026-10-01T04:38:09.6045749-04:00","0.019","109","180","650","19"
"2026-10-01T04:38:14.6120968-04:00","0.01","108.9","179.9","569","17"
"2026-10-01T04:38:19.6328319-04:00","0.019","108.9","179.9","569","17"
"2026-10-01T04:38:24.6447559-04:00","0.01","108.9","179.9","569","17"
"2026-10-01T04:38:29.6515834-04:00","0.01","108.9","179.9","569","17"
"2026-10-01T04:38:34.6619987-04:00","0.019","109","179.9","572","18"
"2026-10-01T04:38:39.6732523-04:00","0","109","179.9","572","18"
"2026-10-01T04:38:44.6968040-04:00","0.019","109","179.9","572","18"
"2026-10-01T04:38:49.7041699-04:00","0.01","109","179.9","572","18"
"2026-10-01T04:38:54.7200388-04:00","0.029","108.9","179.9","572","17"
"2026-10-01T04:38:59.7263014-04:00","0.01","108.9","179.9","572","17"
"2026-10-01T04:39:04.7367637-04:00","0.019","108.9","179.9","572","17"
"2026-10-01T04:39:09.7454623-04:00","0.01","108.9","179.9","572","17"
"2026-10-01T04:39:14.7625308-04:00","0.01","108.9","179.9","572","17"
"2026-10-01T04:39:19.7699298-04:00","0.01","108.9","179.9","572","17"
"2026-10-01T04:39:24.7764161-04:00","0","108.9","179.9","572","17"
"2026-10-01T04:39:29.7883444-04:00","0.01","108.9","179.9","572","17"
"2026-10-01T04:39:34.7992900-04:00","0.019","108.9","179.9","572","17"
"2026-10-01T04:39:39.8115177-04:00","0","109","179.9","575","18"
"2026-10-01T04:39:44.8205721-04:00","0.01","109","179.9","575","18"
"2026-10-01T04:39:49.8311741-04:00","0.01","109","179.9","575","18"
"2026-10-01T04:39:54.8460110-04:00","0.01","109","179.9","575","18"
"2026-10-01T04:39:59.8570903-04:00","0","108.9","179.9","575","17"
"2026-10-01T04:40:04.8696668-04:00","0.01","108.9","179.9","575","17"
"2026-10-01T04:40:09.8846287-04:00","0.01","108.9","179.9","575","17"
"2026-10-01T04:40:14.8939008-04:00","0.019","108.9","179.9","575","17"
"2026-10-01T04:40:19.9037770-04:00","0","108.9","179.9","575","17"
"2026-10-01T04:40:24.9122589-04:00","0.01","108.9","179.9","575","17"
"2026-10-01T04:40:29.9517468-04:00","0","108.9","179.9","575","17"
"2026-10-01T04:40:34.9616676-04:00","0.01","108.9","179.9","575","17"
"2026-10-01T04:40:39.9705501-04:00","0.019","109","179.9","578","18"
"2026-10-01T04:40:44.9837537-04:00","0.01","109","179.9","578","18"
"2026-10-01T04:40:49.9936534-04:00","0","109","179.9","578","18"
"2026-10-01T04:40:55.0047646-04:00","0.019","109","179.9","578","18"
"2026-10-01T04:41:00.0250439-04:00","0","109","179.9","578","18"
"2026-10-01T04:41:05.0328907-04:00","0.02","109","179.9","578","18"
"2026-10-01T04:41:10.0432306-04:00","0","108.9","179.9","578","17"
"2026-10-01T04:41:15.0552560-04:00","0.01","109","179.9","581","18"
"2026-10-01T04:41:20.0655128-04:00","0.019","109","179.9","581","18"
"2026-10-01T04:41:25.0853094-04:00","0","109","179.9","581","18"
"2026-10-01T04:41:30.0961052-04:00","0.019","109.8","180.7","581","18"
"2026-10-01T04:41:35.1029516-04:00","0.01","108.9","179.9","581","17"
"2026-10-01T04:41:40.1118981-04:00","0.029","108.9","179.9","581","17"
"2026-10-01T04:41:45.1260670-04:00","0.01","108.9","179.9","581","17"
"2026-10-01T04:41:50.1467013-04:00","0.01","108.9","179.9","581","17"
"2026-10-01T04:41:55.1575595-04:00","0.01","108.9","179.9","581","17"
"2026-10-01T04:42:00.1954921-04:00","0.01","108.9","179.9","581","17"
"2026-10-01T04:42:05.2018426-04:00","0.02","108.9","179.9","581","17"
"2026-10-01T04:42:10.2140171-04:00","0.019","108.9","179.9","581","17"
"2026-10-01T04:42:15.2249406-04:00","0","108.9","179.9","581","17"
"2026-10-01T04:42:20.2309597-04:00","0.02","108.9","179.9","581","17"
"2026-10-01T04:42:25.2399497-04:00","0.01","108.9","179.9","581","17"
"2026-10-01T04:42:30.2480241-04:00","0.019","108.9","179.9","581","17"
"2026-10-01T04:42:35.2569871-04:00","0","108.9","179.9","581","17"
"2026-10-01T04:42:40.2637305-04:00","0.01","108.9","179.9","581","17"
"2026-10-01T04:42:45.2714214-04:00","0","108.9","179.9","581","17"
"2026-10-01T04:42:50.2848142-04:00","0.019","108.9","179.9","581","17"
"2026-10-01T04:42:55.3001515-04:00","0.01","108.9","179.9","581","17"
"2026-10-01T04:43:00.3101141-04:00","0.019","108.9","179.9","581","17"
"2026-10-01T04:43:05.3239152-04:00","0.01","108.9","179.9","581","17"
"2026-10-01T04:43:10.3329232-04:00","0.01","108.9","179.9","584","18"
"2026-10-01T04:43:15.3395479-04:00","0.01","108.9","179.9","584","18"
"2026-10-01T04:43:20.3574812-04:00","0.019","108.9","179.9","584","18"
"2026-10-01T04:43:25.3677879-04:00","0.01","108.9","179.9","584","18"
"2026-10-01T04:43:30.3807601-04:00","0.019","108.9","179.9","584","18"
"2026-10-01T04:43:35.3921574-04:00","0.01","108.9","179.9","584","18"
"2026-10-01T04:43:40.4020284-04:00","0.019","108.9","179.9","584","18"
"2026-10-01T04:43:45.4209581-04:00","0","108.9","179.9","584","18"
"2026-10-01T04:43:50.4297003-04:00","0.019","108.9","179.9","584","17"
"2026-10-01T04:43:55.4390187-04:00","0","108.9","179.9","584","17"
"2026-10-01T04:44:00.4547181-04:00","0.019","108.9","179.9","584","17"
"2026-10-01T04:44:05.4624027-04:00","0.01","108.9","179.9","584","17"
"2026-10-01T04:44:10.4963268-04:00","0","108.9","179.9","584","17"
"2026-10-01T04:44:15.5037866-04:00","0.01","108.9","179.9","584","17"
"2026-10-01T04:44:20.5128227-04:00","0.019","108.9","179.9","584","17"
"2026-10-01T04:44:25.5213700-04:00","0.019","108.9","179.9","584","17"
"2026-10-01T04:44:30.5347689-04:00","0.019","108.9","179.9","584","17"
"2026-10-01T04:44:35.5450092-04:00","0.01","108.9","179.9","584","17"
"2026-10-01T04:44:40.5565678-04:00","0.019","108.9","179.9","584","17"
"2026-10-01T04:44:45.5687961-04:00","0.01","108.9","179.9","584","17"
"2026-10-01T04:44:50.5760771-04:00","0.01","108.9","179.9","584","17"
"2026-10-01T04:44:55.5967706-04:00","0","108.9","179.9","584","17"
"2026-10-01T04:45:00.6084138-04:00","0.01","108.9","179.9","584","17"
"2026-10-01T04:45:05.6182457-04:00","0.01","108.9","179.9","584","17"
"2026-10-01T04:45:10.6279489-04:00","0.019","108.9","179.9","584","17"
"2026-10-01T04:45:15.6404533-04:00","0.01","108.9","179.9","587","18"
"2026-10-01T04:45:20.6463931-04:00","0.02","108.9","179.9","587","18"
"2026-10-01T04:45:25.6551915-04:00","0","108.9","179.9","587","18"
"2026-10-01T04:45:30.6765256-04:00","0.029","108.9","179.9","587","18"
"2026-10-01T04:45:35.6969602-04:00","0","108.9","179.9","587","17"
"2026-10-01T04:45:40.7043607-04:00","0.02","108.9","179.9","587","17"
"2026-10-01T04:45:45.7160568-04:00","0.01","108.9","179.9","587","17"
"2026-10-01T04:45:50.7226091-04:00","0.02","108.9","179.9","587","17"
"2026-10-01T04:45:55.7346932-04:00","0","108.9","179.9","587","17"
"2026-10-01T04:46:00.7474563-04:00","0.01","108.9","179.9","587","17"
"2026-10-01T04:46:05.7555191-04:00","0.019","108.9","179.9","587","17"
"2026-10-01T04:46:10.7709593-04:00","0","108.9","179.9","590","18"
"2026-10-01T04:46:15.7781532-04:00","0","108.9","179.9","590","18"
"2026-10-01T04:46:20.7863293-04:00","0.019","108.9","179.9","590","18"
"2026-10-01T04:46:25.8068095-04:00","0","108.9","179.9","590","18"
"2026-10-01T04:46:30.8255914-04:00","0","108.9","179.9","590","17"
"2026-10-01T04:46:35.8348093-04:00","0.01","108.9","179.9","590","17"
"2026-10-01T04:46:40.8418056-04:00","0.01","108.9","179.9","590","17"
"2026-10-01T04:46:45.8501133-04:00","0","108.9","179.9","590","17"
"2026-10-01T04:46:50.8584926-04:00","0.01","108.9","179.9","590","17"
"2026-10-01T04:46:55.8657943-04:00","0.01","108.9","179.9","590","17"
"2026-10-01T04:47:00.8792217-04:00","0","108.9","179.9","590","17"
"2026-10-01T04:47:05.8879736-04:00","0","108.9","179.9","590","17"
"2026-10-01T04:47:11.4727789-04:00","0.017","108.9","179.9","593","18"
"2026-10-01T04:47:16.4926910-04:00","0.029","108.9","179.9","593","18"
"2026-10-01T04:47:21.5027988-04:00","0.01","108.9","179.9","593","18"
"2026-10-01T04:47:26.5084296-04:00","0.01","108.9","179.9","593","17"
"2026-10-01T04:47:31.5260376-04:00","0","108.9","179.9","593","17"
"2026-10-01T04:47:36.5456933-04:00","0","108.9","179.9","593","17"
"2026-10-01T04:47:41.5632446-04:00","0.01","108.9","179.9","593","17"
"2026-10-01T04:47:46.5735696-04:00","0.019","108.9","179.9","593","17"
"2026-10-01T04:47:51.5814506-04:00","0.01","108.9","179.9","593","17"
"2026-10-01T04:47:57.7182671-04:00","0.008","108.9","179.9","593","17"
"2026-10-01T04:48:02.7255700-04:00","0.02","108.9","179.9","593","17"
"2026-10-01T04:48:07.7359538-04:00","0.01","108.9","179.9","593","17"
"2026-10-01T04:48:12.7456806-04:00","0.01","108.9","179.9","596","18"
"2026-10-01T04:48:17.7557318-04:00","0.01","108.9","179.9","596","18"
"2026-10-01T04:48:22.7633084-04:00","0","108.9","179.9","596","18"
"2026-10-01T04:48:27.7710777-04:00","0.029","108.9","179.9","596","18"
"2026-10-01T04:48:32.7774135-04:00","0","108.9","179.9","596","17"
"2026-10-01T04:48:37.7831991-04:00","0.02","108.9","179.9","596","17"
"2026-10-01T04:48:42.7914053-04:00","0.01","108.9","179.9","599","18"
"2026-10-01T04:48:47.8039851-04:00","0.01","108.9","179.9","599","18"
"2026-10-01T04:48:52.8121952-04:00","0.01","108.9","179.9","599","18"
"2026-10-01T04:48:57.8194043-04:00","0.02","108.9","179.9","599","18"
"2026-10-01T04:49:02.8399127-04:00","0","108.9","179.9","599","18"
"2026-10-01T04:49:07.8506677-04:00","0.019","108.9","179.9","599","18"
"2026-10-01T04:49:12.8585482-04:00","0.02","108.9","179.9","599","18"
"2026-10-01T04:49:17.8767260-04:00","0.019","108.9","179.9","599","18"
"2026-10-01T04:49:22.8824991-04:00","0.01","108.9","179.9","599","18"
"2026-10-01T04:49:27.8920618-04:00","0.01","108.9","179.9","599","18"
"2026-10-01T04:49:32.9061401-04:00","0.019","108.9","179.9","599","18"
"2026-10-01T04:49:37.9216640-04:00","0.01","108.9","179.9","599","18"
"2026-10-01T04:49:42.9367995-04:00","0.019","108.9","179.9","599","18"
"2026-10-01T04:49:47.9512306-04:00","0","108.9","179.9","599","18"
"2026-10-01T04:49:52.9626750-04:00","0.01","108.9","179.9","599","18"
"2026-10-01T04:49:57.9759085-04:00","0.019","108.9","179.9","599","18"
"2026-10-01T04:50:02.9945942-04:00","0.01","108.9","179.9","599","18"
"2026-10-01T04:50:08.0012345-04:00","0.02","108.9","179.9","599","18"
"2026-10-01T04:50:13.0150008-04:00","0.01","108.9","179.9","599","18"
"2026-10-01T04:50:18.0270980-04:00","0.01","108.9","179.9","599","17"
"2026-10-01T04:50:23.0382164-04:00","0.01","108.9","179.9","599","17"
"2026-10-01T04:50:28.0579407-04:00","0.01","108.9","179.9","599","17"
"2026-10-01T04:50:33.0648280-04:00","0.02","108.9","179.9","599","17"
"2026-10-01T04:50:38.0759913-04:00","0.01","108.9","179.9","599","17"
"2026-10-01T04:50:43.0888314-04:00","0.01","108.9","179.9","599","17"
"2026-10-01T04:50:48.0981754-04:00","0.019","109.7","180.7","602","18"
"2026-10-01T04:50:53.1066030-04:00","0.01","108.9","179.9","602","18"
"2026-10-01T04:50:58.1151550-04:00","0","108.9","179.9","602","18"
"2026-10-01T04:51:03.1233335-04:00","0.019","108.9","179.9","602","18"
"2026-10-01T04:51:08.1364971-04:00","0.01","108.9","179.9","602","18"
"2026-10-01T04:51:13.1472759-04:00","0","108.9","179.9","602","17"
"2026-10-01T04:51:18.1604900-04:00","0.01","108.9","179.9","602","17"
"2026-10-01T04:51:23.1680637-04:00","0.01","108.9","179.9","602","17"
"2026-10-01T04:51:28.1796134-04:00","0.019","108.9","179.9","602","17"
"2026-10-01T04:51:33.1861224-04:00","0.02","108.9","179.9","602","17"
"2026-10-01T04:51:38.1993752-04:00","0.01","108.9","179.9","605","18"
"2026-10-01T04:51:43.2133180-04:00","0.01","108.9","179.9","605","18"
"2026-10-01T04:51:48.2205247-04:00","0.02","108.9","179.9","605","18"
"2026-10-01T04:51:53.2321969-04:00","0.01","108.9","179.9","605","18"
"2026-10-01T04:51:58.2529532-04:00","0.01","108.9","179.9","608","18"
"2026-10-01T04:52:03.2590162-04:00","0","108.9","179.9","608","18"
"2026-10-01T04:52:08.2695231-04:00","0.01","108.9","179.9","608","18"
"2026-10-01T04:52:13.2879284-04:00","0.019","108.9","179.9","608","18"
"2026-10-01T04:52:18.2977688-04:00","0.01","108.9","179.9","608","17"
"2026-10-01T04:52:23.3088016-04:00","0.019","108.9","179.9","608","17"
"2026-10-01T04:52:28.3211138-04:00","0.01","108.9","179.9","608","17"
"2026-10-01T04:52:33.3290456-04:00","0.01","108.9","179.9","608","17"
"2026-10-01T04:52:38.3376476-04:00","0.029","108.9","179.9","611","18"
"2026-10-01T04:52:43.3537189-04:00","0","108.9","179.9","611","18"
"2026-10-01T04:52:48.3646376-04:00","0.01","108.9","179.9","611","18"
"2026-10-01T04:52:53.3705779-04:00","0.01","108.9","179.9","611","18"
"2026-10-01T04:52:58.3794560-04:00","0.01","108.9","179.9","611","17"
"2026-10-01T04:53:03.3910100-04:00","0.01","108.9","179.9","611","17"
"2026-10-01T04:53:08.4012604-04:00","0.01","108.9","179.9","611","17"
"2026-10-01T04:53:13.4107300-04:00","0.01","108.9","179.9","614","18"
"2026-10-01T04:53:18.4237942-04:00","0.029","108.9","179.9","614","18"
"2026-10-01T04:53:23.4292746-04:00","0.02","108.9","179.9","614","18"
"2026-10-01T04:53:28.4419474-04:00","0.01","108.9","179.9","614","18"
"2026-10-01T04:53:33.4514016-04:00","0.01","108.9","179.9","614","18"
"2026-10-01T04:53:38.4584288-04:00","0.02","108.9","179.9","614","18"
"2026-10-01T04:53:43.4670171-04:00","0.01","108.9","179.9","614","18"
"2026-10-01T04:53:48.4759491-04:00","0.01","108.9","179.9","614","18"
"2026-10-01T04:53:53.4873197-04:00","0","108.9","179.9","614","17"
"2026-10-01T04:53:58.4947567-04:00","0.01","108.9","179.9","614","17"
"2026-10-01T04:54:03.5030777-04:00","0.01","108.9","179.9","614","17"
"2026-10-01T04:54:08.5086578-04:00","0.029","108.9","179.9","614","17"
"2026-10-01T04:54:13.5203619-04:00","0","108.9","179.9","617","18"
"2026-10-01T04:54:18.5310748-04:00","0.019","108.9","179.9","617","18"
"2026-10-01T04:54:23.5378328-04:00","0.01","108.9","179.9","617","18"
"2026-10-01T04:54:28.5468099-04:00","0","108.9","179.9","617","18"
"2026-10-01T04:54:33.5593923-04:00","0.019","108.9","179.9","617","18"
"2026-10-01T04:54:38.5717924-04:00","0.019","108.9","179.9","617","18"
"2026-10-01T04:54:43.5853643-04:00","0.01","108.9","179.9","617","18"
"2026-10-01T04:54:48.5935614-04:00","0.01","108.9","179.9","617","17"
"2026-10-01T04:54:53.6075670-04:00","0.01","108.9","179.9","617","17"
"2026-10-01T04:54:58.6239888-04:00","0.01","108.9","179.9","620","18"
"2026-10-01T04:55:03.6405302-04:00","0.01","108.9","179.9","620","18"
"2026-10-01T04:55:08.6509007-04:00","0.01","108.9","179.9","620","18"
"2026-10-01T04:55:13.6587447-04:00","0.01","108.9","179.9","620","18"
"2026-10-01T04:55:18.6689853-04:00","0.01","108.9","179.9","620","18"
"2026-10-01T04:55:23.6828024-04:00","0.01","108.9","179.9","620","18"
"2026-10-01T04:55:28.6960571-04:00","0.01","108.9","179.9","620","18"
"2026-10-01T04:55:33.7038324-04:00","0","108.9","179.9","620","18"
"2026-10-01T04:55:38.7216457-04:00","0.019","108.9","179.9","620","17"
"2026-10-01T04:55:43.7404490-04:00","0.019","108.9","179.9","620","17"
"2026-10-01T04:55:48.7532238-04:00","0.01","108.9","179.9","623","18"
"2026-10-01T04:55:53.7644992-04:00","0","108.9","179.9","623","18"
"2026-10-01T04:55:58.7737089-04:00","0.01","108.9","179.9","623","18"
"2026-10-01T04:56:03.7880328-04:00","0.01","108.9","179.9","623","18"
"2026-10-01T04:56:08.8026909-04:00","0.029","108.9","179.9","626","18"
"2026-10-01T04:56:13.8152961-04:00","0.01","108.9","179.9","626","18"
"2026-10-01T04:56:18.8293200-04:00","0.019","108.9","179.9","626","18"
"2026-10-01T04:56:23.8461774-04:00","0.01","108.9","179.9","626","18"
"2026-10-01T04:56:28.8546696-04:00","0.01","108.9","179.9","626","17"
"2026-10-01T04:56:33.8671427-04:00","0.01","108.9","179.9","626","17"
"2026-10-01T04:56:38.8753553-04:00","0.01","108.9","179.9","626","17"
"2026-10-01T04:56:43.8855765-04:00","0.01","108.9","179.9","626","17"
"2026-10-01T04:56:48.8950113-04:00","0.01","108.9","179.9","629","18"
"2026-10-01T04:56:53.9058875-04:00","0","108.9","179.9","629","18"
"2026-10-01T04:56:58.9152819-04:00","0.01","108.9","179.9","629","18"
"2026-10-01T04:57:03.9261542-04:00","0.01","108.9","179.9","629","18"
"2026-10-01T04:57:08.9345979-04:00","0.01","108.9","179.9","629","17"
"2026-10-01T04:57:13.9467289-04:00","0.01","108.9","179.9","629","17"
"2026-10-01T04:57:18.9557953-04:00","0.019","108.9","179.9","629","17"
"2026-10-01T04:57:23.9625186-04:00","0","108.9","179.9","629","17"
"2026-10-01T04:57:28.9831835-04:00","0.019","108.9","179.9","629","17"
"2026-10-01T04:57:33.9919585-04:00","0.01","108.9","179.9","629","17"
"2026-10-01T04:57:38.9977231-04:00","0.02","108.9","179.9","629","17"
"2026-10-01T04:57:44.0039810-04:00","0.01","108.9","179.9","629","17"
"2026-10-01T04:57:49.0137250-04:00","0.01","108.9","179.9","629","17"
"2026-10-01T04:57:54.0232032-04:00","0","108.9","179.9","629","17"
"2026-10-01T04:57:59.0378678-04:00","0.01","108.9","179.9","629","17"
"2026-10-01T04:58:04.0474400-04:00","0.01","108.9","179.9","629","17"
"2026-10-01T04:58:09.0603752-04:00","0.01","108.9","179.9","629","17"
"2026-10-01T04:58:14.0678761-04:00","0.01","108.9","179.9","629","17"
"2026-10-01T04:58:19.0855541-04:00","0.01","108.9","179.9","632","18"
"2026-10-01T04:58:24.0980659-04:00","0.01","109.7","180.7","632","18"
"2026-10-01T04:58:29.1076102-04:00","0.019","108.9","179.9","632","18"
"2026-10-01T04:58:34.1194681-04:00","0.019","108.9","179.9","632","18"
"2026-10-01T04:58:39.1264475-04:00","0.01","108.9","179.9","632","18"
"2026-10-01T04:58:44.1390689-04:00","0.029","108.9","179.9","632","18"
"2026-10-01T04:58:49.1447625-04:00","0","108.9","179.9","632","17"
"2026-10-01T04:58:54.1625447-04:00","0","108.9","179.9","632","17"
"2026-10-01T04:58:59.1715095-04:00","0.019","108.9","179.9","632","17"
"2026-10-01T04:59:04.1838572-04:00","0.019","108.9","179.9","632","17"
"2026-10-01T04:59:09.1968292-04:00","0.01","108.9","179.9","632","17"
"2026-10-01T04:59:14.2058510-04:00","0.019","108.9","179.9","632","17"
"2026-10-01T04:59:19.2212071-04:00","0.01","108.9","179.9","632","17"
"2026-10-01T04:59:24.2354383-04:00","0.019","108.9","179.9","632","17"
"2026-10-01T04:59:29.2518623-04:00","0.01","108.9","179.9","632","17"
"2026-10-01T04:59:34.2608542-04:00","0.019","108.9","179.9","632","17"
"2026-10-01T04:59:39.2684536-04:00","0","108.9","179.9","635","18"
"2026-10-01T04:59:44.2789696-04:00","0","108.9","179.9","635","18"
"2026-10-01T04:59:49.2863309-04:00","0","108.9","179.9","635","18"
"2026-10-01T04:59:54.2989961-04:00","0.019","108.9","179.9","635","18"
"2026-10-01T04:59:59.3089111-04:00","0.01","108.9","179.9","635","17"
"2026-10-01T05:00:04.3174911-04:00","0.01","108.9","179.9","635","17"
"2026-10-01T05:00:09.3462733-04:00","0.01","108.9","179.9","638","18"
"2026-10-01T05:00:14.3552363-04:00","0.019","108.9","179.9","638","18"
"2026-10-01T05:00:19.3713175-04:00","0.01","108.9","179.9","638","18"
"2026-10-01T05:00:24.3814701-04:00","0.01","108.9","179.9","638","18"
"2026-10-01T05:00:29.3914320-04:00","0.01","108.9","179.9","641","18"
"2026-10-01T05:00:34.4034347-04:00","0.01","108.9","179.9","641","18"
"2026-10-01T05:00:39.4226315-04:00","0","108.9","179.9","641","18"
"2026-10-01T05:00:44.4310544-04:00","0.019","108.9","179.9","641","18"
"2026-10-01T05:00:49.4449567-04:00","0.01","108.9","179.9","641","17"
"2026-10-01T05:00:54.4524368-04:00","0.01","108.9","179.9","641","17"
"2026-10-01T05:00:59.4604177-04:00","0.01","108.9","179.9","641","17"
"2026-10-01T05:01:04.4789551-04:00","0.019","108.9","179.9","641","17"
"2026-10-01T05:01:09.4887258-04:00","0","108.9","179.9","644","18"
"2026-10-01T05:01:14.5028298-04:00","0.01","108.9","179.9","644","18"
"2026-10-01T05:01:19.5108803-04:00","0.01","108.9","179.9","644","18"
"2026-10-01T05:01:24.5174373-04:00","0","108.9","179.9","644","18"
"2026-10-01T05:01:29.5279997-04:00","0.01","108.9","179.9","644","17"
"2026-10-01T05:01:34.5393961-04:00","0.01","108.9","179.9","644","17"
"2026-10-01T05:01:39.5555657-04:00","0.01","108.9","179.9","644","17"
"2026-10-01T05:01:44.5686467-04:00","0.01","108.9","179.9","644","17"
"2026-10-01T05:01:49.5807130-04:00","0","108.9","179.9","644","17"
"2026-10-01T05:01:54.5922582-04:00","0.01","108.9","179.9","644","17"
"2026-10-01T05:01:59.6022779-04:00","0.019","108.9","179.9","647","18"
"2026-10-01T05:02:04.6122513-04:00","0.019","108.9","179.9","647","18"
"2026-10-01T05:02:09.6220663-04:00","0.01","108.9","179.9","647","18"
"2026-10-01T05:02:14.6278268-04:00","0.02","108.9","179.9","647","18"
"2026-10-01T05:02:19.6348686-04:00","0.02","108.9","179.9","647","18"
"2026-10-01T05:02:24.6427344-04:00","0.02","108.9","179.9","647","18"
"2026-10-01T05:02:29.6517133-04:00","0.01","108.9","179.9","650","18"
"2026-10-01T05:02:34.6580890-04:00","0.02","108.9","179.9","650","18"
"2026-10-01T05:02:39.6811205-04:00","0.01","108.9","179.9","650","18"
"2026-10-01T05:02:44.6946065-04:00","0.019","108.9","179.9","650","18"
"2026-10-01T05:02:49.7005829-04:00","0","108.9","179.9","650","18"
"2026-10-01T05:02:54.7145268-04:00","0.01","108.9","179.9","650","17"
"2026-10-01T05:02:59.7219738-04:00","0.01","108.9","179.9","650","17"
"2026-10-01T05:03:04.7299247-04:00","0.01","108.9","179.9","650","17"
"2026-10-01T05:03:09.7408726-04:00","0.01","108.9","179.9","653","18"
"2026-10-01T05:03:14.7613668-04:00","0","108.9","179.9","653","18"
"2026-10-01T05:03:19.7807387-04:00","0.01","108.9","179.9","653","18"
"2026-10-01T05:03:24.7905628-04:00","0.01","108.9","179.9","653","18"
"2026-10-01T05:03:29.8096595-04:00","0","108.9","179.9","653","17"
"2026-10-01T05:03:34.8271502-04:00","0.019","108.9","179.9","653","17"
"2026-10-01T05:03:39.8384433-04:00","0.019","108.9","179.9","653","17"
"2026-10-01T05:03:44.8447469-04:00","0.02","108.9","179.9","653","17"
"2026-10-01T05:03:49.8553142-04:00","0","108.9","179.9","653","17"
"2026-10-01T05:03:54.8645276-04:00","0.019","108.9","179.9","656","18"
"2026-10-01T05:03:59.8705492-04:00","0","108.9","179.9","656","18"
"2026-10-01T05:04:04.8796725-04:00","0.019","108.9","179.9","656","18"
"2026-10-01T05:04:09.8920982-04:00","0.01","108.9","179.9","656","18"
"2026-10-01T05:04:14.9029511-04:00","0.01","108.9","179.9","656","18"
"2026-10-01T05:04:19.9109617-04:00","0.01","108.9","179.9","656","17"
"2026-10-01T05:04:24.9207825-04:00","0.01","108.9","179.9","656","17"
"2026-10-01T05:04:29.9289917-04:00","0","108.9","179.9","656","17"
"2026-10-01T05:04:34.9413041-04:00","0.019","108.9","179.9","656","17"
"2026-10-01T05:04:39.9548026-04:00","0.01","108.9","179.9","659","18"
"2026-10-01T05:04:44.9605888-04:00","0","108.9","179.9","659","18"
"2026-10-01T05:04:49.9689204-04:00","0.019","108.9","179.9","659","18"
"2026-10-01T05:04:54.9767519-04:00","0.01","108.9","179.9","659","18"
"2026-10-01T05:04:59.9864679-04:00","0.019","108.9","179.9","659","17"
"2026-10-01T05:05:04.9926460-04:00","0","108.9","179.9","659","17"
"2026-10-01T05:05:10.0058495-04:00","0.01","108.9","179.9","659","17"
"2026-10-01T05:05:15.0159868-04:00","0.019","108.9","179.9","662","18"
"2026-10-01T05:05:20.0235104-04:00","0.01","108.9","179.9","662","18"
"2026-10-01T05:05:25.0383274-04:00","0.01","108.9","179.9","662","18"
"2026-10-01T05:05:30.0442236-04:00","0.02","108.9","179.9","662","18"
"2026-10-01T05:05:35.0544650-04:00","0.01","108.9","179.9","662","18"
"2026-10-01T05:05:40.0687964-04:00","0.01","108.9","179.9","662","18"
"2026-10-01T05:05:45.0822041-04:00","0.01","108.9","179.9","662","18"
"2026-10-01T05:05:50.0929870-04:00","0.01","109.7","180.7","662","17"
"2026-10-01T05:05:55.1089005-04:00","0.01","108.9","179.9","662","17"
"2026-10-01T05:06:00.1166665-04:00","0.01","108.9","179.9","662","17"
"2026-10-01T05:06:05.1218146-04:00","0.01","108.9","179.9","662","17"
"2026-10-01T05:06:10.1321892-04:00","0","108.9","179.9","665","18"
"2026-10-01T05:06:15.1468193-04:00","0.01","108.9","179.9","665","18"
"2026-10-01T05:06:20.1617480-04:00","0.019","108.9","179.9","665","18"
"2026-10-01T05:06:25.1686005-04:00","0.02","108.9","179.9","665","18"
"2026-10-01T05:06:30.1766843-04:00","0.01","108.9","179.9","665","17"
"2026-10-01T05:06:35.1850608-04:00","0.019","108.9","179.9","665","17"
"2026-10-01T05:06:40.1994955-04:00","0.01","108.9","179.9","665","17"
"2026-10-01T05:06:45.2169425-04:00","0.019","108.9","179.9","668","18"
"2026-10-01T05:06:50.2248108-04:00","0.01","108.9","179.9","668","18"
"2026-10-01T05:06:55.2342730-04:00","0.01","108.9","179.9","668","18"
"2026-10-01T05:07:00.2419086-04:00","0.01","108.9","179.9","668","18"
"2026-10-01T05:07:05.2508543-04:00","0.01","108.9","179.9","668","18"
"2026-10-01T05:07:10.2611648-04:00","0.019","108.9","179.9","668","17"
"2026-10-01T05:07:15.2740163-04:00","0","108.9","179.9","671","18"
"2026-10-01T05:07:20.2809619-04:00","0.01","108.9","179.9","671","18"
"2026-10-01T05:07:25.2916416-04:00","0.01","108.9","179.9","671","18"
"2026-10-01T05:07:30.3058545-04:00","0.01","108.9","179.9","671","18"
"2026-10-01T05:07:35.3127228-04:00","0.01","108.9","179.9","671","18"
"2026-10-01T05:07:40.3237803-04:00","0.019","108.9","179.9","671","18"
"2026-10-01T05:07:45.3319668-04:00","0","108.9","179.9","671","18"
"2026-10-01T05:07:50.3441765-04:00","0.019","108.9","179.9","671","18"
"2026-10-01T05:07:55.3590087-04:00","0.01","108.9","179.9","671","18"
"2026-10-01T05:08:00.3713121-04:00","0.01","108.9","179.9","671","18"
"2026-10-01T05:08:05.3824555-04:00","0.01","108.9","179.9","671","18"
"2026-10-01T05:08:10.3972947-04:00","0.01","108.9","179.9","674","18"
"2026-10-01T05:08:15.4105529-04:00","0.01","108.9","179.9","674","18"
"2026-10-01T05:08:20.4200444-04:00","0.049","108.9","179.9","674","18"
"2026-10-01T05:08:25.4325866-04:00","0.01","108.9","179.9","674","18"
"2026-10-01T05:08:30.4419339-04:00","0.01","108.9","179.9","674","18"
"2026-10-01T05:08:35.4572550-04:00","0","108.9","179.9","674","18"
"2026-10-01T05:08:40.4680652-04:00","0.019","108.9","179.9","674","18"
"2026-10-01T05:08:45.4737748-04:00","0.01","108.9","179.9","674","18"
"2026-10-01T05:08:50.4807773-04:00","0.01","108.9","179.9","674","18"
"2026-10-01T05:08:55.5064288-04:00","0.01","108.9","179.9","674","18"
"2026-10-01T05:09:00.5135046-04:00","0.01","108.9","179.9","674","18"
"2026-10-01T05:09:05.5234185-04:00","0.01","108.9","179.9","674","18"
"2026-10-01T05:09:10.5365437-04:00","0.019","108.9","179.9","674","18"
"2026-10-01T05:09:15.5461860-04:00","0","108.9","179.9","674","18"
"2026-10-01T05:09:20.5518345-04:00","0.029","108.9","179.9","674","18"
"2026-10-01T05:09:25.5623306-04:00","0.01","108.9","179.9","674","17"
"2026-10-01T05:09:30.5785297-04:00","0.01","108.9","179.9","674","17"
"2026-10-01T05:09:35.5887551-04:00","0.019","108.9","179.9","674","17"
"2026-10-01T05:09:40.5966688-04:00","0.01","108.9","179.9","674","17"
"2026-10-01T05:09:45.6073457-04:00","0.01","108.9","179.9","677","18"
"2026-10-01T05:09:50.6205269-04:00","0.01","108.9","179.9","677","18"
"2026-10-01T05:09:55.6299497-04:00","0.019","108.9","179.9","677","18"
"2026-10-01T05:10:00.6408620-04:00","0.01","108.9","179.9","677","18"
"2026-10-01T05:10:05.6530462-04:00","0.01","108.9","179.9","677","18"
"2026-10-01T05:10:10.6622482-04:00","0.019","108.9","179.9","677","18"
"2026-10-01T05:10:15.6827918-04:00","0","108.9","179.9","677","18"
"2026-10-01T05:10:20.6917891-04:00","0.019","108.9","179.9","677","18"
"2026-10-01T05:10:25.7019661-04:00","0","108.9","179.9","677","17"
"2026-10-01T05:10:30.7225068-04:00","0.029","108.9","179.9","677","17"
"2026-10-01T05:10:35.7359164-04:00","0","108.9","179.9","677","17"
"2026-10-01T05:10:40.7479121-04:00","0.019","108.9","179.9","680","18"
"2026-10-01T05:10:45.7583918-04:00","0.01","108.9","179.9","680","18"
"2026-10-01T05:10:50.7708644-04:00","0.019","108.9","179.9","680","18"
"2026-10-01T05:10:55.7828080-04:00","0.01","108.9","179.9","680","18"
"2026-10-01T05:11:00.7935843-04:00","0.01","108.9","179.9","680","17"
"2026-10-01T05:11:05.7999787-04:00","0.02","108.9","179.9","680","17"
"2026-10-01T05:11:10.8152985-04:00","0.019","108.9","179.9","683","18"
"2026-10-01T05:11:15.8261402-04:00","0","108.9","179.9","683","18"
"2026-10-01T05:11:20.8358911-04:00","0.029","108.9","179.9","683","18"
"2026-10-01T05:11:25.8592404-04:00","0.019","108.9","179.9","683","18"
"2026-10-01T05:11:30.8694736-04:00","0.01","108.9","179.9","683","17"
"2026-10-01T05:11:35.8811598-04:00","0.01","108.9","179.9","683","17"
"2026-10-01T05:11:40.8898680-04:00","0.01","108.9","179.9","686","18"
"2026-10-01T05:11:45.9040783-04:00","0.01","108.9","179.9","686","18"
"2026-10-01T05:11:50.9157702-04:00","0.019","108.9","179.9","686","18"
"2026-10-01T05:11:55.9241658-04:00","0.019","108.9","179.9","686","18"
"2026-10-01T05:12:00.9357841-04:00","0.019","108.9","179.9","689","18"
"2026-10-01T05:12:05.9440521-04:00","0.01","108.9","179.9","689","18"
"2026-10-01T05:12:10.9540453-04:00","0.019","108.9","179.9","689","18"
"2026-10-01T05:12:15.9662031-04:00","0","108.9","179.9","689","18"
"2026-10-01T05:12:20.9752595-04:00","0.01","108.9","179.9","689","18"
"2026-10-01T05:12:25.9826202-04:00","0.01","109","179.9","689","18"
"2026-10-01T05:12:30.9943507-04:00","0.01","109","179.9","581","18"
"2026-10-01T05:12:36.0058276-04:00","0.019","109","179.9","581","18"
"2026-10-01T05:12:41.0157760-04:00","0.019","109","179.9","581","18"
"2026-10-01T05:12:46.0363949-04:00","0","109","179.9","581","18"
"2026-10-01T05:12:51.0419548-04:00","0.01","109","179.9","581","18"
"2026-10-01T05:12:56.0614800-04:00","0.019","109","179.9","581","18"
"2026-10-01T05:13:01.0665299-04:00","0.02","108.9","179.9","581","17"
"2026-10-01T05:13:06.0764588-04:00","0.01","108.9","179.9","581","17"
"2026-10-01T05:13:11.0849875-04:00","0.01","108.9","179.9","581","17"
"2026-10-01T05:13:16.0974169-04:00","0.019","109.7","180.7","581","17"
"2026-10-01T05:13:21.1049645-04:00","0.02","108.9","179.9","581","17"
"2026-10-01T05:13:26.1145905-04:00","0.01","108.9","179.9","581","17"
"2026-10-01T05:13:31.1297109-04:00","0","108.9","179.9","581","17"
"2026-10-01T05:13:36.1370740-04:00","0.02","108.9","179.9","581","17"
"2026-10-01T05:13:41.1441246-04:00","0.01","108.9","179.9","581","17"
"2026-10-01T05:13:46.1533888-04:00","0.019","108.9","179.9","581","17"
"2026-10-01T05:13:51.1585819-04:00","0","108.9","179.9","581","17"
"2026-10-01T05:13:56.1764435-04:00","0.019","108.9","179.9","581","17"
"2026-10-01T05:14:01.1850674-04:00","0.01","108.9","179.9","581","17"
"2026-10-01T05:14:06.1937663-04:00","0","108.9","179.9","581","17"
"2026-10-01T05:14:11.2034490-04:00","0.01","108.9","179.9","581","17"
"2026-10-01T05:14:16.2097659-04:00","0.01","108.9","179.9","581","17"
"2026-10-01T05:14:21.2230024-04:00","0.01","109","179.9","584","18"
"2026-10-01T05:14:26.2331327-04:00","0.01","109","179.9","584","18"
"2026-10-01T05:14:31.2411860-04:00","0","109","179.9","584","18"
"2026-10-01T05:14:36.2538957-04:00","0.01","109","179.9","584","18"
"2026-10-01T05:14:41.2619269-04:00","0.019","108.9","179.9","584","17"
"2026-10-01T05:14:46.2687967-04:00","0","108.9","179.9","584","17"
"2026-10-01T05:14:51.2791977-04:00","0.019","108.9","179.9","584","17"
"2026-10-01T05:14:56.2849253-04:00","0","108.9","179.9","584","17"
"2026-10-01T05:15:01.3036173-04:00","0.019","108.9","179.9","584","17"
"2026-10-01T05:15:06.3165481-04:00","0.019","108.9","179.9","584","17"
"2026-10-01T05:15:11.3321487-04:00","0","108.9","179.9","584","17"
"2026-10-01T05:15:16.3446473-04:00","0.01","108.9","179.9","584","17"
"2026-10-01T05:15:21.3592415-04:00","0.019","108.9","179.9","584","17"
"2026-10-01T05:15:26.3664167-04:00","0.02","108.9","179.9","584","17"
"2026-10-01T05:15:31.3792150-04:00","0","108.9","179.9","584","17"
"2026-10-01T05:15:36.3888604-04:00","0.019","108.9","179.9","584","17"
"2026-10-01T05:15:41.3988050-04:00","0.01","108.9","179.9","587","18"
"2026-10-01T05:15:46.4116058-04:00","0.019","108.9","179.9","587","18"
"2026-10-01T05:15:51.4265746-04:00","0.01","108.9","179.9","587","18"
"2026-10-01T05:15:56.4368572-04:00","0.019","108.9","179.9","587","18"
"2026-10-01T05:16:01.4470062-04:00","0.01","108.9","179.9","587","17"
"2026-10-01T05:16:06.4659059-04:00","0","108.9","179.9","587","17"
"2026-10-01T05:16:11.4716197-04:00","0.01","108.9","179.9","587","17"
"2026-10-01T05:16:16.4828621-04:00","0.019","108.9","179.9","590","18"
"2026-10-01T05:16:21.4967296-04:00","0.01","108.9","179.9","590","18"
"2026-10-01T05:16:26.5095262-04:00","0.01","108.9","179.9","590","18"
"2026-10-01T05:16:31.5188309-04:00","0.01","108.9","179.9","590","18"
"2026-10-01T05:16:36.5320124-04:00","0.019","108.9","179.9","590","17"
"2026-10-01T05:16:41.5419602-04:00","0.01","108.9","179.9","590","17"
"2026-10-01T05:16:46.5540247-04:00","0.01","108.9","179.9","590","17"
"2026-10-01T05:16:51.5623398-04:00","0","108.9","179.9","590","17"
"2026-10-01T05:16:56.5730006-04:00","0.019","108.9","179.9","590","17"
"2026-10-01T05:17:01.5805626-04:00","0","108.9","179.9","590","17"
"2026-10-01T05:17:06.5924597-04:00","0.019","108.9","179.9","590","17"
"2026-10-01T05:17:11.6030424-04:00","0.019","108.9","179.9","590","17"
"2026-10-01T05:17:16.6176925-04:00","0.01","108.9","179.9","590","17"
"2026-10-01T05:17:21.6412533-04:00","0.01","108.9","179.9","590","17"
"2026-10-01T05:17:26.6523496-04:00","0.01","108.9","179.9","590","17"
"2026-10-01T05:17:31.6632396-04:00","0.01","108.9","179.9","590","17"
"2026-10-01T05:17:36.6690910-04:00","0","108.9","179.9","590","17"
"2026-10-01T05:17:41.6800334-04:00","0.01","108.9","179.9","590","17"
"2026-10-01T05:17:46.6907405-04:00","0.019","108.9","179.9","590","17"
"2026-10-01T05:17:51.7112714-04:00","0.01","108.9","179.9","590","17"
"2026-10-01T05:17:56.7166415-04:00","0.01","108.9","179.9","590","17"
"2026-10-01T05:18:01.7235531-04:00","0.01","108.9","179.9","590","17"
"2026-10-01T05:18:06.7308854-04:00","0","108.9","179.9","590","17"
"2026-10-01T05:18:11.7369262-04:00","0.01","108.9","179.9","590","17"
"2026-10-01T05:18:16.7467099-04:00","0.01","108.9","179.9","590","17"
"2026-10-01T05:18:21.7541581-04:00","0.02","108.9","179.9","590","17"
"2026-10-01T05:18:26.7691127-04:00","0.019","108.9","179.9","590","17"
"2026-10-01T05:18:31.7846976-04:00","0.01","108.9","179.9","593","18"
"2026-10-01T05:18:36.7930599-04:00","0.01","108.9","179.9","593","18"
"2026-10-01T05:18:41.8002954-04:00","0.01","108.9","179.9","593","18"
"2026-10-01T05:18:46.8129516-04:00","0.01","108.9","179.9","593","18"
"2026-10-01T05:18:51.8265708-04:00","0.019","108.9","179.9","593","18"
"2026-10-01T05:18:56.8390412-04:00","0.01","108.9","179.9","593","18"
"2026-10-01T05:19:01.8474613-04:00","0.019","108.9","179.9","593","18"
"2026-10-01T05:19:06.8569203-04:00","0.01","108.9","179.9","593","18"
"2026-10-01T05:19:11.8739467-04:00","0.01","108.9","179.9","593","18"
"2026-10-01T05:19:16.8814725-04:00","0.02","108.9","179.9","593","18"
"2026-10-01T05:19:21.8929107-04:00","0.019","108.9","179.9","593","18"
"2026-10-01T05:19:26.9032457-04:00","0.01","108.9","179.9","593","18"
"2026-10-01T05:19:31.9139312-04:00","0.01","108.9","179.9","593","18"
"2026-10-01T05:19:36.9215353-04:00","0.02","108.9","179.9","593","17"
"2026-10-01T05:19:41.9299112-04:00","0","108.9","179.9","593","17"
"2026-10-01T05:19:46.9374996-04:00","0.01","108.9","179.9","593","17"
"2026-10-01T05:19:51.9498429-04:00","0","108.9","179.9","593","17"
"2026-10-01T05:19:56.9610279-04:00","0.019","108.9","179.9","593","17"
"2026-10-01T05:20:01.9687651-04:00","0.02","108.9","179.9","593","17"
"2026-10-01T05:20:06.9832014-04:00","0.019","108.9","179.9","593","17"
"2026-10-01T05:20:12.0108510-04:00","0","108.9","179.9","593","17"
"2026-10-01T05:20:17.0181162-04:00","0.02","108.9","179.9","593","17"
"2026-10-01T05:20:22.0332700-04:00","0.01","108.9","179.9","593","17"
"2026-10-01T05:20:27.0416597-04:00","0","108.9","179.9","593","17"
"2026-10-01T05:20:32.0508269-04:00","0.01","108.9","179.9","593","17"
"2026-10-01T05:20:37.0612798-04:00","0.019","108.9","179.9","593","17"
"2026-10-01T05:20:42.0713877-04:00","0.01","108.9","179.9","593","17"
"2026-10-01T05:20:47.0812420-04:00","0.019","108.9","179.9","593","17"
"2026-10-01T05:20:52.0922031-04:00","0.019","109.7","180.7","593","17"
"2026-10-01T05:20:57.1045205-04:00","0.019","108.9","179.9","593","17"
"2026-10-01T05:21:02.1162338-04:00","0.019","108.9","179.9","593","17"
"2026-10-01T05:21:07.1244288-04:00","0.019","108.9","179.9","593","17"
"2026-10-01T05:21:12.1334511-04:00","0.019","108.9","179.9","593","17"
"2026-10-01T05:21:17.1437710-04:00","0.01","108.9","179.9","593","17"
"2026-10-01T05:21:22.1541097-04:00","0.019","108.9","179.9","593","17"
"2026-10-01T05:21:27.1663980-04:00","0.01","108.9","179.9","593","17"
"2026-10-01T05:21:32.1807303-04:00","0.019","108.9","179.9","596","18"
"2026-10-01T05:21:37.1877298-04:00","0.02","108.9","179.9","596","18"
"2026-10-01T05:21:42.1979737-04:00","0.019","108.9","179.9","596","18"
"2026-10-01T05:21:47.2080272-04:00","0.01","108.9","179.9","596","18"
"2026-10-01T05:21:52.2210099-04:00","0.019","108.9","179.9","596","17"
"2026-10-01T05:21:57.2339351-04:00","0.019","108.9","179.9","596","17"
"2026-10-01T05:22:02.2493111-04:00","0","108.9","179.9","596","17"
"2026-10-01T05:22:07.2591404-04:00","0.01","108.9","179.9","596","17"
"2026-10-01T05:22:12.2643956-04:00","0.02","108.9","179.9","599","18"
"2026-10-01T05:22:17.2710736-04:00","0.01","108.9","179.9","599","18"
"2026-10-01T05:22:22.2836283-04:00","0.01","108.9","179.9","599","18"
"2026-10-01T05:22:27.3017228-04:00","0","108.9","179.9","599","18"
"2026-10-01T05:22:32.3140676-04:00","0.019","108.9","179.9","599","17"
"2026-10-01T05:22:37.3252741-04:00","0.019","108.9","179.9","599","17"
"2026-10-01T05:22:42.3350313-04:00","0.01","108.9","179.9","602","18"
"2026-10-01T05:22:47.3474714-04:00","0.01","108.9","179.9","602","18"
"2026-10-01T05:22:52.3599385-04:00","0.019","108.9","179.9","602","18"
"2026-10-01T05:22:57.3716224-04:00","0.019","108.9","179.9","602","18"
"2026-10-01T05:23:02.3803844-04:00","0.01","108.9","179.9","602","17"
"2026-10-01T05:23:07.4000621-04:00","0.019","108.9","179.9","602","17"
"2026-10-01T05:23:12.4111990-04:00","0.01","108.9","179.9","602","17"
"2026-10-01T05:23:17.4360526-04:00","0.01","108.9","179.9","602","17"
"2026-10-01T05:23:22.4555653-04:00","0","108.9","179.9","605","18"
"2026-10-01T05:23:27.4626329-04:00","0.02","108.9","179.9","605","18"
"2026-10-01T05:23:32.4684305-04:00","0.01","108.9","179.9","605","18"
"2026-10-01T05:23:37.4796782-04:00","0.019","108.9","179.9","605","18"
"2026-10-01T05:23:42.4933187-04:00","0.01","108.9","179.9","605","18"
"2026-10-01T05:23:47.4990519-04:00","0","108.9","179.9","605","18"
"2026-10-01T05:23:52.5074008-04:00","0.029","108.9","179.9","605","18"
"2026-10-01T05:23:57.5253648-04:00","0.01","108.9","179.9","605","18"
"2026-10-01T05:24:02.5387048-04:00","0.01","108.9","179.9","608","18"
"2026-10-01T05:24:07.5476940-04:00","0","108.9","179.9","608","18"
"2026-10-01T05:24:12.5543618-04:00","0.02","108.9","179.9","608","18"
"2026-10-01T05:24:17.5704910-04:00","0.019","108.9","179.9","608","18"
"2026-10-01T05:24:22.5804238-04:00","0.01","108.9","179.9","608","17"
"2026-10-01T05:24:27.5861134-04:00","0.02","108.9","179.9","608","17"
"2026-10-01T05:24:32.5919659-04:00","0","108.9","179.9","611","18"
"2026-10-01T05:24:37.6027898-04:00","0.01","108.9","179.9","611","18"
"2026-10-01T05:24:42.6175509-04:00","0.01","108.9","179.9","611","18"
"2026-10-01T05:24:47.6289115-04:00","0.01","108.9","179.9","611","18"
"2026-10-01T05:24:52.6484726-04:00","0.019","108.9","179.9","611","18"
"2026-10-01T05:24:57.6671899-04:00","0.029","108.9","179.9","611","18"
"2026-10-01T05:25:02.6779821-04:00","0.019","108.9","179.9","614","18"
"2026-10-01T05:25:07.6878246-04:00","0","108.9","179.9","614","18"
"2026-10-01T05:25:12.7091044-04:00","0.029","108.9","179.9","614","18"
"2026-10-01T05:25:17.7178257-04:00","0","108.9","179.9","614","18"
"2026-10-01T05:25:22.7260140-04:00","0.01","108.9","179.9","614","18"
"2026-10-01T05:25:27.7364229-04:00","0.01","108.9","179.9","614","18"
"2026-10-01T05:25:32.7493268-04:00","0.019","108.9","179.9","614","18"
"2026-10-01T05:25:37.7588438-04:00","0.01","108.9","179.9","614","18"
"2026-10-01T05:25:42.7650054-04:00","0.01","108.9","179.9","614","17"
"2026-10-01T05:25:47.7762968-04:00","0.01","108.9","179.9","614","17"
"2026-10-01T05:25:52.7850879-04:00","0.01","108.9","179.9","614","17"
"2026-10-01T05:25:57.7973257-04:00","0.01","108.9","179.9","614","17"
"2026-10-01T05:26:02.8103197-04:00","0.019","108.9","179.9","617","18"
"2026-10-01T05:26:07.8231856-04:00","0.01","108.9","179.9","617","18"
"2026-10-01T05:26:12.8330586-04:00","0.019","108.9","179.9","617","18"
"2026-10-01T05:26:17.8434589-04:00","0.01","108.9","179.9","617","18"
"2026-10-01T05:26:22.8525714-04:00","0.01","108.9","179.9","617","17"
"2026-10-01T05:26:27.8728653-04:00","0","108.9","179.9","617","17"
"2026-10-01T05:26:32.8836188-04:00","0.019","108.9","179.9","617","17"
"2026-10-01T05:26:37.9041060-04:00","0.01","108.9","179.9","617","17"
"2026-10-01T05:26:42.9152574-04:00","0.019","108.9","179.9","617","17"
"2026-10-01T05:26:47.9263664-04:00","0.01","108.9","179.9","617","17"
"2026-10-01T05:26:52.9468797-04:00","0","108.9","179.9","617","17"
"2026-10-01T05:26:57.9551843-04:00","0.019","108.9","179.9","620","18"
"2026-10-01T05:27:02.9706257-04:00","0.01","108.9","179.9","620","18"
"2026-10-01T05:27:07.9787089-04:00","0","108.9","179.9","620","18"
"2026-10-01T05:27:12.9901615-04:00","0.019","108.9","179.9","620","18"
"2026-10-01T05:27:18.0004855-04:00","0.01","108.9","179.9","620","18"
"2026-10-01T05:27:23.0065239-04:00","0.02","108.9","179.9","620","17"
"2026-10-01T05:27:28.0189741-04:00","0.019","108.9","179.9","620","17"
"2026-10-01T05:27:33.0331508-04:00","0.019","108.9","179.9","623","18"
"2026-10-01T05:27:38.0430879-04:00","0","108.9","179.9","623","18"
"2026-10-01T05:27:43.0524375-04:00","0.01","108.9","179.9","623","18"
"2026-10-01T05:27:48.0630887-04:00","0.019","108.9","179.9","623","18"
"2026-10-01T05:27:53.0749983-04:00","0.01","108.9","179.9","623","18"
"2026-10-01T05:27:58.0823685-04:00","0","108.9","179.9","623","18"
"2026-10-01T05:28:03.0929052-04:00","0.019","108.9","179.9","623","18"
"2026-10-01T05:28:08.1134967-04:00","0","108.9","179.9","623","18"
"2026-10-01T05:28:13.1262001-04:00","0.019","108.9","179.9","623","18"
"2026-10-01T05:28:18.1356168-04:00","0.01","108.9","179.9","623","17"
"2026-10-01T05:28:23.1555802-04:00","0.01","108.9","179.9","623","17"
"2026-10-01T05:28:28.1677546-04:00","0.019","108.9","179.9","623","17"
"2026-10-01T05:28:33.1865175-04:00","0.019","108.9","179.9","623","17"
"2026-10-01T05:28:38.2068485-04:00","0","108.9","179.9","626","18"
"2026-10-01T05:28:43.2152520-04:00","0.019","108.9","179.9","626","18"
"2026-10-01T05:28:48.2225711-04:00","0","108.9","179.9","626","18"
"2026-10-01T05:28:53.2290908-04:00","0.01","108.9","179.9","626","18"
"2026-10-01T05:28:58.2382919-04:00","0.01","108.9","179.9","626","18"
"2026-10-01T05:29:03.2573007-04:00","0.019","108.9","179.9","626","18"
"2026-10-01T05:29:08.2679719-04:00","0.019","108.9","179.9","626","18"
"2026-10-01T05:29:13.2760874-04:00","0.01","108.9","179.9","626","18"
"2026-10-01T05:29:18.2885395-04:00","0.019","108.9","179.9","626","18"
"2026-10-01T05:29:23.2946788-04:00","0.01","108.9","179.9","626","18"
"2026-10-01T05:29:28.3086106-04:00","0.01","108.9","179.9","626","17"
"2026-10-01T05:29:33.3224346-04:00","0.01","108.9","179.9","626","17"
"2026-10-01T05:29:38.3325669-04:00","0.019","108.9","179.9","626","17"
"2026-10-01T05:29:43.3462196-04:00","0.01","108.9","179.9","626","17"
"2026-10-01T05:29:48.3580994-04:00","0.01","108.9","179.9","626","17"
"2026-10-01T05:29:53.3716994-04:00","0.01","108.9","179.9","629","18"
"2026-10-01T05:29:58.3832753-04:00","0.019","108.9","179.9","629","18"
"2026-10-01T05:30:03.3910831-04:00","0.01","108.9","179.9","629","18"
"2026-10-01T05:30:08.4039928-04:00","0.019","108.9","179.9","629","18"
"2026-10-01T05:30:13.4235218-04:00","0","108.9","179.9","629","17"
"2026-10-01T05:30:18.4314785-04:00","0.02","108.9","179.9","629","17"
"2026-10-01T05:30:23.4425781-04:00","0","108.9","179.9","629","17"
"2026-10-01T05:30:28.4602308-04:00","0.029","108.9","179.9","629","17"
"2026-10-01T05:30:33.4798601-04:00","0","108.9","179.9","629","17"
"2026-10-01T05:30:38.4898683-04:00","0.01","108.9","179.9","629","17"
"2026-10-01T05:30:43.4968327-04:00","0.01","108.9","179.9","629","17"
"2026-10-01T05:30:48.5090272-04:00","0.019","108.9","179.9","632","18"
"2026-10-01T05:30:53.5257749-04:00","0.01","108.9","179.9","632","18"
"2026-10-01T05:30:58.5310669-04:00","0","108.9","179.9","632","18"
"2026-10-01T05:31:03.5510302-04:00","0.019","108.9","179.9","632","18"
"2026-10-01T05:31:08.5613225-04:00","0.019","108.9","179.9","632","17"
"2026-10-01T05:31:13.5725507-04:00","0.01","108.9","179.9","632","17"
"2026-10-01T05:31:18.5791871-04:00","0","108.9","179.9","632","17"
"2026-10-01T05:31:23.6015727-04:00","0.019","108.9","179.9","632","17"
"2026-10-01T05:31:28.6111798-04:00","0.01","108.9","179.9","632","17"
"2026-10-01T05:31:33.6205346-04:00","0.01","108.9","179.9","632","17"
"2026-10-01T05:31:38.6316036-04:00","0.019","108.9","179.9","635","18"
"2026-10-01T05:31:43.6448830-04:00","0.01","108.9","179.9","635","18"
"2026-10-01T05:31:48.6569756-04:00","0.019","108.9","179.9","635","18"
"2026-10-01T05:31:53.6653361-04:00","0.01","108.9","179.9","635","18"
"2026-10-01T05:31:58.6730753-04:00","0.01","108.9","179.9","635","17"
"2026-10-01T05:32:03.6795887-04:00","0.01","108.9","179.9","635","17"
"2026-10-01T05:32:08.6894160-04:00","0.01","108.9","179.9","635","17"
"2026-10-01T05:32:13.6972811-04:00","0.02","108.9","179.9","638","18"
"2026-10-01T05:32:18.7065762-04:00","0.01","108.9","179.9","638","18"
"2026-10-01T05:32:23.7139814-04:00","0","108.9","179.9","638","18"
"2026-10-01T05:32:28.7260346-04:00","0.019","108.9","179.9","638","18"
"2026-10-01T05:32:33.7337573-04:00","0","108.9","179.9","638","17"
"2026-10-01T05:32:38.7440612-04:00","0.019","108.9","179.9","638","17"
"2026-10-01T05:32:43.7541143-04:00","0.01","108.9","179.9","638","17"
"2026-10-01T05:32:48.7654669-04:00","0.01","108.9","179.9","638","17"
"2026-10-01T05:32:53.7768230-04:00","0.01","108.9","179.9","638","17"
"2026-10-01T05:32:58.7847829-04:00","0.02","108.9","179.9","638","17"
"2026-10-01T05:33:03.8047988-04:00","0.01","108.9","179.9","638","17"
"2026-10-01T05:33:08.8128805-04:00","0.01","108.9","179.9","638","17"
"2026-10-01T05:33:13.8247988-04:00","0","108.9","179.9","638","17"
"2026-10-01T05:33:18.8303749-04:00","0.029","108.9","179.9","638","17"
"2026-10-01T05:33:23.8491629-04:00","0.01","108.9","179.9","638","17"
"2026-10-01T05:33:28.8589296-04:00","0","108.9","179.9","638","17"
"2026-10-01T05:33:33.8675730-04:00","0.019","108.9","179.9","638","17"
"2026-10-01T05:33:38.8771043-04:00","0.019","108.9","179.9","638","17"
"2026-10-01T05:33:43.8899524-04:00","0","108.9","179.9","638","17"
"2026-10-01T05:33:48.8991594-04:00","0.029","108.9","179.9","638","17"
"2026-10-01T05:33:53.9113864-04:00","0.019","108.9","179.9","638","17"
"2026-10-01T05:33:58.9227773-04:00","0.01","108.9","179.9","638","17"
"2026-10-01T05:34:03.9322994-04:00","0","108.9","179.9","638","17"
"2026-10-01T05:34:08.9743342-04:00","0.01","108.9","179.9","638","17"
"2026-10-01T05:34:13.9944071-04:00","0","108.9","179.9","638","17"
"2026-10-01T05:34:19.0148536-04:00","0.029","108.9","179.9","638","17"
"2026-10-01T05:34:24.0301347-04:00","0.01","108.9","179.9","638","17"
"2026-10-01T05:34:29.0374298-04:00","0.01","108.9","179.9","641","18"
"2026-10-01T05:34:34.0554919-04:00","0","108.9","179.9","641","18"
"2026-10-01T05:34:39.0622744-04:00","0.029","108.9","179.9","641","18"
"2026-10-01T05:34:44.0728659-04:00","0","108.9","179.9","641","18"
"2026-10-01T05:34:49.0839892-04:00","0.019","108.9","179.9","641","18"
"2026-10-01T05:34:54.0895853-04:00","0.02","109.7","180.7","641","18"
"2026-10-01T05:34:59.0980648-04:00","0.019","108.9","179.9","641","17"
"2026-10-01T05:35:04.1071468-04:00","0.019","108.9","179.9","641","17"
"2026-10-01T05:35:09.1209373-04:00","0.01","108.9","179.9","641","17"
"2026-10-01T05:35:14.1362883-04:00","0.029","108.9","179.9","641","17"
"2026-10-01T05:35:19.1548098-04:00","0.01","108.9","179.9","641","17"
"2026-10-01T05:35:24.1622208-04:00","0.029","108.9","179.9","644","18"
"2026-10-01T05:35:29.1688511-04:00","0.02","108.9","179.9","644","18"
"2026-10-01T05:35:34.1777842-04:00","0.01","108.9","179.9","644","18"
"2026-10-01T05:35:39.1838670-04:00","0.02","108.9","179.9","644","18"
"2026-10-01T05:35:44.1926815-04:00","0.01","108.9","179.9","644","18"
"2026-10-01T05:35:49.2016539-04:00","0.019","108.9","179.9","644","18"
"2026-10-01T05:35:54.2158628-04:00","0.019","108.9","179.9","644","18"
"2026-10-01T05:35:59.2265907-04:00","0","108.9","179.9","644","17"
"2026-10-01T05:36:04.2455704-04:00","0.029","108.9","179.9","644","17"
"2026-10-01T05:36:09.2568137-04:00","0.01","108.9","179.9","644","17"
"2026-10-01T05:36:14.2694214-04:00","0.019","108.9","179.9","644","17"
"2026-10-01T05:36:19.2867915-04:00","0.01","108.9","179.9","644","17"
"2026-10-01T05:36:24.2953131-04:00","0.019","108.9","179.9","644","17"
"2026-10-01T05:36:29.3107098-04:00","0.01","108.9","179.9","644","17"
"2026-10-01T05:36:34.3189607-04:00","0.019","108.9","179.9","644","17"
"2026-10-01T05:36:39.3245052-04:00","0.02","108.9","179.9","647","18"
"2026-10-01T05:36:44.3326911-04:00","0","108.9","179.9","647","18"
"2026-10-01T05:36:49.3390633-04:00","0.02","108.9","179.9","647","18"
"2026-10-01T05:36:54.3529105-04:00","0.01","108.9","179.9","647","18"
"2026-10-01T05:36:59.3587612-04:00","0","108.9","179.9","647","18"
"2026-10-01T05:37:04.3722596-04:00","0.019","108.9","179.9","647","18"
"2026-10-01T05:37:09.3785740-04:00","0","108.9","179.9","647","18"
"2026-10-01T05:37:14.4026624-04:00","0.019","108.9","179.9","647","18"
"2026-10-01T05:37:19.4126140-04:00","0.019","108.9","179.9","647","18"
"2026-10-01T05:37:24.4228391-04:00","0","108.9","179.9","647","18"
"2026-10-01T05:37:29.4304616-04:00","0","108.9","179.9","647","17"
"2026-10-01T05:37:34.4405131-04:00","0.01","108.9","179.9","647","17"
"2026-10-01T05:37:39.4495678-04:00","0.019","108.9","179.9","647","17"
"2026-10-01T05:37:44.4587935-04:00","0.019","108.9","179.9","647","17"
"2026-10-01T05:37:49.4734859-04:00","0","108.9","179.9","647","17"
"2026-10-01T05:37:54.4880881-04:00","0.01","108.9","179.9","647","17"
"2026-10-01T05:37:59.4936412-04:00","0.01","108.9","179.9","647","17"
"2026-10-01T05:38:04.4989588-04:00","0.02","108.9","179.9","647","17"
"2026-10-01T05:38:09.5063255-04:00","0.02","108.9","179.9","647","17"
"2026-10-01T05:38:14.5259676-04:00","0.019","108.9","179.9","647","17"
"2026-10-01T05:38:19.5356029-04:00","0.01","108.9","179.9","647","17"
"2026-10-01T05:38:24.5559741-04:00","0.01","108.9","179.9","647","17"
"2026-10-01T05:38:29.5635057-04:00","0.01","108.9","179.9","647","17"
"2026-10-01T05:38:34.5707510-04:00","0.039","108.9","179.9","647","17"
"2026-10-01T05:38:39.5798426-04:00","0","108.9","179.9","647","17"
"2026-10-01T05:38:44.5955278-04:00","0.019","108.9","179.9","650","18"
"2026-10-01T05:38:49.6039936-04:00","0.01","108.9","179.9","650","18"
"2026-10-01T05:38:54.6133221-04:00","0.01","108.9","179.9","650","18"
"2026-10-01T05:38:59.6234108-04:00","0","108.9","179.9","650","18"
"2026-10-01T05:39:04.6325208-04:00","0.019","108.9","179.9","650","18"
"2026-10-01T05:39:09.6410429-04:00","0.01","108.9","179.9","650","18"
"2026-10-01T05:39:14.6479304-04:00","0.02","108.9","179.9","650","17"
"2026-10-01T05:39:19.6571759-04:00","0","108.9","179.9","653","18"
"2026-10-01T05:39:24.6750555-04:00","0.029","108.9","179.9","653","18"
"2026-10-01T05:39:29.6840765-04:00","0","108.9","179.9","653","18"
"2026-10-01T05:39:34.6944162-04:00","0.019","108.9","179.9","653","18"
"2026-10-01T05:39:39.7034395-04:00","0","108.9","179.9","653","18"
"2026-10-01T05:39:44.7154749-04:00","0.01","108.9","179.9","653","18"
"2026-10-01T05:39:49.7286647-04:00","0.019","108.9","179.9","653","18"
"2026-10-01T05:39:54.7354472-04:00","0.02","108.9","179.9","653","18"
"2026-10-01T05:39:59.7493247-04:00","0","108.9","179.9","653","18"
"2026-10-01T05:40:04.7901559-04:00","0.01","108.9","179.9","653","18"
"2026-10-01T05:40:09.8052564-04:00","0.019","108.9","179.9","653","17"
"2026-10-01T05:40:14.8140214-04:00","0.01","108.9","179.9","653","17"
"2026-10-01T05:40:19.8208056-04:00","0","108.9","179.9","653","17"
"2026-10-01T05:40:24.8280694-04:00","0.01","108.9","179.9","653","17"
"2026-10-01T05:40:29.8403805-04:00","0.01","108.9","179.9","656","18"
"2026-10-01T05:40:34.8538775-04:00","0.01","108.9","179.9","656","18"
"2026-10-01T05:40:39.8647829-04:00","0.019","108.9","179.9","656","18"
"2026-10-01T05:40:44.8766455-04:00","0.019","108.9","179.9","656","18"
"2026-10-01T05:40:49.8872041-04:00","0","108.9","179.9","656","18"
"2026-10-01T05:40:54.8973465-04:00","0.019","108.9","179.9","656","18"
"2026-10-01T05:40:59.9053803-04:00","0.019","108.9","179.9","659","18"
"2026-10-01T05:41:04.9135013-04:00","0.01","108.9","179.9","659","18"
"2026-10-01T05:41:09.9334966-04:00","0","108.9","179.9","659","18"
"2026-10-01T05:41:14.9445112-04:00","0.01","108.9","179.9","659","18"
"2026-10-01T05:41:19.9622608-04:00","0","109","179.9","662","19"
"2026-10-01T05:41:24.9722562-04:00","0.01","109","179.9","662","19"
"2026-10-01T05:41:29.9893439-04:00","0.01","109","179.9","662","19"
"2026-10-01T05:41:34.9992822-04:00","0.01","109","179.9","662","19"
"2026-10-01T05:41:40.0083297-04:00","0","108.9","179.9","662","17"
"2026-10-01T05:41:45.0287989-04:00","0.01","108.9","179.9","662","17"
"2026-10-01T05:41:50.0433335-04:00","0.01","108.9","179.9","665","18"
"2026-10-01T05:41:55.0551315-04:00","0.01","108.9","179.9","665","18"
"2026-10-01T05:42:00.0748794-04:00","0","108.9","179.9","665","18"
"2026-10-01T05:42:05.0832727-04:00","0.019","108.9","179.9","665","18"
"2026-10-01T05:42:10.0949676-04:00","0.01","109.7","180.7","665","18"
"2026-10-01T05:42:15.1098843-04:00","0.01","108.9","179.9","665","18"
"2026-10-01T05:42:20.1193283-04:00","0.01","108.9","179.9","665","18"
"2026-10-01T05:42:25.1290775-04:00","0.01","108.9","179.9","665","18"
"2026-10-01T05:42:30.1372326-04:00","0.019","108.9","179.9","665","17"
"2026-10-01T05:42:35.1454455-04:00","0.01","108.9","179.9","665","17"
"2026-10-01T05:42:40.1639760-04:00","0.019","108.9","179.9","665","17"
"2026-10-01T05:42:45.1722668-04:00","0.01","108.9","179.9","665","17"
"2026-10-01T05:42:50.1813153-04:00","0.019","108.9","179.9","665","17"
"2026-10-01T05:42:55.1906213-04:00","0.01","108.9","179.9","665","17"
"2026-10-01T05:43:00.2003732-04:00","0.019","108.9","179.9","668","18"
"2026-10-01T05:43:05.2196060-04:00","0","108.9","179.9","668","18"
"2026-10-01T05:43:10.2267671-04:00","0.01","108.9","179.9","668","18"
"2026-10-01T05:43:15.2406887-04:00","0","108.9","179.9","668","18"
"2026-10-01T05:43:20.2566259-04:00","0.019","108.9","179.9","668","18"
"2026-10-01T05:43:25.2623547-04:00","0.02","108.9","179.9","668","18"
"2026-10-01T05:43:30.2711944-04:00","0.019","108.9","179.9","668","18"
"2026-10-01T05:43:35.2776159-04:00","0.02","108.9","179.9","668","18"
"2026-10-01T05:43:40.2919690-04:00","0.019","108.9","179.9","668","18"
"2026-10-01T05:43:45.3016812-04:00","0","108.9","179.9","668","18"
"2026-10-01T05:43:50.3154312-04:00","0.01","108.9","179.9","668","18"
"2026-10-01T05:43:55.3340741-04:00","0.019","108.9","179.9","668","18"
"2026-10-01T05:44:00.3453509-04:00","0.01","108.9","179.9","668","18"
"2026-10-01T05:44:05.3545244-04:00","0.019","108.9","179.9","668","18"
"2026-10-01T05:44:10.3609156-04:00","0","108.9","179.9","668","18"
"2026-10-01T05:44:15.3714395-04:00","0.019","108.9","179.9","668","18"
"2026-10-01T05:44:20.3828651-04:00","0.01","108.9","179.9","668","18"
"2026-10-01T05:44:25.3894320-04:00","0.01","108.9","179.9","668","18"
"2026-10-01T05:44:30.4092909-04:00","0","108.9","179.9","668","18"
"2026-10-01T05:44:35.4228912-04:00","0.01","108.9","179.9","668","18"
"2026-10-01T05:44:40.4291031-04:00","0.02","108.9","179.9","668","17"
"2026-10-01T05:44:45.4364126-04:00","0","108.9","179.9","668","17"
"2026-10-01T05:44:50.4499845-04:00","0.01","108.9","179.9","668","17"
"2026-10-01T05:44:55.4573283-04:00","0","108.9","179.9","671","18"
"2026-10-01T05:45:00.4703967-04:00","0.01","108.9","179.9","671","18"
"2026-10-01T05:45:05.4787375-04:00","0.019","108.9","179.9","671","18"
"2026-10-01T05:45:10.4868303-04:00","0","108.9","179.9","671","18"
"2026-10-01T05:45:15.5055670-04:00","0.019","108.9","179.9","671","18"
"2026-10-01T05:45:20.5251319-04:00","0.01","108.9","179.9","671","18"
"2026-10-01T05:45:25.5435687-04:00","0.01","108.9","179.9","671","18"
"2026-10-01T05:45:30.5520064-04:00","0.019","108.9","179.9","671","18"
"2026-10-01T05:45:35.5631631-04:00","0","108.9","179.9","671","18"
"2026-10-01T05:45:40.5711835-04:00","0.019","108.9","179.9","671","18"
"2026-10-01T05:45:45.5787694-04:00","0","108.9","179.9","671","18"
"2026-10-01T05:45:50.5912159-04:00","0.01","108.9","179.9","671","17"
"2026-10-01T05:45:55.5980350-04:00","0","108.9","179.9","671","17"
"2026-10-01T05:46:00.6093924-04:00","0.01","108.9","179.9","671","17"
"2026-10-01T05:46:05.6187677-04:00","0.01","108.9","179.9","671","17"
"2026-10-01T05:46:10.6262234-04:00","0.01","108.9","179.9","671","17"
"2026-10-01T05:46:15.6350030-04:00","0.019","108.9","179.9","671","17"
"2026-10-01T05:46:20.6423085-04:00","0.01","108.9","179.9","671","17"
"2026-10-01T05:46:25.6527141-04:00","0.01","108.9","179.9","671","17"
"2026-10-01T05:46:30.6648519-04:00","0.01","108.9","179.9","671","17"
"2026-10-01T05:46:35.6706690-04:00","0.01","108.9","179.9","671","17"
"2026-10-01T05:46:40.6778327-04:00","0.02","108.9","179.9","671","17"
"2026-10-01T05:46:45.6839770-04:00","0","109","179.9","674","18"
"2026-10-01T05:46:50.6935699-04:00","0.01","109","179.9","593","18"
"2026-10-01T05:46:55.7039852-04:00","0","109","179.9","593","18"
"2026-10-01T05:47:00.7124348-04:00","0.019","109","179.9","593","18"
"2026-10-01T05:47:05.7306556-04:00","0","108.9","179.9","593","17"
"2026-10-01T05:47:10.7458348-04:00","0.01","108.9","179.9","593","17"
"2026-10-01T05:47:15.7575497-04:00","0.019","108.9","179.9","593","17"
"2026-10-01T05:47:20.7780771-04:00","0","108.9","179.9","593","17"
"2026-10-01T05:47:25.7839256-04:00","0.02","108.9","179.9","593","17"
"2026-10-01T05:47:30.7914682-04:00","0","108.9","179.9","593","17"
"2026-10-01T05:47:35.8085602-04:00","0","108.9","179.9","593","17"
"2026-10-01T05:47:40.8179001-04:00","0.029","108.9","179.9","593","17"
"2026-10-01T05:47:45.8327084-04:00","0.01","108.9","179.9","593","17"
"2026-10-01T05:47:50.8408904-04:00","0","108.9","179.9","593","17"
"2026-10-01T05:47:55.8585356-04:00","0.01","108.9","179.9","593","17"
"2026-10-01T05:48:00.8663324-04:00","0.02","108.9","179.9","593","17"
"2026-10-01T05:48:05.8776180-04:00","0.01","108.9","179.9","593","17"
"2026-10-01T05:48:10.8898829-04:00","0.019","108.9","179.9","593","17"
"2026-10-01T05:48:15.9030007-04:00","0","108.9","179.9","593","17"
"2026-10-01T05:48:20.9125986-04:00","0.019","108.9","179.9","593","17"
"2026-10-01T05:48:25.9257532-04:00","0.01","108.9","179.9","593","17"
"2026-10-01T05:48:30.9348011-04:00","0.01","109","179.9","596","18"
"2026-10-01T05:48:35.9787867-04:00","0.01","109","179.9","596","18"
"2026-10-01T05:48:40.9852522-04:00","0.02","109","179.9","596","18"
"2026-10-01T05:48:46.0012820-04:00","0.01","109","179.9","596","18"
"2026-10-01T05:48:51.0114250-04:00","0.01","108.9","179.9","596","17"
"2026-10-01T05:48:56.0214189-04:00","0.019","108.9","179.9","596","17"
"2026-10-01T05:49:01.0298976-04:00","0.019","108.9","179.9","596","17"
"2026-10-01T05:49:06.0416384-04:00","0","108.9","179.9","596","17"
"2026-10-01T05:49:11.0499611-04:00","0.019","108.9","179.9","596","17"
"2026-10-01T05:49:16.0636232-04:00","0.01","108.9","179.9","596","17"
"2026-10-01T05:49:21.0780280-04:00","0.01","109","179.9","599","18"
"2026-10-01T05:49:26.0971303-04:00","0.01","109.8","180.7","599","18"
"2026-10-01T05:49:31.1054535-04:00","0.01","109","179.9","599","18"
"2026-10-01T05:49:36.1254499-04:00","0.01","109","179.9","599","18"
"2026-10-01T05:49:41.1396125-04:00","0.01","108.9","179.9","599","17"
"2026-10-01T05:49:46.1583207-04:00","0","108.9","179.9","599","17"
"2026-10-01T05:49:51.1694779-04:00","0.01","108.9","179.9","599","17"
"2026-10-01T05:49:56.1810285-04:00","0.019","108.9","179.9","599","17"
"2026-10-01T05:50:01.1972923-04:00","0.019","108.9","179.9","599","17"
"2026-10-01T05:50:06.2079343-04:00","0.01","108.9","179.9","599","17"
"2026-10-01T05:50:11.2165965-04:00","0.019","108.9","179.9","599","17"
"2026-10-01T05:50:16.2307970-04:00","0.019","108.9","179.9","599","17"
"2026-10-01T05:50:21.2421611-04:00","0","108.9","179.9","599","17"
"2026-10-01T05:50:26.2545539-04:00","0.01","108.9","179.9","599","17"
"2026-10-01T05:50:31.2726515-04:00","0.01","108.9","179.9","599","17"
"2026-10-01T05:50:36.2799188-04:00","0.02","108.9","179.9","599","17"
"2026-10-01T05:50:41.2935136-04:00","0.01","108.9","179.9","599","17"
"2026-10-01T05:50:46.3062668-04:00","0.019","108.9","179.9","599","17"
"2026-10-01T05:50:51.3150770-04:00","0","108.9","179.9","599","17"
"2026-10-01T05:50:56.3278600-04:00","0.019","108.9","179.9","599","17"
"2026-10-01T05:51:01.3352815-04:00","0","108.9","179.9","599","17"
"2026-10-01T05:51:06.3422169-04:00","0.01","108.9","179.9","599","17"
"2026-10-01T05:51:11.3552437-04:00","0.029","108.9","179.9","599","17"
"2026-10-01T05:51:16.3733002-04:00","0","108.9","179.9","599","17"
"2026-10-01T05:51:21.3839827-04:00","0.01","108.9","179.9","599","17"
"2026-10-01T05:51:26.4043007-04:00","0.01","108.9","179.9","599","17"
"2026-10-01T05:51:31.4107732-04:00","0","108.9","179.9","599","17"
"2026-10-01T05:51:36.4259191-04:00","0.019","108.9","179.9","599","17"
"2026-10-01T05:51:41.4422146-04:00","0.019","108.9","179.9","599","17"
"2026-10-01T05:51:46.4568081-04:00","0.019","108.9","179.9","599","17"
"2026-10-01T05:51:51.4698551-04:00","0.01","108.9","179.9","599","17"
"2026-10-01T05:51:56.4859501-04:00","0.01","108.9","179.9","599","17"
"2026-10-01T05:52:01.4989502-04:00","0.01","109","179.9","602","18"
"2026-10-01T05:52:06.5140495-04:00","0.01","109","179.9","602","18"
"2026-10-01T05:52:11.5227105-04:00","0.019","109","179.9","602","18"
"2026-10-01T05:52:16.5355562-04:00","0.01","109","179.9","602","18"
"2026-10-01T05:52:21.5447888-04:00","0.01","108.9","179.9","602","17"
"2026-10-01T05:52:26.5614517-04:00","0.01","108.9","179.9","602","17"
"2026-10-01T05:52:31.5807460-04:00","0.01","108.9","179.9","602","17"
"2026-10-01T05:52:36.5882048-04:00","0.02","109","179.9","605","18"
"2026-10-01T05:52:41.5933862-04:00","0","109","179.9","605","18"
"2026-10-01T05:52:46.6003935-04:00","0.029","109","179.9","605","18"
"2026-10-01T05:52:51.6119500-04:00","0","109","179.9","605","18"
"2026-10-01T05:52:56.6212346-04:00","0.01","109","179.9","605","18"
"2026-10-01T05:53:01.6339635-04:00","0.01","109","179.9","605","18"
"2026-10-01T05:53:06.6453632-04:00","0.019","109","179.9","605","18"
"2026-10-01T05:53:11.6526417-04:00","0","109","179.9","605","18"
"2026-10-01T05:53:16.6626570-04:00","0.019","109","179.9","605","18"
"2026-10-01T05:53:21.6740812-04:00","0.019","109","179.9","605","18"
"2026-10-01T05:53:26.6845609-04:00","0.01","109","179.9","605","18"
"2026-10-01T05:53:31.7052634-04:00","0.01","109","179.9","605","18"
"2026-10-01T05:53:36.7250034-04:00","0.029","108.9","179.9","605","17"
"2026-10-01T05:53:41.7449867-04:00","0","109","179.9","608","18"
"2026-10-01T05:53:46.7687214-04:00","0.019","109","179.9","608","18"
"2026-10-01T05:53:51.7807852-04:00","0","109","179.9","608","18"
"2026-10-01T05:53:56.7936336-04:00","0.019","109","179.9","608","18"
"2026-10-01T05:54:01.8019784-04:00","0.01","109","179.9","608","18"
"2026-10-01T05:54:06.8222261-04:00","0","109","179.9","608","18"
"2026-10-01T05:54:11.8360166-04:00","0.01","109","179.9","608","18"
"2026-10-01T05:54:16.8431316-04:00","0.02","109","179.9","608","18"
"2026-10-01T05:54:21.8515702-04:00","0","109","179.9","608","18"
"2026-10-01T05:54:26.8624946-04:00","0.019","109","179.9","608","18"
"2026-10-01T05:54:31.8697427-04:00","0","108.9","179.9","608","17"
"2026-10-01T05:54:36.8795200-04:00","0.019","108.9","179.9","608","17"
"2026-10-01T05:54:41.8913927-04:00","0","108.9","179.9","608","17"
"2026-10-01T05:54:46.9043338-04:00","0.019","108.9","179.9","608","17"
"2026-10-01T05:54:51.9106154-04:00","0.02","108.9","179.9","608","17"
"2026-10-01T05:54:56.9173425-04:00","0","108.9","179.9","608","17"
"2026-10-01T05:55:01.9368573-04:00","0.019","109","179.9","611","18"
"2026-10-01T05:55:06.9436390-04:00","0.02","109","179.9","611","18"
"2026-10-01T05:55:11.9567428-04:00","0.019","109","179.9","611","18"
"2026-10-01T05:55:16.9793971-04:00","0","109","179.9","611","18"
"2026-10-01T05:55:21.9886628-04:00","0.029","108.9","179.9","611","17"
"2026-10-01T05:55:26.9972566-04:00","0.019","108.9","179.9","611","17"
"2026-10-01T05:55:32.0056931-04:00","0.019","108.9","179.9","611","17"
"2026-10-01T05:55:37.0154868-04:00","0.01","108.9","179.9","611","17"
"2026-10-01T05:55:42.0354107-04:00","0","108.9","179.9","611","17"
"2026-10-01T05:55:47.0547062-04:00","0.019","108.9","179.9","611","17"
"2026-10-01T05:55:52.0649308-04:00","0.019","108.9","179.9","611","17"
"2026-10-01T05:55:57.0807663-04:00","0.01","108.9","179.9","611","17"
"2026-10-01T05:56:02.0894252-04:00","0.01","109.7","180.7","611","17"
"2026-10-01T05:56:07.1091473-04:00","0.029","108.9","179.9","611","17"
"2026-10-01T05:56:12.1171686-04:00","0.01","109","179.9","614","18"
"2026-10-01T05:56:17.1276369-04:00","0.01","109","179.9","614","18"
"2026-10-01T05:56:22.1366600-04:00","0.019","109","179.9","614","18"
"2026-10-01T05:56:27.1447043-04:00","0","109","179.9","614","18"
"2026-10-01T05:56:32.1517999-04:00","0.02","109","179.9","614","18"
"2026-10-01T05:56:37.1607487-04:00","0.01","109","179.9","614","18"
"2026-10-01T05:56:42.1713846-04:00","0.01","108.9","179.9","614","17"
"2026-10-01T05:56:47.1784467-04:00","0","108.9","179.9","614","17"
"2026-10-01T05:56:52.1868272-04:00","0.019","108.9","179.9","614","17"
"2026-10-01T05:56:57.2001591-04:00","0.01","108.9","179.9","614","17"
"2026-10-01T05:57:02.2132564-04:00","0.01","108.9","179.9","614","17"
"2026-10-01T05:57:07.2226025-04:00","0","108.9","179.9","614","17"
"2026-10-01T05:57:12.2418991-04:00","0.029","108.9","179.9","614","17"
"2026-10-01T05:57:17.2529475-04:00","0.01","108.9","179.9","614","17"
"2026-10-01T05:57:22.2603895-04:00","0.02","108.9","179.9","614","17"
"2026-10-01T05:57:27.2662162-04:00","0.01","108.9","179.9","614","17"
"2026-10-01T05:57:32.2866337-04:00","0.01","108.9","179.9","617","18"
"2026-10-01T05:57:37.3030457-04:00","0.01","108.9","179.9","617","18"
"2026-10-01T05:57:42.3195024-04:00","0.029","108.9","179.9","617","18"
"2026-10-01T05:57:47.3262357-04:00","0.01","108.9","179.9","617","18"
"2026-10-01T05:57:52.3400208-04:00","0.01","108.9","179.9","620","18"
"2026-10-01T05:57:57.3503358-04:00","0.01","108.9","179.9","620","18"
"2026-10-01T05:58:02.3557199-04:00","0.02","108.9","179.9","620","18"
"2026-10-01T05:58:07.3645859-04:00","0","108.9","179.9","620","18"
"2026-10-01T05:58:12.3739207-04:00","0.019","108.9","179.9","620","18"
"2026-10-01T05:58:17.3835060-04:00","0.01","108.9","179.9","620","18"
"2026-10-01T05:58:22.4025585-04:00","0.019","108.9","179.9","620","18"
"2026-10-01T05:58:27.4090275-04:00","0","108.9","179.9","620","18"
"2026-10-01T05:58:32.4192517-04:00","0.019","108.9","179.9","620","18"
"2026-10-01T05:58:37.4297134-04:00","0.01","108.9","179.9","620","18"
"2026-10-01T05:58:42.4461661-04:00","0.029","108.9","179.9","620","18"
"2026-10-01T05:58:47.4587801-04:00","0.01","108.9","179.9","620","18"
"2026-10-01T05:58:52.4781107-04:00","0.019","108.9","179.9","620","18"
"2026-10-01T05:58:57.4860578-04:00","0","108.9","179.9","620","17"
"2026-10-01T05:59:02.4967733-04:00","0.019","108.9","179.9","620","17"
"2026-10-01T05:59:07.5049517-04:00","0.01","108.9","179.9","620","17"
"2026-10-01T05:59:12.5129084-04:00","0.01","108.9","179.9","620","17"
"2026-10-01T05:59:17.5216792-04:00","0.01","108.9","179.9","620","17"
"2026-10-01T05:59:22.5346549-04:00","0.01","108.9","179.9","620","17"
"2026-10-01T05:59:27.5613745-04:00","0.019","108.9","179.9","620","17"
"2026-10-01T05:59:32.5693591-04:00","0.02","108.9","179.9","620","17"
"2026-10-01T05:59:37.5884888-04:00","0","108.9","179.9","620","17"
"2026-10-01T05:59:42.5956991-04:00","0.02","108.9","179.9","623","18"
"2026-10-01T05:59:47.6163438-04:00","0.019","108.9","179.9","623","18"
"2026-10-01T05:59:52.6271710-04:00","0.01","108.9","179.9","623","18"
"2026-10-01T05:59:57.6375670-04:00","0.01","108.9","179.9","623","18"
"2026-10-01T06:00:02.6472804-04:00","0.039","108.9","179.9","623","17"
"2026-10-01T06:00:07.6562057-04:00","0","108.9","179.9","623","17"
"2026-10-01T06:00:12.6650469-04:00","0.01","108.9","179.9","623","17"
"2026-10-01T06:00:17.6803149-04:00","0","108.9","179.9","623","17"
"2026-10-01T06:00:22.6863590-04:00","0.01","108.9","179.9","623","17"
"2026-10-01T06:00:27.6970554-04:00","0.01","108.9","179.9","623","17"
"2026-10-01T06:00:32.7118354-04:00","0.01","108.9","179.9","626","18"
"2026-10-01T06:00:37.7207832-04:00","0.019","108.9","179.9","626","18"
"2026-10-01T06:00:42.7341309-04:00","0.019","108.9","179.9","626","18"
"2026-10-01T06:00:47.7443727-04:00","0.01","108.9","179.9","626","18"
"2026-10-01T06:00:52.7567451-04:00","0.019","108.9","179.9","626","18"
"2026-10-01T06:00:57.7737135-04:00","0.01","108.9","179.9","626","18"
"2026-10-01T06:01:02.7951821-04:00","0.01","108.9","179.9","626","18"
"2026-10-01T06:01:07.8079080-04:00","0.01","108.9","179.9","626","18"
"2026-10-01T06:01:12.8156679-04:00","0.02","108.9","179.9","629","18"
"2026-10-01T06:01:17.8305121-04:00","0.01","108.9","179.9","629","18"
"2026-10-01T06:01:22.8476792-04:00","0.019","108.9","179.9","629","18"
"2026-10-01T06:01:27.8646870-04:00","0","108.9","179.9","629","18"
"2026-10-01T06:01:32.8851842-04:00","0","108.9","179.9","629","18"
"2026-10-01T06:01:37.8971742-04:00","0.019","108.9","179.9","629","18"
"2026-10-01T06:01:42.9075965-04:00","0.019","108.9","179.9","629","18"
"2026-10-01T06:01:47.9188661-04:00","0","108.9","179.9","629","18"
"2026-10-01T06:01:52.9293757-04:00","0.01","108.9","179.9","629","18"
"2026-10-01T06:01:57.9364471-04:00","0.01","108.9","179.9","629","18"
"2026-10-01T06:02:02.9655994-04:00","0.019","108.9","179.9","629","17"
"2026-10-01T06:02:07.9761344-04:00","0","108.9","179.9","629","17"
"2026-10-01T06:02:12.9912466-04:00","0.01","108.9","179.9","629","17"
"2026-10-01T06:02:18.0020234-04:00","0.01","108.9","179.9","629","17"
"2026-10-01T06:02:23.0161525-04:00","0.019","108.9","179.9","629","17"
"2026-10-01T06:02:28.0366041-04:00","0.01","108.9","179.9","629","17"
"2026-10-01T06:02:33.0465756-04:00","0.019","108.9","179.9","632","18"
"2026-10-01T06:02:38.0564641-04:00","0","108.9","179.9","632","18"
"2026-10-01T06:02:43.0686492-04:00","0.019","108.9","179.9","632","18"
"2026-10-01T06:02:48.0789651-04:00","0.019","108.9","179.9","632","18"
"2026-10-01T06:02:53.0909287-04:00","0.01","108.9","179.9","632","17"
"2026-10-01T06:02:58.1050396-04:00","0.01","108.9","179.9","632","17"
"2026-10-01T06:03:03.1174805-04:00","0.019","108.9","179.9","632","17"
"2026-10-01T06:03:08.1280197-04:00","0.01","108.9","179.9","632","17"
"2026-10-01T06:03:13.1408957-04:00","0.01","108.9","179.9","632","17"
"2026-10-01T06:03:18.1522106-04:00","0.029","108.9","179.9","632","17"
"2026-10-01T06:03:23.1701305-04:00","0.01","108.9","179.9","632","17"
"2026-10-01T06:03:28.1791460-04:00","0.01","108.9","179.9","632","17"
"2026-10-01T06:03:33.1851318-04:00","0.02","108.9","179.9","632","17"
"2026-10-01T06:03:38.1945233-04:00","0.01","108.9","179.9","632","17"
"2026-10-01T06:03:43.2079826-04:00","0.01","108.9","179.9","632","17"
"2026-10-01T06:03:48.2213947-04:00","0.01","108.9","179.9","635","18"
"2026-10-01T06:03:53.2412197-04:00","0","108.9","179.9","635","18"
"2026-10-01T06:03:58.2471755-04:00","0.029","108.9","179.9","635","18"
"2026-10-01T06:04:03.2533581-04:00","0.01","108.9","179.9","635","18"
"2026-10-01T06:04:08.2604747-04:00","0.029","108.9","179.9","635","18"
"2026-10-01T06:04:13.2748961-04:00","0.01","108.9","179.9","635","18"
"2026-10-01T06:04:18.2830417-04:00","0.01","108.9","179.9","635","18"
"2026-10-01T06:04:23.2910660-04:00","0.019","108.9","179.9","635","18"
"2026-10-01T06:04:28.2978556-04:00","0.039","108.9","179.9","635","17"
"2026-10-01T06:04:33.3069805-04:00","0.019","108.9","179.9","635","17"
"2026-10-01T06:04:38.3141506-04:00","0","108.9","179.9","635","17"
"2026-10-01T06:04:43.3216633-04:00","0.02","108.9","179.9","635","17"
"2026-10-01T06:04:48.3276786-04:00","0.02","108.9","179.9","638","18"
"2026-10-01T06:04:53.3373010-04:00","0.01","108.9","179.9","638","18"
"2026-10-01T06:04:58.3458682-04:00","0.01","108.9","179.9","638","18"
"2026-10-01T06:05:03.3547985-04:00","0.019","108.9","179.9","638","18"
"2026-10-01T06:05:08.3615298-04:00","0","108.9","179.9","638","17"
"2026-10-01T06:05:13.3676519-04:00","0.01","108.9","179.9","638","17"
"2026-10-01T06:05:18.3773745-04:00","0","108.9","179.9","638","17"
"2026-10-01T06:05:23.3918545-04:00","0.01","108.9","179.9","638","17"
"2026-10-01T06:05:28.4051547-04:00","0.019","108.9","179.9","638","17"
"2026-10-01T06:05:33.4137246-04:00","0.01","108.9","179.9","638","17"
"2026-10-01T06:05:38.4277303-04:00","0.029","108.9","179.9","638","17"
"2026-10-01T06:05:43.4443420-04:00","0.01","108.9","179.9","638","17"
"2026-10-01T06:05:48.4505471-04:00","0.01","108.9","179.9","641","18"
"2026-10-01T06:05:53.4628403-04:00","0.01","108.9","179.9","641","18"
"2026-10-01T06:05:58.4748965-04:00","0.01","108.9","179.9","641","18"
"2026-10-01T06:06:03.4948979-04:00","0.019","108.9","179.9","641","18"
"2026-10-01T06:06:08.5009002-04:00","0","108.9","179.9","641","17"
"2026-10-01T06:06:13.5113771-04:00","0.01","108.9","179.9","641","17"
"2026-10-01T06:06:18.5226897-04:00","0.019","108.9","179.9","641","17"
"2026-10-01T06:06:23.5408694-04:00","0.029","108.9","179.9","641","17"
"2026-10-01T06:06:28.5514606-04:00","0.019","108.9","179.9","644","18"
"2026-10-01T06:06:33.5608051-04:00","0.01","108.9","179.9","644","18"
"2026-10-01T06:06:38.5745801-04:00","0.01","108.9","179.9","644","18"
"2026-10-01T06:06:43.5845378-04:00","0.019","108.9","179.9","644","18"
"2026-10-01T06:06:48.6001901-04:00","0.01","108.9","179.9","644","17"
"2026-10-01T06:06:53.6095330-04:00","0","108.9","179.9","644","17"
"2026-10-01T06:06:58.6180020-04:00","0.019","108.9","179.9","647","18"
"2026-10-01T06:07:03.6260738-04:00","0.01","108.9","179.9","647","18"
"2026-10-01T06:07:08.6339033-04:00","0.01","108.9","179.9","647","18"
"2026-10-01T06:07:13.6416275-04:00","0","108.9","179.9","647","18"
"2026-10-01T06:07:18.6483352-04:00","0.02","108.9","179.9","647","17"
"2026-10-01T06:07:23.6578176-04:00","0","108.9","179.9","647","17"
"2026-10-01T06:07:28.6650569-04:00","0.02","108.9","179.9","650","18"
"2026-10-01T06:07:33.6819876-04:00","0","108.9","179.9","650","18"
"2026-10-01T06:07:38.6944283-04:00","0.01","108.9","179.9","650","18"
"2026-10-01T06:07:43.7027863-04:00","0","108.9","179.9","650","18"
"2026-10-01T06:07:48.7130953-04:00","0.019","108.9","179.9","650","18"
"2026-10-01T06:07:53.7265850-04:00","0.01","108.9","179.9","650","18"
"2026-10-01T06:07:58.7388164-04:00","0.019","108.9","179.9","650","18"
"2026-10-01T06:08:03.7503405-04:00","0","108.9","179.9","650","18"
"2026-10-01T06:08:08.7595701-04:00","0.019","108.9","179.9","650","18"
"2026-10-01T06:08:13.7662995-04:00","0.01","108.9","179.9","650","18"
"2026-10-01T06:08:18.7769140-04:00","0.01","108.9","179.9","650","18"
"2026-10-01T06:08:23.7971495-04:00","0.01","108.9","179.9","650","18"
"2026-10-01T06:08:28.8060237-04:00","0.019","108.9","179.9","650","18"
"2026-10-01T06:08:33.8161359-04:00","0.01","108.9","179.9","650","18"
"2026-10-01T06:08:38.8219828-04:00","0","108.9","179.9","650","18"
"2026-10-01T06:08:43.8294457-04:00","0.02","108.9","179.9","650","18"
"2026-10-01T06:08:48.8355532-04:00","0.02","108.9","179.9","650","18"
"2026-10-01T06:08:53.8512572-04:00","0.01","108.9","179.9","650","18"
"2026-10-01T06:08:58.8627995-04:00","0.01","108.9","179.9","650","18"
"2026-10-01T06:09:03.8784941-04:00","0.01","108.9","179.9","650","18"
"2026-10-01T06:09:08.8905554-04:00","0.01","108.9","179.9","650","18"
"2026-10-01T06:09:13.8978883-04:00","0.01","108.9","179.9","650","18"
"2026-10-01T06:09:18.9044346-04:00","0.02","108.9","179.9","650","17"
"2026-10-01T06:09:23.9149797-04:00","0.01","108.9","179.9","650","17"
"2026-10-01T06:09:28.9265700-04:00","0.01","108.9","179.9","650","17"
"2026-10-01T06:09:33.9378636-04:00","0.01","108.9","179.9","650","17"
"2026-10-01T06:09:38.9452536-04:00","0.01","108.9","179.9","650","17"
"2026-10-01T06:09:43.9582991-04:00","0.019","108.9","179.9","650","17"
"2026-10-01T06:09:48.9649568-04:00","0.01","108.9","179.9","650","17"
"2026-10-01T06:09:53.9768367-04:00","0.01","108.9","179.9","650","17"
"2026-10-01T06:09:58.9832293-04:00","0.02","108.9","179.9","653","18"
"2026-10-01T06:10:04.0141356-04:00","0.01","108.9","179.9","653","18"
"2026-10-01T06:10:09.0253433-04:00","0.01","108.9","179.9","653","18"
"2026-10-01T06:10:14.0334167-04:00","0.019","108.9","179.9","653","18"
"2026-10-01T06:10:19.0477524-04:00","0.01","108.9","179.9","653","17"
"2026-10-01T06:10:24.0539475-04:00","0","108.9","179.9","653","17"
"2026-10-01T06:10:29.0710265-04:00","0.01","108.9","179.9","656","18"
"2026-10-01T06:10:34.0841373-04:00","0.01","109.7","180.7","656","18"
"2026-10-01T06:10:39.0917020-04:00","0.02","108.9","179.9","656","18"
"2026-10-01T06:10:44.0978546-04:00","0.01","109.7","180.7","656","18"
"2026-10-01T06:10:49.1369691-04:00","0.01","108.9","179.9","656","18"
"2026-10-01T06:10:54.1462930-04:00","0.01","108.9","179.9","656","18"
"2026-10-01T06:10:59.1531779-04:00","0.02","108.9","179.9","656","17"
"2026-10-01T06:11:04.1604346-04:00","0.01","108.9","179.9","656","17"
"2026-10-01T06:11:09.1737892-04:00","0.01","108.9","179.9","656","17"
"2026-10-01T06:11:14.1835191-04:00","0.019","108.9","179.9","656","17"
"2026-10-01T06:11:19.1985109-04:00","0.019","108.9","179.9","656","17"
"2026-10-01T06:11:24.2168616-04:00","0.029","108.9","179.9","656","17"
"2026-10-01T06:11:29.2256638-04:00","0","108.9","179.9","659","18"
"2026-10-01T06:11:34.2389674-04:00","0.01","108.9","179.9","659","18"
"2026-10-01T06:11:39.2469918-04:00","0.019","108.9","179.9","659","18"
"2026-10-01T06:11:44.2677398-04:00","0","108.9","179.9","659","18"
"2026-10-01T06:11:49.2763725-04:00","0.019","108.9","179.9","659","18"
"2026-10-01T06:11:54.2924943-04:00","0.029","108.9","179.9","659","17"
"2026-10-01T06:11:59.3111077-04:00","0.01","108.9","179.9","662","18"
"2026-10-01T06:12:04.3200863-04:00","0.01","108.9","179.9","662","18"
"2026-10-01T06:12:09.3352975-04:00","0","108.9","179.9","662","18"
"2026-10-01T06:12:14.3521483-04:00","0.019","108.9","179.9","662","18"
"2026-10-01T06:12:19.3600516-04:00","0.01","108.9","179.9","662","17"
"2026-10-01T06:12:24.3724743-04:00","0.01","108.9","179.9","662","17"
"2026-10-01T06:12:29.3825400-04:00","0.019","108.9","179.9","662","17"
"2026-10-01T06:12:34.3881154-04:00","0.02","108.9","179.9","662","17"
"2026-10-01T06:12:39.3969863-04:00","0.01","108.9","179.9","662","17"
"2026-10-01T06:12:44.4029950-04:00","0.02","108.9","179.9","662","17"
"2026-10-01T06:12:49.4158030-04:00","0.01","108.9","179.9","662","17"
"2026-10-01T06:12:54.4283847-04:00","0.01","108.9","179.9","665","18"
"2026-10-01T06:12:59.4345300-04:00","0.01","108.9","179.9","665","18"
"2026-10-01T06:13:04.4472665-04:00","0.019","108.9","179.9","665","18"
"2026-10-01T06:13:09.4543605-04:00","0","108.9","179.9","665","18"
"2026-10-01T06:13:14.4611538-04:00","0.02","108.9","179.9","665","17"
"2026-10-01T06:13:19.4740246-04:00","0","108.9","179.9","665","17"
"2026-10-01T06:13:24.4835388-04:00","0.01","108.9","179.9","665","17"
"2026-10-01T06:13:29.4967478-04:00","0.019","108.9","179.9","668","18"
"2026-10-01T06:13:34.5053597-04:00","0.01","108.9","179.9","668","18"
"2026-10-01T06:13:39.5171254-04:00","0","108.9","179.9","668","18"
"2026-10-01T06:13:44.5247393-04:00","0.02","108.9","179.9","668","18"
"2026-10-01T06:13:49.5333863-04:00","0","108.9","179.9","668","17"
"2026-10-01T06:13:54.5406167-04:00","0.02","108.9","179.9","671","18"
"2026-10-01T06:13:59.5562014-04:00","0","108.9","179.9","671","18"
"2026-10-01T06:14:04.5660810-04:00","0.01","108.9","179.9","671","18"
"2026-10-01T06:14:09.5822099-04:00","0.01","108.9","179.9","671","18"
"2026-10-01T06:14:14.5876195-04:00","0.02","108.9","179.9","671","17"
"2026-10-01T06:14:19.5957495-04:00","0.01","108.9","179.9","671","17"
"2026-10-01T06:14:24.6039843-04:00","0.01","108.9","179.9","671","17"
"2026-10-01T06:14:29.6161357-04:00","0.01","108.9","179.9","674","18"
"2026-10-01T06:14:34.6223113-04:00","0","108.9","179.9","674","18"
"2026-10-01T06:14:39.6352755-04:00","0.01","108.9","179.9","674","18"
"2026-10-01T06:14:44.6427795-04:00","0.01","108.9","179.9","674","18"
"2026-10-01T06:14:49.6550700-04:00","0.01","108.9","179.9","674","18"
"2026-10-01T06:14:54.6664223-04:00","0.019","108.9","179.9","674","18"
"2026-10-01T06:14:59.6790360-04:00","0.01","108.9","179.9","674","17"
"2026-10-01T06:15:04.6902145-04:00","0.01","108.9","179.9","674","17"
"2026-10-01T06:15:09.6998550-04:00","0.01","108.9","179.9","677","18"
"2026-10-01T06:15:14.7091464-04:00","0.019","108.9","179.9","677","18"
"2026-10-01T06:15:19.7199763-04:00","0","108.9","179.9","677","18"
"2026-10-01T06:15:24.7335528-04:00","0.01","108.9","179.9","677","18"
"2026-10-01T06:15:29.7447822-04:00","0.01","108.9","179.9","677","18"
"2026-10-01T06:15:34.7897047-04:00","0","108.9","179.9","677","18"
"2026-10-01T06:15:39.7993088-04:00","0.019","108.9","179.9","677","18"
"2026-10-01T06:15:44.8099319-04:00","0.01","108.9","179.9","677","18"
"2026-10-01T06:15:49.8221287-04:00","0.01","108.9","179.9","677","18"
"2026-10-01T06:15:54.8335531-04:00","0.01","108.9","179.9","677","18"
"2026-10-01T06:15:59.8434701-04:00","0.01","108.9","179.9","677","18"
"2026-10-01T06:16:04.8521930-04:00","0.01","108.9","179.9","677","18"
"2026-10-01T06:16:09.8665714-04:00","0.019","108.9","179.9","677","18"
"2026-10-01T06:16:14.8757287-04:00","0.01","108.9","179.9","677","18"
"2026-10-01T06:16:19.8907587-04:00","0.01","108.9","179.9","677","18"
"2026-10-01T06:16:24.8969143-04:00","0.01","108.9","179.9","677","18"
"2026-10-01T06:16:29.9223729-04:00","0.01","108.9","179.9","677","18"
"2026-10-01T06:16:34.9288649-04:00","0.02","108.9","179.9","677","18"
"2026-10-01T06:16:39.9392263-04:00","0.01","108.9","179.9","677","18"
"2026-10-01T06:16:44.9511947-04:00","0.01","108.9","179.9","677","17"
"2026-10-01T06:16:49.9662016-04:00","0.019","108.9","179.9","677","17"
"2026-10-01T06:16:54.9761918-04:00","0.019","108.9","179.9","680","18"
"2026-10-01T06:16:59.9967962-04:00","0","108.9","179.9","680","18"
"2026-10-01T06:17:05.0026450-04:00","0.02","108.9","179.9","680","18"
"2026-10-01T06:17:10.0138654-04:00","0.01","108.9","179.9","680","18"
"2026-10-01T06:17:15.0291788-04:00","0.019","108.9","179.9","680","17"
"2026-10-01T06:17:20.0390161-04:00","0","108.9","179.9","683","18"
"2026-10-01T06:17:25.0482166-04:00","0.01","108.9","179.9","683","18"
"2026-10-01T06:17:30.0594466-04:00","0","108.9","179.9","683","18"
"2026-10-01T06:17:35.0686006-04:00","0.01","108.9","179.9","683","17"
"2026-10-01T06:17:40.0754734-04:00","0.01","108.9","179.9","683","17"
"2026-10-01T06:17:45.0809575-04:00","0.01","108.9","179.9","683","17"
"2026-10-01T06:17:50.0872852-04:00","0","109.7","180.7","683","17"
"2026-10-01T06:17:55.0980202-04:00","0.019","108.9","179.9","683","17"
"2026-10-01T06:18:00.1092802-04:00","0.01","108.9","179.9","683","17"
"2026-10-01T06:18:05.1146140-04:00","0","108.9","179.9","683","17"
"2026-10-01T06:18:10.1220769-04:00","0.01","108.9","179.9","686","18"
"2026-10-01T06:18:15.1331885-04:00","0","108.9","179.9","686","18"
"2026-10-01T06:18:20.1395784-04:00","0.02","108.9","179.9","686","18"
"2026-10-01T06:18:27.7469717-04:00","0.006","109.3","180.3","689","19"
"2026-10-01T06:18:32.7676259-04:00","0.01","109.2","180.3","686","18"
"2026-10-01T06:18:37.7750008-04:00","0","109.2","180.3","686","18"
"2026-10-01T06:18:42.7817384-04:00","0.02","109.2","180.3","686","18"
"2026-10-01T06:18:47.7949151-04:00","0.01","109.2","180.3","686","18"
"2026-10-01T06:18:52.8098718-04:00","0.019","109.2","180.3","689","18"
"2026-10-01T06:18:57.8189369-04:00","0","109.2","180.3","689","18"
"2026-10-01T06:19:02.8309302-04:00","0.01","109.2","180.3","689","18"
"2026-10-01T06:19:07.8402787-04:00","0.01","109.2","180.3","689","18"
"2026-10-01T06:19:12.8635707-04:00","0.01","109.2","180.3","689","17"
"2026-10-01T06:19:17.8755423-04:00","0.019","109.2","180.3","689","17"
"2026-10-01T06:19:22.9110245-04:00","0","109.2","180.3","692","18"
"2026-10-01T06:19:27.9182161-04:00","0.01","109.2","180.3","692","18"
"2026-10-01T06:19:32.9273513-04:00","0.01","109.2","180.3","692","18"
"2026-10-01T06:19:37.9355423-04:00","0.019","109.2","180.3","692","18"
"2026-10-01T06:19:42.9458744-04:00","0.01","109.2","180.3","692","17"
"2026-10-01T06:19:47.9572230-04:00","0.01","109.2","180.3","692","17"
"2026-10-01T06:19:52.9693629-04:00","0.01","109.2","180.3","692","17"
"2026-10-01T06:19:57.9871210-04:00","0.01","109.2","180.3","692","17"
"2026-10-01T06:20:02.9935034-04:00","0.01","109.2","180.3","692","17"
"2026-10-01T06:20:08.0078248-04:00","0","109.2","180.3","692","17"
"2026-10-01T06:20:13.0186570-04:00","0.01","109.2","180.3","695","18"
"2026-10-01T06:20:18.0270851-04:00","0.01","109.2","180.3","695","18"
"2026-10-01T06:20:23.0429394-04:00","0.01","109.2","180.3","695","18"
"2026-10-01T06:20:28.0491859-04:00","0.01","109.2","180.3","695","18"
"2026-10-01T06:20:33.0638703-04:00","0.01","109.2","180.3","695","17"
"2026-10-01T06:20:38.0750113-04:00","0.019","109.2","180.3","695","17"
"2026-10-01T06:20:43.0833515-04:00","0","109.2","180.3","695","17"
"2026-10-01T06:20:48.0977479-04:00","0.01","109.3","180.3","701","19"
"2026-10-01T06:20:53.1050641-04:00","0.029","109.3","180.3","701","19"
"2026-10-01T06:20:58.1108909-04:00","0","109.3","180.3","701","19"
"2026-10-01T06:21:03.1272017-04:00","0.01","109.3","180.3","701","19"
"2026-10-01T06:21:08.1364209-04:00","0.01","108.3","179.6","608","17"
"2026-10-01T06:21:13.1420462-04:00","0","108.4","179.6","611","18"
"2026-10-01T06:21:18.1596432-04:00","0","108.4","179.6","611","18"
"2026-10-01T06:21:23.1731722-04:00","0.01","108.4","179.6","611","18"
"2026-10-01T06:21:28.1831603-04:00","0.019","108.4","179.6","611","18"
"2026-10-01T06:21:33.1953105-04:00","0.019","108.4","179.6","614","18"
"2026-10-01T06:21:38.2099985-04:00","0.01","108.4","179.6","614","18"
"2026-10-01T06:21:43.2161691-04:00","0.02","108.4","179.6","614","18"
"2026-10-01T06:21:48.2240617-04:00","0.01","108.4","179.6","614","18"
"2026-10-01T06:21:53.2359842-04:00","0.01","108.3","179.6","614","17"
"2026-10-01T06:21:58.2554764-04:00","0.01","108.3","179.6","614","17"
"2026-10-01T06:22:03.2694260-04:00","0.019","108.3","179.6","614","17"
"2026-10-01T06:22:08.2805555-04:00","0.01","108.3","179.6","614","17"
"2026-10-01T06:22:13.3064417-04:00","0.019","108.4","179.6","617","18"
"2026-10-01T06:22:18.3149969-04:00","0","108.4","179.6","617","18"
"2026-10-01T06:22:23.3230510-04:00","0.019","108.4","179.6","617","18"
"2026-10-01T06:22:28.3329239-04:00","0.01","108.4","179.6","617","18"
"2026-10-01T06:22:33.3424611-04:00","0.01","108.4","179.6","620","18"
"2026-10-01T06:22:38.3559896-04:00","0.01","108.4","179.6","620","18"
"2026-10-01T06:22:43.3622523-04:00","0.02","108.4","179.6","620","18"
"2026-10-01T06:22:48.3709715-04:00","0.01","108.4","179.6","620","18"
"2026-10-01T06:22:53.3791813-04:00","0.019","108.3","179.6","620","17"
"2026-10-01T06:22:58.3960071-04:00","0.019","108.3","179.6","620","17"
"2026-10-01T06:23:03.4054943-04:00","0.019","108.4","179.6","623","18"
"2026-10-01T06:23:08.4131297-04:00","0.02","108.4","179.6","623","18"
"2026-10-01T06:23:13.4255444-04:00","0.01","108.4","179.6","623","18"
"2026-10-01T06:23:18.4342215-04:00","0.01","108.4","179.6","623","18"
"2026-10-01T06:23:23.4428515-04:00","0.01","108.4","179.6","623","18"
"2026-10-01T06:23:28.4634045-04:00","0","108.4","179.6","623","18"
"2026-10-01T06:23:33.4706658-04:00","0.01","108.3","179.6","623","17"
"2026-10-01T06:23:38.4869679-04:00","0.019","108.3","179.6","623","17"
"2026-10-01T06:23:43.4954538-04:00","0.019","108.3","179.6","623","17"
"2026-10-01T06:23:48.5036436-04:00","0.019","108.3","179.6","623","17"
"2026-10-01T06:23:53.5142860-04:00","0.01","108.3","179.6","623","17"
"2026-10-01T06:23:58.5270790-04:00","0.01","108.3","179.6","623","17"
"2026-10-01T06:24:03.5368802-04:00","0","108.3","179.6","623","17"
"2026-10-01T06:24:08.5475736-04:00","0.01","108.3","179.6","623","17"
"2026-10-01T06:24:13.5550931-04:00","0.02","108.3","179.6","623","17"
"2026-10-01T06:24:18.5749629-04:00","0","108.3","179.6","623","17"
"2026-10-01T06:24:23.5941552-04:00","0.029","108.4","179.6","626","18"
"2026-10-01T06:24:28.6057600-04:00","0","108.4","179.6","626","18"
"2026-10-01T06:24:33.6191459-04:00","0.01","108.4","179.6","626","18"
"2026-10-01T06:24:38.6260934-04:00","0.02","108.4","179.6","626","18"
"2026-10-01T06:24:43.6351270-04:00","0.01","108.4","179.6","626","18"
"2026-10-01T06:24:48.6489998-04:00","0.01","108.4","179.6","626","18"
"2026-10-01T06:24:53.6612047-04:00","0.01","108.3","179.6","626","17"
"2026-10-01T06:24:58.6745674-04:00","0.01","108.3","179.6","626","17"
"2026-10-01T06:25:03.6957355-04:00","0","108.4","179.6","629","18"
"2026-10-01T06:25:08.7078892-04:00","0.019","108.4","179.6","629","18"
"2026-10-01T06:25:13.7143000-04:00","0","108.4","179.6","629","18"
"2026-10-01T06:25:18.7276670-04:00","0.01","108.4","179.6","629","18"
"2026-10-01T06:25:23.7380553-04:00","0.019","108.3","179.6","629","17"
"2026-10-01T06:25:28.7479310-04:00","0.01","108.3","179.6","629","17"
"2026-10-01T06:25:33.7547743-04:00","0","108.3","179.6","629","17"
"2026-10-01T06:25:38.7637707-04:00","0.019","108.3","179.6","629","17"
"2026-10-01T06:25:43.7768525-04:00","0.01","108.3","179.6","629","17"
"2026-10-01T06:25:48.7856444-04:00","0.01","108.3","179.6","629","17"
"2026-10-01T06:25:53.8053693-04:00","0.01","108.3","179.6","629","17"
"2026-10-01T06:25:58.8151227-04:00","0.019","108.4","179.6","632","18"
"2026-10-01T06:26:03.8244164-04:00","0.01","108.4","179.6","632","18"
"2026-10-01T06:26:08.8351263-04:00","0.01","108.4","179.6","632","18"
"2026-10-01T06:26:13.8412558-04:00","0.02","108.4","179.6","632","18"
"2026-10-01T06:26:18.8488508-04:00","0","108.4","179.6","632","18"
"2026-10-01T06:26:23.8577502-04:00","0.019","108.4","179.6","632","18"
"2026-10-01T06:26:28.8770569-04:00","0.01","108.4","179.6","632","18"
"2026-10-01T06:26:33.8829386-04:00","0","108.4","179.6","632","18"
"2026-10-01T06:26:38.8943701-04:00","0.01","108.4","179.6","632","18"
"2026-10-01T06:26:43.9013520-04:00","0.01","108.4","179.6","632","18"
"2026-10-01T06:26:48.9097363-04:00","0.01","108.4","179.6","632","18"
"2026-10-01T06:26:53.9157730-04:00","0.01","108.4","179.6","632","18"
"2026-10-01T06:26:58.9360507-04:00","0.049","108.4","179.6","632","18"
"2026-10-01T06:27:03.9465046-04:00","0","108.4","179.6","632","18"
"2026-10-01T06:27:08.9579901-04:00","0.029","108.4","179.6","632","18"
"2026-10-01T06:27:13.9670806-04:00","0.019","108.4","179.6","632","18"
"2026-10-01T06:27:18.9777498-04:00","0.019","108.4","179.6","632","18"
"2026-10-01T06:27:23.9844811-04:00","0.029","108.3","179.6","632","17"
"2026-10-01T06:27:28.9909906-04:00","0.01","108.3","179.6","632","17"
"2026-10-01T06:27:34.0074419-04:00","0.019","108.3","179.6","632","17"
"2026-10-01T06:27:39.0149356-04:00","0.02","108.3","179.6","632","17"
"2026-10-01T06:27:44.0261592-04:00","0.01","108.3","179.6","632","17"
"2026-10-01T06:27:49.0324696-04:00","0","108.3","179.6","632","17"
"2026-10-01T06:27:54.0407515-04:00","0.01","108.3","179.6","632","17"
"2026-10-01T06:27:59.0488997-04:00","0.01","108.3","179.6","632","17"
"2026-10-01T06:28:04.0583502-04:00","0.019","108.3","179.6","632","17"
"2026-10-01T06:28:09.0782845-04:00","0.01","108.3","179.6","632","17"
"2026-10-01T06:28:14.0891912-04:00","0.01","108.3","179.6","632","17"
"2026-10-01T06:28:19.0948272-04:00","0","108.3","179.6","632","17"
"2026-10-01T06:28:24.1026232-04:00","0.01","108.3","179.6","632","17"
"2026-10-01T06:28:29.1231756-04:00","0.01","108.3","179.6","632","17"
"2026-10-01T06:28:34.1291128-04:00","0","108.4","179.6","635","18"
"2026-10-01T06:28:39.1368986-04:00","0.029","108.4","179.6","635","18"
"2026-10-01T06:28:44.1498806-04:00","0.01","108.4","179.6","635","18"
"2026-10-01T06:28:49.1603562-04:00","0.01","108.4","179.6","635","18"
"2026-10-01T06:28:54.1685164-04:00","0.019","108.4","179.6","635","18"
"2026-10-01T06:28:59.1734780-04:00","0","108.4","179.6","635","18"
"2026-10-01T06:29:04.1855363-04:00","0.01","108.4","179.6","635","18"
"2026-10-01T06:29:09.1959273-04:00","0.01","108.4","179.6","635","18"
"2026-10-01T06:29:14.2103486-04:00","0.01","108.4","179.6","635","18"
"2026-10-01T06:29:19.2298637-04:00","0.01","108.4","179.6","635","18"
"2026-10-01T06:29:24.2412630-04:00","0.01","108.4","179.6","635","18"
"2026-10-01T06:29:29.2523015-04:00","0.01","108.4","179.6","635","18"
"2026-10-01T06:29:34.2615223-04:00","0.01","108.3","179.6","635","17"
"2026-10-01T06:29:39.2722701-04:00","0.019","108.3","179.6","635","17"
"2026-10-01T06:29:44.2788969-04:00","0.01","108.4","179.6","638","18"
"2026-10-01T06:29:49.2864067-04:00","0.01","108.4","179.6","638","18"
"2026-10-01T06:29:54.2990253-04:00","0","108.4","179.6","638","18"
"2026-10-01T06:29:59.3062597-04:00","0.02","108.4","179.6","638","18"
"2026-10-01T06:30:04.3180030-04:00","0.01","108.4","179.6","638","17"
"2026-10-01T06:30:09.3238948-04:00","0.02","108.4","179.6","638","17"
"2026-10-01T06:30:14.3431011-04:00","0","108.4","179.6","638","17"
"2026-10-01T06:30:19.3537608-04:00","0.01","108.4","179.6","638","17"
"2026-10-01T06:30:24.3611452-04:00","0","108.4","179.6","638","17"
"2026-10-01T06:30:29.3696540-04:00","0.019","108.4","179.6","638","17"
"2026-10-01T06:30:34.3899309-04:00","0","108.4","179.6","641","18"
"2026-10-01T06:30:39.3957529-04:00","0.02","108.4","179.6","641","18"
"2026-10-01T06:30:44.4159476-04:00","0","108.4","179.6","641","18"
"2026-10-01T06:30:49.4222374-04:00","0.02","108.4","179.6","641","18"
"2026-10-01T06:30:54.4400289-04:00","0","108.4","179.6","641","17"
"2026-10-01T06:30:59.4475798-04:00","0.02","108.4","179.6","641","17"
"2026-10-01T06:31:04.4599740-04:00","0.019","108.4","179.6","641","17"
"2026-10-01T06:31:09.4665116-04:00","0.01","108.4","179.6","641","17"
"2026-10-01T06:31:14.4871461-04:00","0.01","108.4","179.6","641","17"
"2026-10-01T06:31:19.5034288-04:00","0.019","108.4","179.6","641","17"
"2026-10-01T06:31:24.5119249-04:00","0.01","108.4","179.6","641","17"
"2026-10-01T06:31:29.5250263-04:00","0.01","108.4","179.6","641","17"
"2026-10-01T06:31:34.5321976-04:00","0.01","108.4","179.6","641","17"
"2026-10-01T06:31:39.5440908-04:00","0.01","108.4","179.6","641","17"
"2026-10-01T06:31:44.5515566-04:00","0.02","108.4","179.6","641","17"
"2026-10-01T06:31:49.5647929-04:00","0.01","108.4","179.6","641","17"
"2026-10-01T06:31:54.5735094-04:00","0","108.4","179.6","644","18"
"2026-10-01T06:31:59.5815007-04:00","0.02","108.4","179.6","644","18"
"2026-10-01T06:32:04.6012119-04:00","0","108.4","179.6","644","18"
"2026-10-01T06:32:09.6135253-04:00","0.019","108.4","179.6","644","18"
"2026-10-01T06:32:14.6331130-04:00","0","108.4","179.6","644","17"
"2026-10-01T06:32:19.6532733-04:00","0.01","108.4","179.6","644","17"
"2026-10-01T06:32:24.6606146-04:00","0.049","108.4","179.6","644","17"
"2026-10-01T06:32:29.6670870-04:00","0","108.4","179.6","644","17"
"2026-10-01T06:32:34.6812673-04:00","0","109.2","180.4","644","17"
"2026-10-01T06:32:39.6954983-04:00","0.01","108.4","179.6","644","17"
"2026-10-01T06:32:44.7039293-04:00","0.019","108.4","179.6","644","17"
"2026-10-01T06:32:49.7107482-04:00","0","108.4","179.6","644","17"
"2026-10-01T06:32:54.7206555-04:00","0.01","108.4","179.6","644","17"
"2026-10-01T06:32:59.7286474-04:00","0","108.4","179.6","644","17"
"2026-10-01T06:33:04.7469479-04:00","0.029","108.4","179.6","644","17"
"2026-10-01T06:33:09.7536144-04:00","0.02","108.5","179.7","644","17"
"2026-10-01T06:33:14.7610982-04:00","0.01","108.5","179.7","647","18"
"2026-10-01T06:33:19.7670198-04:00","0.02","108.5","179.7","647","18"
"2026-10-01T06:33:24.7788372-04:00","0.019","108.5","179.7","647","18"
"2026-10-01T06:33:29.7864242-04:00","0","108.5","179.7","647","18"
"2026-10-01T06:33:34.7979510-04:00","0.01","108.5","179.7","647","17"
"2026-10-01T06:33:39.8083944-04:00","0.01","108.5","179.7","647","17"
"2026-10-01T06:33:44.8155708-04:00","0.02","108.5","179.7","647","17"
"2026-10-01T06:33:49.8297614-04:00","0.019","108.5","179.7","647","17"
"2026-10-01T06:33:54.8482780-04:00","0","108.5","179.7","647","17"
"2026-10-01T06:33:59.8536568-04:00","0.01","108.5","179.7","647","17"
"2026-10-01T06:34:04.8650526-04:00","0.01","108.5","179.7","647","17"
"2026-10-01T06:34:09.8730207-04:00","0.02","108.5","179.7","650","18"
"2026-10-01T06:34:14.8855885-04:00","0.019","108.5","179.7","650","18"
"2026-10-01T06:34:19.9045318-04:00","0.01","108.5","179.7","650","18"
"2026-10-01T06:34:24.9102291-04:00","0","108.5","179.7","650","18"
"2026-10-01T06:34:29.9199375-04:00","0.019","108.5","179.7","650","18"
"2026-10-01T06:34:34.9289438-04:00","0.01","108.5","179.7","650","18"
"2026-10-01T06:34:39.9414846-04:00","0.01","108.5","179.7","650","18"
"2026-10-01T06:34:44.9507968-04:00","0.019","108.5","179.7","650","17"
"2026-10-01T06:34:49.9585057-04:00","0.039","108.5","179.7","650","17"
"2026-10-01T06:34:54.9641159-04:00","0.02","108.5","179.7","650","17"
"2026-10-01T06:34:59.9849089-04:00","0","108.5","179.7","650","17"
"2026-10-01T06:35:04.9931028-04:00","0.01","108.5","179.7","653","18"
"2026-10-01T06:35:10.0087619-04:00","0.01","108.5","179.7","653","18"
"2026-10-01T06:35:15.0220095-04:00","0.039","108.5","179.7","653","18"
"2026-10-01T06:35:20.0317533-04:00","0.01","108.5","179.7","653","18"
"2026-10-01T06:35:25.0434525-04:00","0.019","108.5","179.7","653","17"
"2026-10-01T06:35:30.0542149-04:00","0.01","108.5","179.7","653","17"
"2026-10-01T06:35:35.0651604-04:00","0.01","108.5","179.7","653","17"
"2026-10-01T06:35:40.0707910-04:00","0","108.5","179.7","653","17"
"2026-10-01T06:35:45.0842340-04:00","0.019","108.5","179.7","653","17"
"2026-10-01T06:35:50.0956441-04:00","0.01","108.5","179.7","653","17"
"2026-10-01T06:35:55.1070731-04:00","0.01","108.5","179.7","653","17"
"2026-10-01T06:36:00.1131755-04:00","0","108.5","179.7","653","17"
"2026-10-01T06:36:05.1337534-04:00","0.029","108.5","179.7","656","18"
"2026-10-01T06:36:10.1478664-04:00","0.01","108.5","179.7","656","18"
"2026-10-01T06:36:15.1556157-04:00","0.02","108.5","179.7","656","18"
"2026-10-01T06:36:20.1655267-04:00","0.01","108.5","179.7","656","18"
"2026-10-01T06:36:25.1789774-04:00","0.019","108.5","179.7","656","18"
"2026-10-01T06:36:30.1883038-04:00","0","108.5","179.7","656","18"
"2026-10-01T06:36:35.1948904-04:00","0.029","108.5","179.7","656","18"
"2026-10-01T06:36:40.2000314-04:00","0.02","108.5","179.7","656","18"
"2026-10-01T06:36:45.2063209-04:00","0","108.5","179.7","656","17"
"2026-10-01T06:36:50.2128642-04:00","0.02","108.5","179.7","656","17"
"2026-10-01T06:36:55.2234419-04:00","0.019","108.5","179.7","656","17"
"2026-10-01T06:37:00.2301858-04:00","0.02","108.5","179.7","656","17"
"2026-10-01T06:37:05.2391511-04:00","0.01","108.5","179.7","659","18"
"2026-10-01T06:37:10.2625179-04:00","0.01","108.5","179.7","659","18"
"2026-10-01T06:37:15.2704936-04:00","0.02","108.5","179.7","659","18"
"2026-10-01T06:37:20.2841315-04:00","0","108.5","179.7","659","18"
"2026-10-01T06:37:25.2909148-04:00","0.02","108.5","179.7","659","17"
"2026-10-01T06:37:30.3005706-04:00","0.01","108.5","179.7","659","17"
"2026-10-01T06:37:35.3100614-04:00","0.01","108.5","179.7","659","17"
"2026-10-01T06:37:40.3152297-04:00","0.01","108.5","179.7","659","17"
"2026-10-01T06:37:45.3335351-04:00","0.019","108.5","179.7","659","17"
"2026-10-01T06:37:50.3440680-04:00","0","108.5","179.7","659","17"
"2026-10-01T06:37:55.3540879-04:00","0.019","108.5","179.7","659","17"
"2026-10-01T06:38:00.3654300-04:00","0","108.5","179.7","659","17"
"2026-10-01T06:38:05.3780135-04:00","0.019","108.5","179.7","662","18"
"2026-10-01T06:38:10.3971868-04:00","0.019","108.5","179.7","662","18"
"2026-10-01T06:38:15.4171590-04:00","0","108.5","179.7","662","18"
"2026-10-01T06:38:20.4273517-04:00","0.019","108.5","179.7","662","18"
"2026-10-01T06:38:25.4371971-04:00","0.01","108.5","179.7","662","17"
"2026-10-01T06:38:30.4433752-04:00","0.02","108.5","179.7","662","17"
"2026-10-01T06:38:35.4541597-04:00","0.01","108.5","179.7","662","17"
"2026-10-01T06:38:40.4678067-04:00","0.01","108.5","179.7","662","17"
"2026-10-01T06:38:45.4798094-04:00","0.019","108.5","179.7","665","18"
"2026-10-01T06:38:50.4939093-04:00","0.01","108.5","179.7","665","18"
"2026-10-01T06:38:55.5052207-04:00","0.01","108.5","179.7","665","18"
"2026-10-01T06:39:00.5232296-04:00","0","108.5","179.7","665","18"
"2026-10-01T06:39:05.5329378-04:00","0.019","108.5","179.7","665","18"
"2026-10-01T06:39:10.5453247-04:00","0","108.5","179.7","665","18"
"2026-10-01T06:39:15.5547284-04:00","0.019","108.5","179.7","665","18"
"2026-10-01T06:39:20.5603887-04:00","0.01","108.5","179.7","665","17"
"2026-10-01T06:39:25.5690946-04:00","0.019","108.5","179.7","665","17"
"2026-10-01T06:39:30.5888473-04:00","0","108.5","179.7","665","17"
"2026-10-01T06:39:35.5979803-04:00","0.019","108.5","179.7","665","17"
"2026-10-01T06:39:40.6038764-04:00","0","108.5","179.7","665","17"
"2026-10-01T06:39:45.6144606-04:00","0.01","108.5","179.7","665","17"
"2026-10-01T06:39:50.6329803-04:00","0","108.5","179.7","665","17"
"2026-10-01T06:39:55.6420963-04:00","0.01","108.5","179.7","668","18"
"2026-10-01T06:40:00.6533504-04:00","0.01","108.5","179.7","668","18"
"2026-10-01T06:40:05.6675174-04:00","0.01","108.5","179.7","668","18"
"2026-10-01T06:40:10.6752846-04:00","0.02","108.5","179.7","668","18"
"2026-10-01T06:40:15.6816176-04:00","0","108.5","179.7","668","18"
"2026-10-01T06:40:20.6902841-04:00","0.01","109.3","180.5","668","18"
"2026-10-01T06:40:25.6966697-04:00","0","108.5","179.7","668","18"
"2026-10-01T06:40:30.7096964-04:00","0.01","108.5","179.7","668","18"
"2026-10-01T06:40:35.7192981-04:00","0.019","108.5","179.7","668","18"
"2026-10-01T06:40:40.7309520-04:00","0.01","108.5","179.7","668","18"
"2026-10-01T06:40:45.7456429-04:00","0.01","108.5","179.7","668","18"
"2026-10-01T06:40:50.7662953-04:00","0.029","108.5","179.7","668","17"
"2026-10-01T06:40:55.7804764-04:00","0.01","108.5","179.7","668","17"
"2026-10-01T06:41:00.7900808-04:00","0.01","108.5","179.7","668","17"
"2026-10-01T06:41:05.7976732-04:00","0.029","108.5","179.7","668","17"
"2026-10-01T06:41:10.8032420-04:00","0","108.5","179.7","668","17"
"2026-10-01T06:41:15.8122478-04:00","0.019","108.5","179.7","668","17"
"2026-10-01T06:41:20.8217095-04:00","0.01","108.5","179.7","668","17"
"2026-10-01T06:41:25.8285352-04:00","0.02","108.5","179.7","668","17"
"2026-10-01T06:41:30.8337772-04:00","0","108.5","179.7","668","17"
"2026-10-01T06:41:35.8394273-04:00","0.01","108.5","179.7","668","17"
"2026-10-01T06:41:40.8530155-04:00","0.019","108.5","179.7","668","17"
"2026-10-01T06:41:45.8606995-04:00","0","108.5","179.7","671","18"
"2026-10-01T06:41:50.8752468-04:00","0.01","108.5","179.7","671","18"
"2026-10-01T06:41:55.8820505-04:00","0.01","108.5","179.7","671","18"
"2026-10-01T06:42:00.8903309-04:00","0.01","108.5","179.7","671","18"
"2026-10-01T06:42:05.8985901-04:00","0","108.5","179.7","671","18"
"2026-10-01T06:42:10.9058857-04:00","0.02","108.5","179.7","671","18"
"2026-10-01T06:42:15.9149583-04:00","0.01","108.5","179.7","671","18"
"2026-10-01T06:42:20.9340584-04:00","0.029","108.5","179.7","671","18"
"2026-10-01T06:42:25.9548362-04:00","0.01","108.5","179.7","671","18"
"2026-10-01T06:42:30.9634337-04:00","0.01","108.5","179.7","671","18"
"2026-10-01T06:42:35.9722034-04:00","0","108.5","179.7","671","18"
"2026-10-01T06:42:40.9812383-04:00","0.019","108.5","179.7","671","18"
"2026-10-01T06:42:45.9948516-04:00","0.01","108.5","179.7","671","18"
"2026-10-01T06:42:51.0071688-04:00","0.019","108.5","179.7","671","18"
"2026-10-01T06:42:56.0150445-04:00","0.01","108.5","179.7","671","18"
"2026-10-01T06:43:01.0253671-04:00","0.01","108.5","179.7","671","17"
"2026-10-01T06:43:06.0505815-04:00","0","108.5","179.7","671","17"
"2026-10-01T06:43:11.0623560-04:00","0.01","108.5","179.7","671","17"
"2026-10-01T06:43:16.0719967-04:00","0","108.5","179.7","671","17"
"2026-10-01T06:43:21.0822063-04:00","0.01","108.5","179.7","671","17"
"2026-10-01T06:43:26.0893928-04:00","0.02","108.5","179.7","671","17"
"2026-10-01T06:43:31.1094918-04:00","0.01","108.5","179.7","674","18"
"2026-10-01T06:43:36.1173466-04:00","0.01","108.5","179.7","674","18"
"2026-10-01T06:43:41.1233714-04:00","0.01","108.5","179.7","674","18"
"2026-10-01T06:43:46.1313634-04:00","0.02","108.5","179.7","674","18"
"2026-10-01T06:43:51.1437847-04:00","0.01","108.5","179.7","674","18"
"2026-10-01T06:43:56.1641369-04:00","0.019","108.5","179.7","674","18"
"2026-10-01T06:44:01.1740958-04:00","0","108.5","179.7","674","18"
"2026-10-01T06:44:06.1836247-04:00","0.019","108.5","179.7","674","18"
"2026-10-01T06:44:11.1921937-04:00","0.01","108.5","179.7","674","17"
"2026-10-01T06:44:16.1979525-04:00","0.02","108.5","179.7","674","17"
"2026-10-01T06:44:21.2105165-04:00","0.01","108.5","179.7","674","17"
"2026-10-01T06:44:26.2173098-04:00","0.02","108.5","179.7","674","17"
"2026-10-01T06:44:31.2249380-04:00","0.01","108.5","179.7","677","18"
"2026-10-01T06:44:36.2350435-04:00","0","108.5","179.7","677","18"
"2026-10-01T06:44:41.2444365-04:00","0.01","108.5","179.7","677","18"
"2026-10-01T06:44:46.2570549-04:00","0.01","108.5","179.7","677","18"
"2026-10-01T06:44:51.2701641-04:00","0.019","108.5","179.7","677","18"
"2026-10-01T06:44:56.2781278-04:00","0.01","108.5","179.7","677","18"
"2026-10-01T06:45:01.2855785-04:00","0.01","108.5","179.7","677","17"
"2026-10-01T06:45:06.3002551-04:00","0.01","108.5","179.7","677","17"
"2026-10-01T06:45:11.3052814-04:00","0.02","108.5","179.7","680","18"
"2026-10-01T06:45:16.3107763-04:00","0","108.5","179.7","680","18"
"2026-10-01T06:45:21.3205706-04:00","0.01","108.5","179.7","680","18"
"2026-10-01T06:45:26.3310103-04:00","0.01","108.5","179.7","680","18"
"2026-10-01T06:45:31.3432359-04:00","0.019","108.5","179.7","680","18"
"2026-10-01T06:45:36.3495916-04:00","0.02","108.5","179.7","680","18"
"2026-10-01T06:45:41.3620404-04:00","0.01","108.5","179.7","680","17"
"2026-10-01T06:45:46.3681858-04:00","0.01","108.5","179.7","680","17"
"2026-10-01T06:45:51.3813063-04:00","0.01","108.5","179.7","683","18"
"2026-10-01T06:45:56.3897207-04:00","0.01","108.5","179.7","683","18"
"2026-10-01T06:46:01.4012549-04:00","0.019","108.5","179.7","683","18"
"2026-10-01T06:46:06.4135705-04:00","0.019","108.5","179.7","683","18"
"2026-10-01T06:46:11.4266583-04:00","0.019","108.5","179.7","683","18"
"2026-10-01T06:46:16.4406337-04:00","0.01","108.5","179.7","683","18"
"2026-10-01T06:46:21.4547940-04:00","0.019","108.5","179.7","683","18"
"2026-10-01T06:46:26.4675197-04:00","0.01","108.5","179.7","683","18"
"2026-10-01T06:46:31.4791626-04:00","0.019","108.5","179.7","686","18"
"2026-10-01T06:46:36.4871354-04:00","0","108.5","179.7","686","18"
"2026-10-01T06:46:41.4977614-04:00","0.019","108.5","179.7","686","18"
"2026-10-01T06:46:46.5082894-04:00","0.01","108.5","179.7","686","18"
"2026-10-01T06:46:51.5193053-04:00","0.019","108.5","179.7","686","17"
"2026-10-01T06:46:56.5335832-04:00","0.01","108.5","179.7","686","17"
"2026-10-01T06:47:01.5470443-04:00","0.01","108.5","179.7","686","17"
"2026-10-01T06:47:06.5550010-04:00","0.01","108.5","179.7","686","17"
"2026-10-01T06:47:11.5654448-04:00","0.01","108.5","179.7","686","17"
"2026-10-01T06:47:16.5825266-04:00","0.01","108.5","179.7","686","17"
"2026-10-01T06:47:21.5919274-04:00","0","108.5","179.7","686","17"
"2026-10-01T06:47:26.6054273-04:00","0.01","108.5","179.7","686","17"
"2026-10-01T06:47:31.6216664-04:00","0.019","108.5","179.7","686","17"
"2026-10-01T06:47:36.6319606-04:00","0.019","108.5","179.7","686","17"
"2026-10-01T06:47:41.6430317-04:00","0.019","108.5","179.7","686","17"
"2026-10-01T06:47:46.6527659-04:00","0.019","108.5","179.7","686","17"
"2026-10-01T06:47:51.6639930-04:00","0.019","108.5","179.7","686","17"
"2026-10-01T06:47:56.6707389-04:00","0.02","108.6","179.7","692","19"
"2026-10-01T06:48:01.6893734-04:00","0.029","108.5","179.7","689","18"
"2026-10-01T06:48:06.6980497-04:00","0.01","108.5","179.7","689","18"
"2026-10-01T06:48:11.7083751-04:00","0","108.5","179.7","689","18"
"2026-10-01T06:48:16.7171778-04:00","0.01","108.5","179.7","689","18"
"2026-10-01T06:48:21.7251465-04:00","0","108.5","179.7","689","18"
"2026-10-01T06:48:26.7364466-04:00","0.01","108.5","179.7","689","18"
"2026-10-01T06:48:31.7475055-04:00","0.01","108.5","179.7","689","18"
"2026-10-01T06:48:36.7600880-04:00","0.019","108.5","179.7","689","18"
"2026-10-01T06:48:41.7734988-04:00","0.01","108.5","179.7","689","18"
"2026-10-01T06:48:46.7806705-04:00","0.02","108.5","179.7","689","18"
"2026-10-01T06:48:51.7896145-04:00","0","108.5","179.7","689","17"
"2026-10-01T06:48:56.8020330-04:00","0.019","108.5","179.7","689","17"
"2026-10-01T06:49:01.8118500-04:00","0.019","108.5","179.7","692","18"
"2026-10-01T06:49:06.8229066-04:00","0.01","108.5","179.7","692","18"
"2026-10-01T06:49:11.8329673-04:00","0.01","108.5","179.7","692","18"
"2026-10-01T06:49:16.8528002-04:00","0.019","108.5","179.7","692","18"
"2026-10-01T06:49:21.8611751-04:00","0.019","108.5","179.7","692","18"
"2026-10-01T06:49:26.8664473-04:00","0","108.5","179.7","692","18"
"2026-10-01T06:49:31.8786716-04:00","0.01","108.5","179.7","695","18"
"2026-10-01T06:49:36.8865601-04:00","0.01","108.5","179.7","695","18"
"2026-10-01T06:49:41.8918179-04:00","0","108.5","179.7","695","18"
"2026-10-01T06:49:46.8996734-04:00","0.01","108.5","179.7","695","18"
"2026-10-01T06:49:51.9051391-04:00","0.02","108.5","179.7","695","18"
"2026-10-01T06:49:56.9139511-04:00","0.019","108.5","179.7","695","18"
"2026-10-01T06:50:01.9258404-04:00","0.01","108.5","179.7","695","18"
"2026-10-01T06:50:06.9391386-04:00","0.01","108.5","179.7","695","18"
"2026-10-01T06:50:11.9486823-04:00","0.01","108.5","179.7","695","18"
"2026-10-01T06:50:16.9571713-04:00","0.019","108.5","179.7","695","17"
"2026-10-01T06:50:21.9735532-04:00","0.01","108.5","179.7","695","17"
"2026-10-01T06:50:26.9825996-04:00","0.029","108.5","179.7","695","17"
"2026-10-01T06:50:31.9994923-04:00","0.01","108.5","179.7","695","17"
"2026-10-01T06:50:37.0080765-04:00","0.01","108.5","179.7","698","18"
"2026-10-01T06:50:42.0200291-04:00","0.01","108.5","179.7","698","18"
"2026-10-01T06:50:47.0274716-04:00","0.02","108.5","179.7","698","18"
"2026-10-01T06:50:52.0360073-04:00","0","108.5","179.7","698","18"
"2026-10-01T06:50:57.0448459-04:00","0.019","108.5","179.7","698","18"
"2026-10-01T06:51:02.0566582-04:00","0.01","108.5","179.7","698","18"
"2026-10-01T06:51:07.0675815-04:00","0.01","108.5","179.7","698","18"
"2026-10-01T06:51:12.0782099-04:00","0.019","108.5","179.7","698","17"
"2026-10-01T06:51:17.0927228-04:00","0","108.5","179.7","701","18"
"2026-10-01T06:51:22.1017316-04:00","0.01","108.5","179.7","701","18"
"2026-10-01T06:51:27.1118106-04:00","0.01","108.5","179.7","701","18"
"2026-10-01T06:51:32.1202451-04:00","0.01","108.5","179.7","701","18"
"2026-10-01T06:51:37.1301522-04:00","0.01","108.5","179.7","701","17"
"2026-10-01T06:51:42.1381137-04:00","0.01","108.5","179.7","701","17"
"2026-10-01T06:51:47.1463317-04:00","0.01","108.5","179.7","704","18"
"2026-10-01T06:51:52.1602632-04:00","0.01","108.5","179.7","704","18"
"2026-10-01T06:51:57.1783323-04:00","0.029","108.5","179.7","704","18"
"2026-10-01T06:52:02.1882343-04:00","0.01","108.5","179.7","704","18"
"2026-10-01T06:52:07.2070535-04:00","0.01","108.5","179.7","704","18"
"2026-10-01T06:52:12.2265004-04:00","0.019","108.5","179.7","704","18"
"2026-10-01T06:52:17.2338929-04:00","0.02","108.5","179.7","704","18"
"2026-10-01T06:52:22.2458384-04:00","0.01","108.5","179.7","704","18"
"2026-10-01T06:52:27.2534407-04:00","0.02","108.5","179.7","704","18"
"2026-10-01T06:52:32.2593506-04:00","0.01","108.5","179.7","704","18"
"2026-10-01T06:52:37.2657450-04:00","0","108.5","179.7","704","18"
"2026-10-01T06:52:42.2729606-04:00","0.02","108.5","179.7","704","18"
"2026-10-01T06:52:47.2840320-04:00","0.01","108.5","179.7","704","18"
"2026-10-01T06:52:52.3039511-04:00","0.019","108.5","179.7","704","18"
"2026-10-01T06:52:57.3136846-04:00","0.01","108.5","179.7","704","17"
"2026-10-01T06:53:02.3223204-04:00","0.019","108.5","179.7","704","17"
"2026-10-01T06:53:07.3359366-04:00","0.01","108.5","179.7","704","17"
"2026-10-01T06:53:12.3476853-04:00","0.01","108.5","179.7","704","17"
"2026-10-01T06:53:17.3541789-04:00","0.01","108.5","179.7","704","17"
"2026-10-01T06:53:22.3693032-04:00","0.019","108.5","179.7","704","17"
"2026-10-01T06:53:27.3803649-04:00","0.019","108.5","179.7","704","17"
"2026-10-01T06:53:32.3904987-04:00","0","108.5","179.7","704","17"
"2026-10-01T06:53:37.3999577-04:00","0.019","108.5","179.7","704","17"
"2026-10-01T06:53:42.4090328-04:00","0.01","108.5","179.7","704","17"
"2026-10-01T06:53:47.4174532-04:00","0.01","108.5","179.7","704","17"
"2026-10-01T06:53:52.4276837-04:00","0.01","108.5","179.7","704","17"
"2026-10-01T06:53:57.4396391-04:00","0.01","108.5","179.7","704","17"
"2026-10-01T06:54:02.4506136-04:00","0.01","108.5","179.7","704","17"
"2026-10-01T06:54:07.4577208-04:00","0.02","108.5","179.7","704","17"
"2026-10-01T06:54:12.4709467-04:00","0","108.5","179.7","704","17"
"2026-10-01T06:54:17.4856425-04:00","0.019","108.5","179.7","704","17"
"2026-10-01T06:54:22.5004417-04:00","0","108.5","179.7","707","18"
"2026-10-01T06:54:27.5173376-04:00","0.019","108.5","179.7","707","18"
"2026-10-01T06:54:32.5356581-04:00","0.019","108.5","179.7","707","18"
"2026-10-01T06:54:37.5433414-04:00","0.01","108.5","179.7","707","18"
"2026-10-01T06:54:42.5503010-04:00","0.02","108.5","179.7","707","18"
"2026-10-01T06:54:47.5665336-04:00","0.019","108.5","179.7","707","18"
"2026-10-01T06:54:52.5771920-04:00","0","108.5","179.7","707","18"
"2026-10-01T06:54:57.5961132-04:00","0.029","108.5","179.7","707","18"
"2026-10-01T06:55:02.6168879-04:00","0","108.5","179.7","707","18"
"2026-10-01T06:55:07.6293642-04:00","0.019","108.5","179.7","707","18"
"2026-10-01T06:55:12.6403118-04:00","0.01","108.5","179.7","707","17"
"2026-10-01T06:55:17.6488871-04:00","0.019","108.5","179.7","707","17"
"2026-10-01T06:55:22.6578883-04:00","0.01","108.5","179.7","617","17"
"2026-10-01T06:55:27.6659554-04:00","0.01","108.5","179.7","617","17"
"2026-10-01T06:55:32.6865271-04:00","0.01","109.3","180.5","617","17"
"2026-10-01T06:55:37.6976377-04:00","0.01","108.5","179.7","617","17"
"2026-10-01T06:55:42.7092011-04:00","0.019","108.5","179.7","617","17"
"2026-10-01T06:55:47.7169569-04:00","0.01","108.5","179.7","617","17"
"2026-10-01T06:55:52.7237880-04:00","0.01","108.5","179.7","620","18"
"2026-10-01T06:55:57.7440400-04:00","0.01","108.5","179.7","620","18"
"2026-10-01T06:56:02.7547499-04:00","0.019","108.5","179.7","620","18"
"2026-10-01T06:56:07.7646983-04:00","0.01","108.5","179.7","620","18"
"2026-10-01T06:56:12.7728600-04:00","0.01","108.5","179.7","620","17"
"2026-10-01T06:56:17.7810639-04:00","0.019","108.5","179.7","620","17"
"2026-10-01T06:56:22.7989780-04:00","0.01","108.5","179.7","620","17"
"2026-10-01T06:56:27.8067690-04:00","0","108.5","179.7","620","17"
"2026-10-01T06:56:32.8158323-04:00","0.019","108.5","179.7","620","17"
"2026-10-01T06:56:37.8255606-04:00","0.01","108.5","179.7","620","17"
"2026-10-01T06:56:42.8360079-04:00","0.01","108.5","179.7","620","17"
"2026-10-01T06:56:47.8487999-04:00","0.01","108.5","179.7","620","17"
"2026-10-01T06:56:52.8679868-04:00","0.01","108.5","179.7","620","17"
"2026-10-01T06:56:57.8758413-04:00","0.029","108.5","179.7","620","17"
"2026-10-01T06:57:02.8856003-04:00","0.01","108.5","179.7","620","17"
"2026-10-01T06:57:07.8928416-04:00","0","108.5","179.7","620","17"
"2026-10-01T06:57:12.9023644-04:00","0.01","108.5","179.7","620","17"
"2026-10-01T06:57:17.9090802-04:00","0.01","108.5","179.7","620","17"
"2026-10-01T06:57:22.9285379-04:00","0.01","108.5","179.7","620","17"
"2026-10-01T06:57:27.9457658-04:00","0.01","108.5","179.7","623","18"
"2026-10-01T06:57:32.9511641-04:00","0.02","108.5","179.7","623","18"
"2026-10-01T06:57:37.9622345-04:00","0","108.5","179.7","623","18"
"2026-10-01T06:57:42.9784569-04:00","0.019","108.5","179.7","623","18"
"2026-10-01T06:57:47.9858199-04:00","0.01","108.5","179.7","623","18"
"2026-10-01T06:57:52.9956713-04:00","0.01","108.5","179.7","623","18"
"2026-10-01T06:57:58.0044577-04:00","0","108.5","179.7","623","18"
"2026-10-01T06:58:03.0139415-04:00","0.01","108.5","179.7","623","17"
"2026-10-01T06:58:08.0256977-04:00","0.01","108.5","179.7","623","17"
"2026-10-01T06:58:13.0349737-04:00","0.01","108.5","179.7","623","17"
"2026-10-01T06:58:18.0420375-04:00","0.01","108.5","179.7","623","17"
"2026-10-01T06:58:23.0531155-04:00","0.01","108.5","179.7","623","17"
"2026-10-01T06:58:28.0656132-04:00","0.01","108.5","179.7","623","17"
"2026-10-01T06:58:33.0811785-04:00","0.01","108.5","179.7","626","18"
"2026-10-01T06:58:38.0904517-04:00","0.019","108.5","179.7","626","18"
"2026-10-01T06:58:43.1009752-04:00","0.01","108.5","179.7","626","18"
"2026-10-01T06:58:48.1101698-04:00","0.01","108.5","179.7","626","18"
"2026-10-01T06:58:53.1176897-04:00","0.02","108.5","179.7","626","17"
"2026-10-01T06:58:58.1252681-04:00","0","108.5","179.7","626","17"
"2026-10-01T06:59:03.1333792-04:00","0.019","108.5","179.7","626","17"
"2026-10-01T06:59:08.1481412-04:00","0.01","108.5","179.7","626","17"
"2026-10-01T06:59:13.1583962-04:00","0.01","108.5","179.7","626","17"
"2026-10-01T06:59:18.1663035-04:00","0.02","108.5","179.7","626","17"
"2026-10-01T06:59:23.1768784-04:00","0","108.5","179.7","626","17"
"2026-10-01T06:59:28.1958180-04:00","0.019","108.5","179.7","626","17"
"2026-10-01T06:59:33.2066777-04:00","0.019","108.5","179.7","629","18"
"2026-10-01T06:59:38.2226336-04:00","0.01","108.5","179.7","629","18"
"2026-10-01T06:59:43.2354775-04:00","0.01","108.5","179.7","629","18"
"2026-10-01T06:59:48.2424460-04:00","0.01","108.5","179.7","629","18"
"2026-10-01T06:59:53.2481326-04:00","0.01","108.5","179.7","629","18"
"2026-10-01T06:59:58.2572076-04:00","0.01","108.5","179.7","629","18"
"2026-10-01T07:00:03.2639129-04:00","0","108.5","179.7","629","17"
"2026-10-01T07:00:08.2809451-04:00","0","108.5","179.7","629","17"
"2026-10-01T07:00:13.2935509-04:00","0.01","108.5","179.7","629","17"
"2026-10-01T07:00:18.3021127-04:00","0.01","108.5","179.7","629","17"
"2026-10-01T07:00:23.3123288-04:00","0.01","108.5","179.7","629","17"
"2026-10-01T07:00:28.3231759-04:00","0.019","108.5","179.7","629","17"
"2026-10-01T07:00:33.3363408-04:00","0","108.5","179.7","629","17"
"2026-10-01T07:00:38.3436258-04:00","0","108.5","179.7","629","17"
"2026-10-01T07:00:43.3550179-04:00","0.01","108.5","179.7","629","17"
"2026-10-01T07:00:48.3710068-04:00","0.01","108.5","179.7","629","17"
"2026-10-01T07:00:53.3783762-04:00","0.01","108.5","179.7","629","17"
"2026-10-01T07:00:58.3884201-04:00","0","108.5","179.7","629","17"
"2026-10-01T07:01:03.3960334-04:00","0.01","108.5","179.7","632","18"
"2026-10-01T07:01:08.4050779-04:00","0","108.5","179.7","632","18"
"2026-10-01T07:01:13.4184713-04:00","0.01","108.5","179.7","632","18"
"2026-10-01T07:01:18.4388252-04:00","0.019","108.5","179.7","632","18"
"2026-10-01T07:01:23.4475739-04:00","0.01","108.5","179.7","632","18"
"2026-10-01T07:01:28.4609006-04:00","0.019","108.5","179.7","632","18"
"2026-10-01T07:01:33.4732483-04:00","0.01","108.5","179.7","632","17"
"2026-10-01T07:01:38.4812199-04:00","0","108.5","179.7","632","17"
"2026-10-01T07:01:43.4962355-04:00","0.019","108.5","179.7","632","17"
"2026-10-01T07:01:48.5031196-04:00","0.01","108.5","179.7","632","17"
"2026-10-01T07:01:53.5171639-04:00","0.01","108.5","179.7","632","17"
"2026-10-01T07:01:58.5331448-04:00","0.01","108.5","179.7","632","17"
"2026-10-01T07:02:03.5462493-04:00","0.019","108.5","179.7","635","18"
"2026-10-01T07:02:08.5555572-04:00","0","108.5","179.7","635","18"
"2026-10-01T07:02:13.5748325-04:00","0","108.5","179.7","635","18"
"2026-10-01T07:02:18.5825015-04:00","0.02","108.5","179.7","635","18"
"2026-10-01T07:02:23.5961853-04:00","0.019","108.5","179.7","635","17"
"2026-10-01T07:02:28.6158852-04:00","0","108.5","179.7","635","17"
"2026-10-01T07:02:33.6273971-04:00","0.01","108.5","179.7","635","17"
"2026-10-01T07:02:38.6376794-04:00","0.01","108.5","179.7","635","17"
"2026-10-01T07:02:43.6537383-04:00","0.019","108.5","179.7","638","18"
"2026-10-01T07:02:48.6590490-04:00","0.02","108.5","179.7","638","18"
"2026-10-01T07:02:53.6681040-04:00","0.01","108.5","179.7","638","18"
"2026-10-01T07:02:58.6764713-04:00","0.019","108.5","179.7","638","18"
"2026-10-01T07:03:03.6831820-04:00","0","108.5","179.7","638","17"
"2026-10-01T07:03:08.6936701-04:00","0.019","109.3","180.5","638","17"
"2026-10-01T07:03:13.7063166-04:00","0.01","108.5","179.7","641","18"
"2026-10-01T07:03:18.7171955-04:00","0.01","108.5","179.7","641","18"
"2026-10-01T07:03:23.7254540-04:00","0","108.5","179.7","641","18"
"2026-10-01T07:03:28.7444010-04:00","0.019","108.5","179.7","641","18"
"2026-10-01T07:03:33.7634771-04:00","0.019","108.5","179.7","641","18"
"2026-10-01T07:03:38.7726268-04:00","0.019","108.5","179.7","641","18"
"2026-10-01T07:03:43.7869946-04:00","0.01","108.5","179.7","641","17"
"2026-10-01T07:03:48.8333697-04:00","0","108.5","179.7","641","17"
"2026-10-01T07:03:53.8425072-04:00","0.019","108.5","179.7","641","17"
"2026-10-01T07:03:58.8516540-04:00","0.01","108.5","179.7","641","17"
"2026-10-01T07:04:03.8622913-04:00","0.01","108.5","179.7","641","17"
"2026-10-01T07:04:08.8826180-04:00","0","108.5","179.7","641","17"
"2026-10-01T07:04:13.8907928-04:00","0.01","108.5","179.7","641","17"
"2026-10-01T07:04:18.9008838-04:00","0.01","108.5","179.7","641","17"
"2026-10-01T07:04:23.9122268-04:00","0.01","108.5","179.7","641","17"
"2026-10-01T07:04:28.9215383-04:00","0.019","108.5","179.7","641","17"
"2026-10-01T07:04:33.9417328-04:00","0","108.5","179.7","641","17"
"2026-10-01T07:04:38.9485866-04:00","0.01","108.5","179.7","641","17"
"2026-10-01T07:04:43.9587502-04:00","0","108.5","179.7","641","17"
"2026-10-01T07:04:48.9713085-04:00","0.01","108.5","179.7","641","17"
"2026-10-01T07:04:53.9791807-04:00","0.01","108.5","179.7","641","17"
"2026-10-01T07:04:58.9894855-04:00","0.019","108.5","179.7","641","17"
"2026-10-01T07:05:03.9960627-04:00","0.02","108.5","179.7","641","17"
"2026-10-01T07:05:09.0043158-04:00","0.049","108.5","179.7","641","17"
"2026-10-01T07:05:14.0122078-04:00","0.02","108.5","179.7","641","17"
"2026-10-01T07:05:19.0212778-04:00","0.01","108.5","179.7","641","17"
"2026-10-01T07:05:24.0341540-04:00","0.01","108.5","179.7","641","17"
"2026-10-01T07:05:29.0434383-04:00","0.01","108.5","179.7","641","17"
"2026-10-01T07:05:34.0626864-04:00","0","108.5","179.7","641","17"
"2026-10-01T07:05:39.0717125-04:00","0.01","108.5","179.7","641","17"
"2026-10-01T07:05:44.0777530-04:00","0","108.5","179.7","644","18"
"2026-10-01T07:05:49.0867921-04:00","0.019","108.5","179.7","644","18"
"2026-10-01T07:05:54.0976728-04:00","0.01","108.5","179.7","644","18"
"2026-10-01T07:05:59.1102033-04:00","0.01","108.5","179.7","644","18"
"2026-10-01T07:06:04.1216246-04:00","0.01","108.5","179.7","647","18"
"2026-10-01T07:06:09.1287064-04:00","0","108.5","179.7","647","18"
"2026-10-01T07:06:14.1379880-04:00","0.01","108.6","179.7","650","19"
"2026-10-01T07:06:19.1447501-04:00","0","108.5","179.7","647","18"
"2026-10-01T07:06:24.1526532-04:00","0.01","108.5","179.7","647","17"
"2026-10-01T07:06:29.1731983-04:00","0","108.5","179.7","647","17"
"2026-10-01T07:06:34.1820043-04:00","0.01","108.5","179.7","647","17"
"2026-10-01T07:06:39.1888781-04:00","0.01","108.5","179.7","647","17"
"2026-10-01T07:06:44.2018925-04:00","0.01","108.5","179.7","647","17"
"2026-10-01T07:06:49.2141739-04:00","0.01","108.5","179.7","647","17"
"2026-10-01T07:06:54.2232588-04:00","0.01","108.5","179.7","647","17"
"2026-10-01T07:06:59.2332725-04:00","0.019","108.5","179.7","647","17"
"2026-10-01T07:07:04.2541522-04:00","0.019","108.5","179.7","647","17"
"2026-10-01T07:07:09.2672478-04:00","0.01","108.5","179.7","647","17"
"2026-10-01T07:07:14.2744856-04:00","0.02","108.5","179.7","647","17"
"2026-10-01T07:07:19.2805083-04:00","0","108.5","179.7","647","17"
"2026-10-01T07:07:24.2874050-04:00","0.01","108.5","179.7","647","17"
"2026-10-01T07:07:29.3004849-04:00","0.019","108.5","179.7","647","17"
"2026-10-01T07:07:34.3093194-04:00","0.01","108.5","179.7","647","17"
"2026-10-01T07:07:39.3154937-04:00","0.01","108.5","179.7","647","17"
"2026-10-01T07:07:44.3249962-04:00","0.01","108.5","179.7","647","17"
"2026-10-01T07:07:49.3332481-04:00","0.01","108.5","179.7","647","17"
"2026-10-01T07:07:54.3481604-04:00","0.01","108.5","179.7","647","17"
"2026-10-01T07:07:59.3671677-04:00","0.019","108.5","179.7","647","17"
"2026-10-01T07:08:04.3805830-04:00","0","108.5","179.7","647","17"
"2026-10-01T07:08:09.3933129-04:00","0.019","108.5","179.7","647","17"
"2026-10-01T07:08:14.3995476-04:00","0.01","108.5","179.7","647","17"
"2026-10-01T07:08:19.4056384-04:00","0","108.5","179.7","647","17"
"2026-10-01T07:08:24.4142420-04:00","0.01","108.5","179.7","647","17"
"2026-10-01T07:08:29.4223874-04:00","0.01","108.5","179.7","647","17"
"2026-10-01T07:08:34.4288069-04:00","0.02","108.5","179.7","647","17"
"2026-10-01T07:08:39.4389293-04:00","0.01","108.5","179.7","647","17"
"2026-10-01T07:08:44.4463592-04:00","0.01","108.5","179.7","650","18"
"2026-10-01T07:08:49.4578173-04:00","0.01","108.5","179.7","650","18"
"2026-10-01T07:08:54.4678388-04:00","0","108.5","179.7","650","18"
"2026-10-01T07:08:59.4870047-04:00","0.029","108.5","179.7","650","18"
"2026-10-01T07:09:04.4937889-04:00","0.02","108.5","179.7","650","18"
"2026-10-01T07:09:09.5004037-04:00","0.01","108.5","179.7","650","18"
"2026-10-01T07:09:14.5158406-04:00","0.019","108.5","179.7","650","18"
"2026-10-01T07:09:19.5321879-04:00","0.019","108.5","179.7","650","17"
"2026-10-01T07:09:24.5409599-04:00","0","108.5","179.7","650","17"
"2026-10-01T07:09:29.5541025-04:00","0.019","108.5","179.7","650","17"
"2026-10-01T07:09:34.5780330-04:00","0.01","108.5","179.7","650","17"
"2026-10-01T07:09:39.5863127-04:00","0.01","108.5","179.7","650","17"
"2026-10-01T07:09:44.5979130-04:00","0.01","108.5","179.7","650","17"
"2026-10-01T07:09:49.6072628-04:00","0","108.5","179.7","650","17"
"2026-10-01T07:09:54.6204144-04:00","0.019","108.5","179.7","650","17"
"2026-10-01T07:09:59.6257874-04:00","0.029","108.5","179.7","653","18"
"2026-10-01T07:10:04.6405402-04:00","0","108.5","179.7","653","18"
"2026-10-01T07:10:09.6470944-04:00","0.02","108.5","179.7","653","18"
"2026-10-01T07:10:14.6573370-04:00","0.01","108.5","179.7","653","18"
"2026-10-01T07:10:19.6642992-04:00","0.02","108.5","179.7","653","18"
"2026-10-01T07:10:24.6745130-04:00","0","108.5","179.7","653","18"
"2026-10-01T07:10:29.6849499-04:00","0.01","108.5","179.7","653","18"
"2026-10-01T07:10:34.6986664-04:00","0.019","108.5","179.7","653","18"
"2026-10-01T07:10:39.7119945-04:00","0","108.5","179.7","653","17"
"2026-10-01T07:10:44.7275563-04:00","0","108.5","179.7","653","17"
"2026-10-01T07:10:49.7381879-04:00","0.019","108.5","179.7","653","17"
"2026-10-01T07:10:54.7448084-04:00","0.01","108.5","179.7","656","18"
"2026-10-01T07:10:59.7557575-04:00","0.01","108.5","179.7","656","18"
"2026-10-01T07:11:04.7643753-04:00","0.019","108.5","179.7","656","18"
"2026-10-01T07:11:09.7737749-04:00","0","108.5","179.7","656","18"
"2026-10-01T07:11:14.7869482-04:00","0.01","108.5","179.7","656","17"
"2026-10-01T07:11:19.7970426-04:00","0.019","108.5","179.7","656","17"
"2026-10-01T07:11:24.8096973-04:00","0.01","108.5","179.7","656","17"
"2026-10-01T07:11:29.8178883-04:00","0","108.5","179.7","656","17"
"2026-10-01T07:11:34.8303978-04:00","0.01","108.5","179.7","656","17"
"2026-10-01T07:11:39.8483943-04:00","0.01","108.5","179.7","656","17"
"2026-10-01T07:11:44.8640130-04:00","0.019","108.5","179.7","656","17"
"2026-10-01T07:11:49.8759562-04:00","0.01","108.5","179.7","656","17"
"2026-10-01T07:11:54.8854456-04:00","0.019","108.5","179.7","659","18"
"2026-10-01T07:11:59.8974298-04:00","0.01","108.5","179.7","659","18"
"2026-10-01T07:12:04.9114932-04:00","0.01","108.5","179.7","659","18"
"2026-10-01T07:12:09.9253993-04:00","0.01","108.5","179.7","659","18"
"2026-10-01T07:12:14.9663646-04:00","0.01","108.5","179.7","659","17"
"2026-10-01T07:12:19.9745118-04:00","0.01","108.5","179.7","659","17"
"2026-10-01T07:12:24.9819171-04:00","0.029","108.5","179.7","659","17"
"2026-10-01T07:12:29.9912588-04:00","0","108.5","179.7","659","17"
"2026-10-01T07:12:35.0013585-04:00","0.019","108.5","179.7","662","18"
"2026-10-01T07:12:40.0129701-04:00","0.019","108.5","179.7","662","18"
"2026-10-01T07:12:45.0209485-04:00","0.01","108.5","179.7","662","18"
"2026-10-01T07:12:50.0543074-04:00","0.019","108.5","179.7","662","18"
"2026-10-01T07:12:55.0654076-04:00","0.01","108.5","179.7","662","18"
"2026-10-01T07:13:00.0755617-04:00","0.019","108.5","179.7","662","18"
"2026-10-01T07:13:05.0888327-04:00","0.019","108.5","179.7","662","17"
"2026-10-01T07:13:10.0978015-04:00","0","108.5","179.7","662","17"
"2026-10-01T07:13:15.1077821-04:00","0.019","108.5","179.7","662","17"
"2026-10-01T07:13:20.1229234-04:00","0.019","108.5","179.7","662","17"
"2026-10-01T07:13:25.1289404-04:00","0","108.5","179.7","665","18"
"2026-10-01T07:13:30.1345025-04:00","0.02","108.5","179.7","665","18"
"2026-10-01T07:13:35.1498707-04:00","0.01","108.5","179.7","665","18"
"2026-10-01T07:13:40.1614229-04:00","0.01","108.5","179.7","665","18"
"2026-10-01T07:13:45.1702264-04:00","0.01","108.5","179.7","665","17"
"2026-10-01T07:13:50.1843397-04:00","0.019","108.5","179.7","665","17"
"2026-10-01T07:13:55.2173164-04:00","0","108.5","179.7","668","18"
"2026-10-01T07:14:00.2311446-04:00","0.019","108.5","179.7","668","18"
"2026-10-01T07:14:05.2399019-04:00","0.01","108.5","179.7","668","18"
"2026-10-01T07:14:10.2582895-04:00","0.01","108.5","179.7","668","18"
"2026-10-01T07:14:15.2662658-04:00","0.01","108.5","179.7","668","17"
"2026-10-01T07:14:20.2738863-04:00","0.02","108.5","179.7","668","17"
"2026-10-01T07:14:25.2859117-04:00","0.01","108.5","179.7","671","18"
"2026-10-01T07:14:30.3002152-04:00","0.01","108.5","179.7","671","18"
"2026-10-01T07:14:35.3095249-04:00","0.01","108.5","179.7","671","18"
"2026-10-01T07:14:40.3157611-04:00","0.01","108.5","179.7","671","18"
"2026-10-01T07:14:45.3238622-04:00","0.019","108.5","179.7","671","18"
"2026-10-01T07:14:50.3670225-04:00","0.01","108.5","179.7","671","18"
"2026-10-01T07:14:55.3761886-04:00","0.01","108.5","179.7","671","17"
"2026-10-01T07:15:00.3849090-04:00","0.01","108.5","179.7","671","17"
"2026-10-01T07:15:05.3971833-04:00","0.01","108.5","179.7","671","17"
"2026-10-01T07:15:10.4053027-04:00","0","108.5","179.7","671","17"
"2026-10-01T07:15:15.4121039-04:00","0.029","108.5","179.7","671","17"
"2026-10-01T07:15:20.4181558-04:00","0","108.5","179.7","671","17"
"2026-10-01T07:15:25.4266054-04:00","0.019","108.5","179.7","671","17"
"2026-10-01T07:15:30.4452910-04:00","0.01","108.5","179.7","671","17"
"2026-10-01T07:15:35.4617759-04:00","0","108.5","179.7","671","17"
"2026-10-01T07:15:40.4813248-04:00","0","108.5","179.7","671","17"
"2026-10-01T07:15:45.4883017-04:00","0.02","108.5","179.7","671","17"
"2026-10-01T07:15:50.5090461-04:00","0.01","108.5","179.7","671","17"
"2026-10-01T07:15:55.5195237-04:00","0.019","108.5","179.7","674","18"
"2026-10-01T07:16:00.5269548-04:00","0.01","108.5","179.7","674","18"
"2026-10-01T07:16:05.5402993-04:00","0.01","108.5","179.7","674","18"
"2026-10-01T07:16:10.5532335-04:00","0.01","108.5","179.7","674","18"
"2026-10-01T07:16:15.5617093-04:00","0.01","108.5","179.7","674","17"
"2026-10-01T07:16:20.5802192-04:00","0.019","108.5","179.7","674","17"
"2026-10-01T07:16:25.5991555-04:00","0.019","108.5","179.7","674","17"
"2026-10-01T07:16:30.6156830-04:00","0","108.5","179.7","674","17"
"2026-10-01T07:16:35.6227435-04:00","0","108.5","179.7","677","18"
"2026-10-01T07:16:40.6330433-04:00","0.01","108.5","179.7","677","18"
"2026-10-01T07:16:45.6458249-04:00","0.01","108.5","179.7","677","18"
"2026-10-01T07:16:50.6534158-04:00","0","108.5","179.7","677","18"
"2026-10-01T07:16:55.6670832-04:00","0.019","108.5","179.7","677","18"
"2026-10-01T07:17:00.6760698-04:00","0.019","108.5","179.7","677","18"
"2026-10-01T07:17:05.6956087-04:00","0","108.5","179.7","677","18"
"2026-10-01T07:17:10.7074476-04:00","0.01","108.5","179.7","677","18"
"2026-10-01T07:17:15.7174639-04:00","0.01","108.5","179.7","677","18"
"2026-10-01T07:17:20.7259635-04:00","0.01","108.5","179.7","677","17"
"2026-10-01T07:17:25.7631197-04:00","0.01","108.5","179.7","677","17"
"2026-10-01T07:17:30.7724360-04:00","0.01","108.5","179.7","680","18"
"2026-10-01T07:17:35.7827204-04:00","0.019","108.5","179.7","680","18"
"2026-10-01T07:17:40.7910389-04:00","0.01","108.5","179.7","680","18"
"2026-10-01T07:17:45.7991605-04:00","0.019","108.5","179.7","680","18"
"2026-10-01T07:17:50.8099202-04:00","0.019","108.5","179.7","680","18"
"2026-10-01T07:17:55.8165298-04:00","0","108.5","179.7","683","18"
"2026-10-01T07:18:00.8362738-04:00","0.01","108.5","179.7","683","18"
"2026-10-01T07:18:05.8455410-04:00","0.019","108.5","179.7","683","18"
"2026-10-01T07:18:10.8644133-04:00","0","108.5","179.7","683","18"
"2026-10-01T07:18:15.8717878-04:00","0.01","108.5","179.7","683","17"
"2026-10-01T07:18:20.8783361-04:00","0","108.5","179.7","686","18"
"2026-10-01T07:18:25.8982770-04:00","0","108.5","179.7","686","18"
"2026-10-01T07:18:30.9078377-04:00","0.019","108.5","179.7","686","18"
"2026-10-01T07:18:35.9136220-04:00","0.01","108.5","179.7","686","18"
"2026-10-01T07:18:40.9323016-04:00","0.029","108.5","179.7","686","17"
"2026-10-01T07:18:45.9400164-04:00","0.01","108.5","179.7","686","17"
"2026-10-01T07:18:50.9479424-04:00","0.01","108.5","179.7","686","17"
"2026-10-01T07:18:55.9647775-04:00","0.01","108.5","179.7","686","17"
"2026-10-01T07:19:00.9755171-04:00","0.01","108.5","179.7","689","18"
"2026-10-01T07:19:05.9848381-04:00","0","108.5","179.7","689","18"
"2026-10-01T07:19:10.9930545-04:00","0.019","108.5","179.7","689","18"
"2026-10-01T07:19:16.0045344-04:00","0","108.5","179.7","689","18"
"2026-10-01T07:19:21.0213727-04:00","0.01","108.5","179.7","689","17"
"2026-10-01T07:19:26.0325235-04:00","0.01","108.5","179.7","689","17"
"2026-10-01T07:19:31.0422421-04:00","0.019","108.5","179.7","692","18"
"2026-10-01T07:19:36.0483797-04:00","0","108.5","179.7","692","18"
"2026-10-01T07:19:41.0583388-04:00","0.01","108.5","179.7","692","18"
"2026-10-01T07:19:46.0707966-04:00","0","108.5","179.7","692","18"
"2026-10-01T07:19:51.0810970-04:00","0.01","108.5","179.7","692","17"
"2026-10-01T07:19:56.0921352-04:00","0.019","108.5","179.7","692","17"
"2026-10-01T07:20:01.1013506-04:00","0.01","108.5","179.7","692","17"
"2026-10-01T07:20:06.1157404-04:00","0","108.5","179.7","692","17"
"2026-10-01T07:20:11.1324293-04:00","0.019","108.5","179.7","692","17"
"2026-10-01T07:20:16.1400905-04:00","0","108.5","179.7","692","17"
"2026-10-01T07:20:21.1470591-04:00","0.01","108.5","179.7","692","17"
"2026-10-01T07:20:26.1541943-04:00","0.01","108.5","179.7","692","17"
"2026-10-01T07:20:31.1682632-04:00","0.01","108.5","179.7","692","17"
"2026-10-01T07:20:36.1820637-04:00","0.01","108.5","179.7","692","17"
"2026-10-01T07:20:41.1965386-04:00","0.01","108.5","179.7","692","17"
"2026-10-01T07:20:46.2077032-04:00","0","108.5","179.7","692","17"
"2026-10-01T07:20:51.2157457-04:00","0.039","108.5","179.7","692","17"
"2026-10-01T07:20:56.2255780-04:00","0.01","108.5","179.7","692","17"
"2026-10-01T07:21:01.2437049-04:00","0.01","108.5","179.7","692","17"
"2026-10-01T07:21:06.2510797-04:00","0","108.5","179.7","692","17"
"2026-10-01T07:21:11.2605720-04:00","0.019","108.5","179.7","695","18"
"2026-10-01T07:21:16.2670567-04:00","0","108.5","179.7","695","18"
"2026-10-01T07:21:21.2792257-04:00","0.019","108.5","179.7","695","18"
"2026-10-01T07:21:26.2912064-04:00","0.019","108.5","179.7","695","18"
"2026-10-01T07:21:31.3019875-04:00","0.019","108.5","179.7","695","18"
"2026-10-01T07:21:36.3122117-04:00","0","108.5","179.7","695","18"
"2026-10-01T07:21:41.3258346-04:00","0.019","108.5","179.7","695","18"
"2026-10-01T07:21:46.3376903-04:00","0.019","108.5","179.7","695","18"
"2026-10-01T07:21:51.3531356-04:00","0.01","108.5","179.7","695","18"
"2026-10-01T07:21:56.3624321-04:00","0.01","108.5","179.7","695","18"
"2026-10-01T07:22:01.3720884-04:00","0.01","108.5","179.7","695","18"
"2026-10-01T07:22:06.3839671-04:00","0.019","108.5","179.7","695","18"
"2026-10-01T07:22:11.3936933-04:00","0.01","108.5","179.7","695","17"
"2026-10-01T07:22:16.4022451-04:00","0.01","108.5","179.7","695","17"
"2026-10-01T07:22:21.4099940-04:00","0.02","108.5","179.7","695","17"
"2026-10-01T07:22:26.4199705-04:00","0","108.5","179.7","695","17"
"2026-10-01T07:22:31.4289921-04:00","0.01","108.5","179.7","695","17"
"2026-10-01T07:22:36.4355847-04:00","0","108.5","179.7","695","17"
"2026-10-01T07:22:41.4457400-04:00","0.019","108.5","179.7","695","17"
"2026-10-01T07:22:46.4593956-04:00","0.01","108.5","179.7","695","17"
"2026-10-01T07:22:51.4709386-04:00","0.01","108.5","179.7","695","17"
"2026-10-01T07:22:56.4767964-04:00","0.02","108.5","179.7","698","18"
"2026-10-01T07:23:01.4854640-04:00","0.01","108.5","179.7","698","18"
"2026-10-01T07:23:06.4959726-04:00","0.01","108.5","179.7","698","18"
"2026-10-01T07:23:11.5077820-04:00","0.01","108.5","179.7","698","18"
"2026-10-01T07:23:16.5148358-04:00","0","108.5","179.7","698","18"
"2026-10-01T07:23:21.5204305-04:00","0.029","108.5","179.7","698","18"
"2026-10-01T07:23:26.5327765-04:00","0","108.5","179.7","698","18"
"2026-10-01T07:23:31.5437399-04:00","0.01","108.5","179.7","698","18"
"2026-10-01T07:23:36.5556612-04:00","0.019","108.5","179.7","698","18"
"2026-10-01T07:23:41.5655526-04:00","0.019","108.5","179.7","698","17"
"2026-10-01T07:23:46.5804065-04:00","0.01","108.5","179.7","701","18"
"2026-10-01T07:23:51.5951457-04:00","0.029","108.5","179.7","701","18"
"2026-10-01T07:23:56.6121140-04:00","0","108.5","179.7","701","18"
"2026-10-01T07:24:01.6202335-04:00","0","108.5","179.7","701","18"
"2026-10-01T07:24:06.6401291-04:00","0.019","108.5","179.7","701","18"
"2026-10-01T07:24:11.6489190-04:00","0.039","108.5","179.7","701","18"
"2026-10-01T07:24:16.6594601-04:00","0.01","108.5","179.7","701","18"
"2026-10-01T07:24:21.6678828-04:00","0.01","108.5","179.7","701","18"
"2026-10-01T07:24:26.6806138-04:00","0.01","109.3","180.5","701","17"
"2026-10-01T07:24:31.7008647-04:00","0.019","108.5","179.7","701","17"
"2026-10-01T07:24:36.7083470-04:00","0.02","108.5","179.7","701","17"
"2026-10-01T07:24:41.7204112-04:00","0.01","108.5","179.7","701","17"
"2026-10-01T07:24:46.7388067-04:00","0.01","108.5","179.7","701","17"
"2026-10-01T07:24:51.7519772-04:00","0.01","108.5","179.7","701","17"
"2026-10-01T07:24:56.7617563-04:00","0.01","108.5","179.7","701","17"
"2026-10-01T07:25:01.7758917-04:00","0.01","108.5","179.7","704","18"
"2026-10-01T07:25:06.7876109-04:00","0.01","108.5","179.7","704","18"
"2026-10-01T07:25:11.7978601-04:00","0.019","108.5","179.7","704","18"
"2026-10-01T07:25:16.8045815-04:00","0","108.5","179.7","704","18"
"2026-10-01T07:25:21.8199537-04:00","0.01","108.5","179.7","707","18"
"2026-10-01T07:25:26.8348879-04:00","0.019","108.5","179.7","707","18"
"2026-10-01T07:25:31.8493653-04:00","0.01","108.5","179.7","707","18"
"2026-10-01T07:25:36.8615248-04:00","0.01","108.5","179.7","707","18"
"2026-10-01T07:25:41.8721357-04:00","0.019","108.5","179.7","707","18"
"2026-10-01T07:25:46.8820095-04:00","0.01","108.5","179.7","707","18"
"2026-10-01T07:25:51.8945803-04:00","0.01","108.5","179.7","707","18"
"2026-10-01T07:25:56.9335212-04:00","0.019","108.5","179.7","707","18"
"2026-10-01T07:26:01.9470788-04:00","0.01","108.5","179.7","707","18"
"2026-10-01T07:26:06.9541826-04:00","0.02","108.5","179.7","707","18"
"2026-10-01T07:26:11.9610077-04:00","0.01","108.5","179.7","707","18"
"2026-10-01T07:26:16.9746617-04:00","0.01","108.5","179.7","707","17"
"2026-10-01T07:26:21.9949424-04:00","0.029","108.5","179.7","707","17"
"2026-10-01T07:26:27.0061012-04:00","0.029","108.5","179.7","707","17"
"2026-10-01T07:26:32.0135411-04:00","0.02","108.5","179.7","707","17"
"2026-10-01T07:26:37.0215020-04:00","0.01","108.5","179.7","707","17"
"2026-10-01T07:26:42.0293094-04:00","0.02","108.5","179.7","707","17"
"2026-10-01T07:26:47.0397502-04:00","0.01","108.5","179.7","707","17"
"2026-10-01T07:26:52.0456144-04:00","0.02","108.5","179.7","707","17"
"2026-10-01T07:26:57.0556649-04:00","0.019","108.5","179.7","707","17"
"2026-10-01T07:27:02.0637873-04:00","0.019","108.5","179.7","710","18"
"2026-10-01T07:27:07.0836762-04:00","0","108.5","179.7","710","18"
"2026-10-01T07:27:12.0894813-04:00","0.02","108.5","179.7","710","18"
"2026-10-01T07:27:17.1035893-04:00","0.019","108.5","179.7","710","18"
"2026-10-01T07:27:22.1179517-04:00","0.01","108.5","179.7","710","18"
"2026-10-01T07:27:27.1311622-04:00","0.01","108.5","179.7","710","17"
"2026-10-01T07:27:32.1476394-04:00","0.01","108.5","179.7","710","17"
"2026-10-01T07:27:37.1572012-04:00","0.01","108.5","179.7","710","17"
"2026-10-01T07:27:42.1689120-04:00","0.01","108.5","179.7","713","18"
"2026-10-01T07:27:47.1750295-04:00","0","108.5","179.7","713","18"
"2026-10-01T07:27:52.1811648-04:00","0.02","108.5","179.7","713","18"
"2026-10-01T07:27:57.1939109-04:00","0.01","108.5","179.7","713","18"
"2026-10-01T07:28:02.2088384-04:00","0","108.5","179.7","713","17"
"2026-10-01T07:28:07.2170208-04:00","0.01","108.5","179.7","713","17"
"2026-10-01T07:28:12.2336463-04:00","0.019","108.5","179.7","713","17"
"2026-10-01T07:28:17.2450586-04:00","0.019","108.5","179.7","716","18"
"2026-10-01T07:28:22.2518281-04:00","0","108.5","179.7","716","18"
"2026-10-01T07:28:27.2613583-04:00","0.019","108.5","179.7","716","18"
"2026-10-01T07:28:32.2731794-04:00","0.01","108.5","179.7","716","18"
"2026-10-01T07:28:37.2825630-04:00","0.01","108.5","179.7","716","18"
"2026-10-01T07:28:42.2896745-04:00","0.02","108.5","179.7","716","18"
"2026-10-01T07:28:47.3295437-04:00","0.01","108.5","179.7","716","17"
"2026-10-01T07:28:52.3392690-04:00","0.01","108.5","179.7","716","17"
"2026-10-01T07:28:57.3470615-04:00","0.02","108.5","179.7","719","18"
"2026-10-01T07:29:02.3544121-04:00","0.01","108.5","179.7","719","18"
"2026-10-01T07:29:07.3659396-04:00","0.019","108.5","179.7","719","18"
"2026-10-01T07:29:12.3729806-04:00","0","108.5","179.7","719","18"
"2026-10-01T07:29:17.3788744-04:00","0.02","108.5","179.7","719","18"
"2026-10-01T07:29:22.3978426-04:00","0.019","108.5","179.7","719","18"
"2026-10-01T07:29:27.4117161-04:00","0.01","108.5","179.7","719","18"
"2026-10-01T07:29:32.4186374-04:00","0","108.5","179.7","719","18"
"2026-10-01T07:29:37.4251602-04:00","0.02","108.5","179.7","719","18"
"2026-10-01T07:29:42.4442776-04:00","0.01","108.5","179.7","629","18"
"2026-10-01T07:29:47.4537840-04:00","0.01","108.5","179.7","629","18"
"2026-10-01T07:29:52.4655666-04:00","0.01","108.5","179.7","629","18"
"2026-10-01T07:29:57.4729517-04:00","0.02","108.5","179.7","629","18"
"2026-10-01T07:30:02.4805868-04:00","0","108.5","179.7","629","17"
"2026-10-01T07:30:07.4947171-04:00","0.01","108.5","179.7","629","17"
"2026-10-01T07:30:12.5057049-04:00","0.019","108.5","179.7","629","17"
"2026-10-01T07:30:17.5145425-04:00","0","108.5","179.7","629","17"
"2026-10-01T07:30:22.5291773-04:00","0.01","108.5","179.7","629","17"
"2026-10-01T07:30:27.5370755-04:00","0.02","108.5","179.7","629","17"
"2026-10-01T07:30:32.5459237-04:00","0","108.5","179.7","629","17"
"2026-10-01T07:30:37.5565868-04:00","0.019","108.5","179.7","629","17"
"2026-10-01T07:30:42.5711019-04:00","0.01","108.5","179.7","632","18"
"2026-10-01T07:30:47.5832797-04:00","0.01","108.5","179.7","632","18"
"2026-10-01T07:30:52.5959030-04:00","0.01","108.5","179.7","632","18"
"2026-10-01T07:30:57.6057198-04:00","0.01","108.5","179.7","632","18"
"2026-10-01T07:31:02.6153003-04:00","0.019","108.5","179.7","632","17"
"2026-10-01T07:31:07.6245390-04:00","0.01","108.5","179.7","632","17"
"2026-10-01T07:31:12.6331264-04:00","0.01","108.5","179.7","632","17"
"2026-10-01T07:31:17.6399831-04:00","0.02","108.5","179.7","632","17"
"2026-10-01T07:31:22.6531170-04:00","0","108.5","179.7","635","18"
"2026-10-01T07:31:27.6619930-04:00","0.019","108.5","179.7","635","18"
"2026-10-01T07:31:32.6691407-04:00","0","108.5","179.7","635","18"
"2026-10-01T07:31:37.6763796-04:00","0.02","108.5","179.7","635","18"
"2026-10-01T07:31:42.6823218-04:00","0","109.3","180.5","635","17"
"2026-10-01T07:31:47.6896465-04:00","0.02","108.5","179.7","635","17"
"2026-10-01T07:31:52.7111130-04:00","0","108.5","179.7","635","17"
"2026-10-01T07:31:57.7157301-04:00","0","108.5","179.7","635","17"
"2026-10-01T07:32:02.7282628-04:00","0.01","108.5","179.7","638","18"
"2026-10-01T07:32:07.7403653-04:00","0.01","108.5","179.7","638","18"
"2026-10-01T07:32:12.7575402-04:00","0.01","108.5","179.7","638","18"
"2026-10-01T07:32:17.7685448-04:00","0.019","108.5","179.7","638","18"
"2026-10-01T07:32:22.7771164-04:00","0.01","108.5","179.7","641","18"
"2026-10-01T07:32:27.7900798-04:00","0","108.5","179.7","641","18"
"2026-10-01T07:32:32.7960523-04:00","0.02","108.5","179.7","641","18"
"2026-10-01T07:32:37.8071116-04:00","0.01","108.5","179.7","641","18"
"2026-10-01T07:32:42.8143633-04:00","0.02","108.5","179.7","641","17"
"2026-10-01T07:32:47.8236587-04:00","0.01","108.5","179.7","641","17"
"2026-10-01T07:32:52.8319922-04:00","0.019","108.5","179.7","641","17"
"2026-10-01T07:32:57.8448339-04:00","0.01","108.5","179.7","644","18"
"2026-10-01T07:33:02.8578051-04:00","0.019","108.5","179.7","644","18"
"2026-10-01T07:33:07.8751762-04:00","0.01","108.5","179.7","644","18"
"2026-10-01T07:33:12.8833360-04:00","0.01","108.5","179.7","644","18"
"2026-10-01T07:33:17.8894249-04:00","0.02","108.5","179.7","644","17"
"2026-10-01T07:33:22.8987702-04:00","0.01","108.5","179.7","644","17"
"2026-10-01T07:33:27.9186625-04:00","0.019","108.5","179.7","644","17"
"2026-10-01T07:33:32.9262889-04:00","0","108.5","179.7","644","17"
"2026-10-01T07:33:37.9372516-04:00","0.01","108.5","179.7","644","17"
"2026-10-01T07:33:42.9512031-04:00","0.01","108.5","179.7","644","17"
"2026-10-01T07:33:47.9585643-04:00","0","108.5","179.7","644","17"
"2026-10-01T07:33:52.9691648-04:00","0.019","108.5","179.7","644","17"
"2026-10-01T07:33:57.9792550-04:00","0.01","108.5","179.7","644","17"
"2026-10-01T07:34:02.9852750-04:00","0.01","108.5","179.7","647","18"
"2026-10-01T07:34:07.9982402-04:00","0","108.5","179.7","647","18"
"2026-10-01T07:34:13.0097608-04:00","0.01","108.5","179.7","647","18"
"2026-10-01T07:34:18.0223714-04:00","0.01","108.5","179.7","647","18"
"2026-10-01T07:34:23.0332077-04:00","0.019","108.6","179.7","650","19"
"2026-10-01T07:34:28.0408352-04:00","0.01","108.6","179.7","650","19"
"2026-10-01T07:34:33.0518438-04:00","0.01","108.6","179.7","650","19"
"2026-10-01T07:34:38.0657178-04:00","0.01","108.6","179.7","650","19"
"2026-10-01T07:34:43.0863008-04:00","0.01","108.5","179.7","653","18"
"2026-10-01T07:34:48.0990292-04:00","0.01","108.5","179.7","653","18"
"2026-10-01T07:34:53.1121892-04:00","0.01","108.5","179.7","653","18"
"2026-10-01T07:34:58.1178494-04:00","0.02","108.5","179.7","653","18"
"2026-10-01T07:35:03.1329446-04:00","0.01","108.5","179.7","653","18"
"2026-10-01T07:35:08.1424652-04:00","0","108.5","179.7","653","18"
"2026-10-01T07:35:13.1513880-04:00","0.01","108.5","179.7","653","17"
"2026-10-01T07:35:18.1582930-04:00","0","108.5","179.7","653","17"
"2026-10-01T07:35:23.1703511-04:00","0.019","108.5","179.7","656","18"
"2026-10-01T07:35:28.1780847-04:00","0.01","108.5","179.7","656","18"
"2026-10-01T07:35:33.1944016-04:00","0.019","108.5","179.7","656","18"
"2026-10-01T07:35:38.2032449-04:00","0","108.5","179.7","656","18"
"2026-10-01T07:35:43.2147903-04:00","0.01","108.5","179.7","656","17"
"2026-10-01T07:35:48.2273896-04:00","0.01","108.5","179.7","656","17"
"2026-10-01T07:35:53.2367772-04:00","0.01","108.5","179.7","656","17"
"2026-10-01T07:35:58.2520805-04:00","0.01","108.5","179.7","656","17"
"2026-10-01T07:36:03.2621525-04:00","0.019","108.5","179.7","656","17"
"2026-10-01T07:36:08.2689934-04:00","0.02","108.5","179.7","656","17"
"2026-10-01T07:36:13.2740739-04:00","0.02","108.5","179.7","659","18"
"2026-10-01T07:36:18.2898278-04:00","0.01","108.5","179.7","659","18"
"2026-10-01T07:36:23.3025711-04:00","0.01","108.5","179.7","659","18"
"2026-10-01T07:36:28.3109120-04:00","0.01","108.5","179.7","659","18"
"2026-10-01T07:36:33.3180129-04:00","0.01","108.5","179.7","659","17"
"2026-10-01T07:36:38.3312017-04:00","0","108.5","179.7","659","17"
"2026-10-01T07:36:43.3438276-04:00","0.01","108.5","179.7","662","18"
"2026-10-01T07:36:48.3547664-04:00","0.01","108.5","179.7","662","18"
"2026-10-01T07:36:53.3619350-04:00","0.01","108.5","179.7","662","18"
"2026-10-01T07:36:58.3699803-04:00","0.01","108.5","179.7","662","18"
"2026-10-01T07:37:03.3895011-04:00","0","108.5","179.7","662","17"
"2026-10-01T07:37:08.3966679-04:00","0.02","108.5","179.7","662","17"
"2026-10-01T07:37:13.4034586-04:00","0.02","108.5","179.7","662","17"
"2026-10-01T07:37:18.4139016-04:00","0.019","108.5","179.7","662","17"
"2026-10-01T07:37:23.4299375-04:00","0.019","108.5","179.7","662","17"
"2026-10-01T07:37:28.4506199-04:00","0","108.5","179.7","665","18"
"2026-10-01T07:37:33.4599130-04:00","0.019","108.5","179.7","665","18"
"2026-10-01T07:37:38.4722490-04:00","0.01","108.5","179.7","665","18"
"2026-10-01T07:37:43.4830221-04:00","0.01","108.5","179.7","665","18"
"2026-10-01T07:37:48.5113826-04:00","0.01","108.5","179.7","665","17"
"2026-10-01T07:37:53.5234688-04:00","0.019","108.5","179.7","665","17"
"2026-10-01T07:37:58.5325403-04:00","0.01","108.5","179.7","665","17"
"2026-10-01T07:38:03.5528429-04:00","0.01","108.5","179.7","668","18"
"2026-10-01T07:38:08.5673166-04:00","0","108.5","179.7","668","18"
"2026-10-01T07:38:13.5734144-04:00","0.01","108.5","179.7","668","18"
"2026-10-01T07:38:18.5883091-04:00","0.01","108.5","179.7","668","18"
"2026-10-01T07:38:23.6082815-04:00","0","108.5","179.7","668","18"
"2026-10-01T07:38:28.6205093-04:00","0.01","108.5","179.7","668","18"
"2026-10-01T07:38:33.6411493-04:00","0.01","108.5","179.7","668","18"
"2026-10-01T07:38:38.6613771-04:00","0","108.5","179.7","668","18"
"2026-10-01T07:38:43.6776885-04:00","0","108.5","179.7","671","18"
"2026-10-01T07:38:48.6830738-04:00","0","109.3","180.5","671","18"
"2026-10-01T07:38:53.6902491-04:00","0.02","108.5","179.7","671","18"
"2026-10-01T07:38:58.6955041-04:00","0","109.3","180.5","671","18"
"2026-10-01T07:39:03.7077813-04:00","0.019","108.5","179.7","671","18"
"2026-10-01T07:39:08.7160478-04:00","0.01","108.5","179.7","671","18"
"2026-10-01T07:39:13.7249501-04:00","0.01","108.5","179.7","671","17"
"2026-10-01T07:39:18.7441091-04:00","0","108.5","179.7","671","17"
"2026-10-01T07:39:23.7501837-04:00","0.02","108.5","179.7","671","17"
"2026-10-01T07:39:28.7600815-04:00","0.01","108.5","179.7","671","17"
"2026-10-01T07:39:33.7742867-04:00","0.01","108.5","179.7","671","17"
"2026-10-01T07:39:38.7827926-04:00","0.019","108.5","179.7","671","17"
"2026-10-01T07:39:43.7891560-04:00","0","108.5","179.7","671","17"
"2026-10-01T07:39:48.8023978-04:00","0.019","108.5","179.7","671","17"
"2026-10-01T07:39:53.8076767-04:00","0.02","108.5","179.7","674","18"
"2026-10-01T07:39:58.8187074-04:00","0.01","108.5","179.7","674","18"
"2026-10-01T07:40:03.8265992-04:00","0.01","108.5","179.7","674","18"
"2026-10-01T07:40:08.8348399-04:00","0","108.5","179.7","674","18"
"2026-10-01T07:40:13.8492173-04:00","0.01","108.5","179.7","674","17"
"2026-10-01T07:40:18.8649966-04:00","0.019","108.5","179.7","674","17"
"2026-10-01T07:40:23.9036313-04:00","0.019","108.5","179.7","674","17"
"2026-10-01T07:40:28.9103560-04:00","0.01","108.5","179.7","674","17"
"2026-10-01T07:40:33.9162773-04:00","0.01","108.5","179.7","674","17"
"2026-10-01T07:40:38.9238456-04:00","0.02","108.5","179.7","674","17"
"2026-10-01T07:40:43.9374875-04:00","0.019","108.5","179.7","674","17"
"2026-10-01T07:40:48.9466160-04:00","0.019","108.5","179.7","674","17"
"2026-10-01T07:40:53.9595752-04:00","0.01","108.5","179.7","677","18"
"2026-10-01T07:40:58.9673176-04:00","0.02","108.5","179.7","677","18"
"2026-10-01T07:41:03.9753881-04:00","0","108.5","179.7","677","18"
"2026-10-01T07:41:08.9873101-04:00","0.019","108.5","179.7","677","18"
"2026-10-01T07:41:13.9931102-04:00","0.01","108.5","179.7","677","18"
"2026-10-01T07:41:18.9995404-04:00","0.01","108.5","179.7","677","18"
"2026-10-01T07:41:24.0095799-04:00","0.01","108.5","179.7","677","17"
"2026-10-01T07:41:29.0244277-04:00","0.029","108.5","179.7","677","17"
"2026-10-01T07:41:34.0355229-04:00","0.01","108.5","179.7","677","17"
"2026-10-01T07:41:39.0511750-04:00","0.01","108.5","179.7","680","18"
"2026-10-01T07:41:44.0698035-04:00","0.019","108.5","179.7","680","18"
"2026-10-01T07:41:49.0797664-04:00","0.01","108.5","179.7","680","18"
"2026-10-01T07:41:54.0994262-04:00","0.019","108.5","179.7","680","18"
"2026-10-01T07:41:59.1100185-04:00","0.01","108.5","179.7","680","18"
"2026-10-01T07:42:04.1205231-04:00","0.019","108.5","179.7","680","18"
"2026-10-01T07:42:09.1330031-04:00","0.019","108.5","179.7","680","18"
"2026-10-01T07:42:14.1432682-04:00","0","108.5","179.7","680","18"
"2026-10-01T07:42:19.1546271-04:00","0.01","108.5","179.7","680","18"
"2026-10-01T07:42:24.1623999-04:00","0","108.5","179.7","680","18"
"2026-10-01T07:42:29.1692062-04:00","0.01","108.5","179.7","680","18"
"2026-10-01T07:42:34.1820060-04:00","0.01","108.5","179.7","680","18"
"2026-10-01T07:42:39.1912788-04:00","0.01","108.5","179.7","680","18"
"2026-10-01T07:42:44.1968991-04:00","0.02","108.5","179.7","680","17"
"2026-10-01T07:42:49.2061809-04:00","0.01","108.5","179.7","683","18"
"2026-10-01T07:42:54.2155016-04:00","0.01","108.5","179.7","683","18"
"2026-10-01T07:42:59.2261934-04:00","0.019","108.5","179.7","683","18"
"2026-10-01T07:43:04.2366238-04:00","0","108.5","179.7","683","18"
"2026-10-01T07:43:09.2496025-04:00","0.019","108.5","179.7","683","18"
"2026-10-01T07:43:14.2728429-04:00","0.01","108.5","179.7","683","18"
"2026-10-01T07:43:19.2812152-04:00","0.01","108.5","179.7","683","18"
"2026-10-01T07:43:24.3010790-04:00","0.019","108.5","179.7","683","17"
"2026-10-01T07:43:29.3077484-04:00","0.02","108.5","179.7","683","17"
"2026-10-01T07:43:34.3190017-04:00","0.01","108.5","179.7","686","18"
"2026-10-01T07:43:39.3279717-04:00","0.01","108.5","179.7","686","18"
"2026-10-01T07:43:44.3353044-04:00","0.01","108.5","179.7","686","18"
"2026-10-01T07:43:49.3453010-04:00","0","108.5","179.7","686","18"
"2026-10-01T07:43:54.3570604-04:00","0.019","108.5","179.7","686","17"
"2026-10-01T07:43:59.3641959-04:00","0.02","108.5","179.7","686","17"
"2026-10-01T07:44:04.3741797-04:00","0","108.5","179.7","686","17"
"2026-10-01T07:44:09.3939549-04:00","0.029","108.5","179.7","686","17"
"2026-10-01T07:44:14.4028644-04:00","0.01","108.5","179.7","686","17"
"2026-10-01T07:44:19.4172689-04:00","0.019","108.5","179.7","686","17"
"2026-10-01T07:44:24.4234619-04:00","0.01","108.5","179.7","689","18"
"2026-10-01T07:44:29.4297779-04:00","0.049","108.5","179.7","689","18"
"2026-10-01T07:44:34.4367388-04:00","0","108.5","179.7","689","18"
"2026-10-01T07:44:39.4439959-04:00","0.01","108.5","179.7","689","18"
"2026-10-01T07:44:44.4553843-04:00","0.01","108.5","179.7","689","18"
"2026-10-01T07:44:49.4659420-04:00","0.019","108.5","179.7","689","18"
"2026-10-01T07:44:54.4796603-04:00","0.01","108.5","179.7","689","18"
"2026-10-01T07:44:59.4935932-04:00","0.01","108.5","179.7","689","18"
"2026-10-01T07:45:04.5039079-04:00","0.019","108.5","179.7","689","18"
"2026-10-01T07:45:09.5226289-04:00","0.01","108.5","179.7","689","17"
"2026-10-01T07:45:14.5381638-04:00","0.01","108.5","179.7","692","18"
"2026-10-01T07:45:19.5525484-04:00","0.019","108.5","179.7","692","18"
"2026-10-01T07:45:24.5667272-04:00","0.01","108.5","179.7","692","18"
"2026-10-01T07:45:29.5760775-04:00","0","108.5","179.7","692","18"
"2026-10-01T07:45:34.5840215-04:00","0.02","108.5","179.7","692","17"
"2026-10-01T07:45:39.5967578-04:00","0.01","108.5","179.7","692","17"
"2026-10-01T07:45:44.6058729-04:00","0","108.5","179.7","695","18"
"2026-10-01T07:45:49.6219570-04:00","0.019","108.5","179.7","695","18"
"2026-10-01T07:45:54.6360690-04:00","0.01","108.5","179.7","695","18"
"2026-10-01T07:45:59.6414730-04:00","0.02","108.5","179.7","695","18"
"2026-10-01T07:46:04.6615538-04:00","0","108.5","179.7","695","18"
"2026-10-01T07:46:09.6711004-04:00","0.01","108.5","179.7","695","18"
"2026-10-01T07:46:14.6801820-04:00","0","109.3","180.5","695","18"
"2026-10-01T07:46:19.6904718-04:00","0.01","108.5","179.7","695","18"
"2026-10-01T07:46:24.7077141-04:00","0","108.5","179.7","695","18"
"2026-10-01T07:46:29.7267113-04:00","0","108.5","179.7","695","18"
"2026-10-01T07:46:34.7398977-04:00","0.01","108.5","179.7","695","17"
"2026-10-01T07:46:39.7484760-04:00","0.019","108.5","179.7","695","17"
"2026-10-01T07:46:44.7594321-04:00","0","108.5","179.7","698","18"
"2026-10-01T07:46:49.7680105-04:00","0.019","108.5","179.7","698","18"
"2026-10-01T07:46:54.7789798-04:00","0.01","108.5","179.7","698","18"
"2026-10-01T07:46:59.7946231-04:00","0.01","108.5","179.7","698","18"
"2026-10-01T07:47:04.8043876-04:00","0.01","108.5","179.7","698","18"
"2026-10-01T07:47:09.8144521-04:00","0.019","108.5","179.7","698","18"
"2026-10-01T07:47:14.8198721-04:00","0.01","108.5","179.7","698","18"
"2026-10-01T07:47:19.8399682-04:00","0.019","108.5","179.7","698","18"
"2026-10-01T07:47:24.8495002-04:00","0.01","108.5","179.7","698","18"
"2026-10-01T07:47:29.8576178-04:00","0.01","108.5","179.7","698","17"
"2026-10-01T07:47:34.8670582-04:00","0.01","108.6","179.8","704","19"
"2026-10-01T07:47:39.8742268-04:00","0.02","108.5","179.7","701","18"
"2026-10-01T07:47:44.8848589-04:00","0.01","108.5","179.7","701","18"
"2026-10-01T07:47:49.8958860-04:00","0","108.5","179.7","701","18"
"2026-10-01T07:47:54.9013316-04:00","0.02","108.5","179.7","701","18"
"2026-10-01T07:47:59.9189217-04:00","0.01","108.5","179.7","701","18"
"2026-10-01T07:48:04.9304184-04:00","0.01","108.5","179.7","701","17"
"2026-10-01T07:48:09.9411127-04:00","0.01","108.5","179.7","701","17"
"2026-10-01T07:48:14.9603699-04:00","0","108.5","179.7","701","17"
"2026-10-01T07:48:19.9678050-04:00","0.01","108.5","179.7","701","17"
"2026-10-01T07:48:24.9825375-04:00","0.019","108.5","179.7","701","17"
"2026-10-01T07:48:29.9900663-04:00","0","108.5","179.7","701","17"
"2026-10-01T07:48:34.9988851-04:00","0.019","108.5","179.7","701","17"
"2026-10-01T07:48:40.0109531-04:00","0.01","108.5","179.7","704","18"
"2026-10-01T07:48:45.0244938-04:00","0.01","108.5","179.7","704","18"
"2026-10-01T07:48:50.0384877-04:00","0","108.5","179.7","704","18"
"2026-10-01T07:48:55.0466065-04:00","0.019","108.5","179.7","704","18"
"2026-10-01T07:49:00.0537099-04:00","0","108.5","179.7","704","18"
"2026-10-01T07:49:05.0692990-04:00","0.019","108.5","179.7","704","18"
"2026-10-01T07:49:10.0775383-04:00","0","108.5","179.7","704","17"
"2026-10-01T07:49:15.0830604-04:00","0.01","108.5","179.7","704","17"
"2026-10-01T07:49:20.1033630-04:00","0.019","108.5","179.7","704","17"
"2026-10-01T07:49:25.1160185-04:00","0.01","108.5","179.7","704","17"
"2026-10-01T07:49:30.1258469-04:00","0.01","108.5","179.7","704","17"
"2026-10-01T07:49:35.1361049-04:00","0.019","108.5","179.7","704","17"
"2026-10-01T07:49:40.1501992-04:00","0.01","108.5","179.7","704","17"
"2026-10-01T07:49:45.1631951-04:00","0.01","108.5","179.7","707","18"
"2026-10-01T07:49:50.1811996-04:00","0.019","108.5","179.7","707","18"
"2026-10-01T07:49:55.1932248-04:00","0.01","108.5","179.7","707","18"
"2026-10-01T07:50:00.2058255-04:00","0.01","108.5","179.7","707","18"
"2026-10-01T07:50:05.2166396-04:00","0.01","108.5","179.7","707","18"
"2026-10-01T07:50:10.2278240-04:00","0.019","108.5","179.7","707","18"
"2026-10-01T07:50:15.2450598-04:00","0","108.5","179.7","707","18"
"2026-10-01T07:50:20.2532140-04:00","0","108.5","179.7","707","18"
"2026-10-01T07:50:25.2610007-04:00","0.01","108.5","179.7","707","18"
"2026-10-01T07:50:30.2702633-04:00","0","108.5","179.7","707","18"
"2026-10-01T07:50:35.2795001-04:00","0.01","108.5","179.7","707","17"
"2026-10-01T07:50:40.2874323-04:00","0.01","108.5","179.7","707","17"
"2026-10-01T07:50:45.2941221-04:00","0.01","108.5","179.7","710","18"
"2026-10-01T07:50:50.3085466-04:00","0.01","108.5","179.7","710","18"
"2026-10-01T07:50:55.3200269-04:00","0.019","108.5","179.7","710","18"
"2026-10-01T07:51:00.3330317-04:00","0.01","108.5","179.7","710","18"
"2026-10-01T07:51:05.3427416-04:00","0.019","108.5","179.7","710","18"
"2026-10-01T07:51:10.3527589-04:00","0.01","108.5","179.7","710","18"
"2026-10-01T07:51:15.3652900-04:00","0.019","108.5","179.7","710","18"
"2026-10-01T07:51:20.3754469-04:00","0","108.5","179.7","710","18"
"2026-10-01T07:51:25.3818236-04:00","0.029","108.5","179.7","710","17"
"2026-10-01T07:51:30.3881017-04:00","0","108.5","179.7","710","17"
"2026-10-01T07:51:35.3943545-04:00","0.02","108.5","179.7","710","17"
"2026-10-01T07:51:40.4097484-04:00","0.019","108.5","179.7","710","17"
"2026-10-01T07:51:45.4173157-04:00","0.01","108.5","179.7","710","17"
"2026-10-01T07:51:50.4240430-04:00","0","108.5","179.7","710","17"
"2026-10-01T07:51:55.4314170-04:00","0.02","108.5","179.7","710","17"
"2026-10-01T07:52:00.4389449-04:00","0","108.5","179.7","710","17"
"2026-10-01T07:52:05.4509802-04:00","0.01","108.5","179.7","710","17"
"2026-10-01T07:52:10.4570248-04:00","0.02","108.5","179.7","713","18"
"2026-10-01T07:52:15.4626388-04:00","0.01","108.5","179.7","713","18"
"2026-10-01T07:52:20.4798609-04:00","0.019","108.5","179.7","713","18"
"2026-10-01T07:52:25.4916752-04:00","0.019","108.5","179.7","713","18"
"2026-10-01T07:52:30.5011935-04:00","0","108.5","179.7","713","17"
"2026-10-01T07:52:35.5129600-04:00","0.01","108.5","179.7","713","17"
"2026-10-01T07:52:40.5320186-04:00","0.019","108.5","179.7","713","17"
"2026-10-01T07:52:45.5392570-04:00","0.01","108.5","179.7","713","17"
"2026-10-01T07:52:50.5570279-04:00","0","108.5","179.7","713","17"
"2026-10-01T07:52:55.5641937-04:00","0.02","108.5","179.7","713","17"
"2026-10-01T07:53:00.5776397-04:00","0","108.5","179.7","713","17"
"2026-10-01T07:53:05.5932143-04:00","0.019","108.5","179.7","716","18"
"2026-10-01T07:53:10.6032511-04:00","0.01","108.5","179.7","716","18"
"2026-10-01T07:53:15.6129617-04:00","0.019","108.5","179.7","716","18"
"2026-10-01T07:53:20.6206627-04:00","0","108.5","179.7","716","18"
"2026-10-01T07:53:25.6363340-04:00","0.01","108.5","179.7","716","17"
"2026-10-01T07:53:30.6554627-04:00","0.01","108.5","179.7","719","18"
"2026-10-01T07:53:35.6663747-04:00","0.01","108.5","179.7","719","18"
"2026-10-01T07:53:40.6777757-04:00","0.019","108.5","179.7","719","18"
"2026-10-01T07:53:45.6882929-04:00","0.019","108.5","179.7","719","18"
"2026-10-01T07:53:50.7084490-04:00","0.01","108.5","179.7","722","18"
"2026-10-01T07:53:55.7149229-04:00","0.01","108.5","179.7","722","18"
"2026-10-01T07:54:00.7207531-04:00","0.02","108.5","179.7","722","18"
"2026-10-01T07:54:05.7361947-04:00","0.019","108.5","179.7","722","18"
"2026-10-01T07:54:10.7476909-04:00","0.01","108.5","179.7","722","17"
"2026-10-01T07:54:15.7524503-04:00","0.01","108.5","179.7","722","17"
"2026-10-01T07:54:20.7635153-04:00","0.01","108.5","179.7","722","17"
"2026-10-01T07:54:25.7725190-04:00","0","108.5","179.7","722","17"
"2026-10-01T07:54:30.7832297-04:00","0.01","108.5","179.7","725","18"
"2026-10-01T07:54:35.7979048-04:00","0.01","108.5","179.7","725","18"
"2026-10-01T07:54:40.8084265-04:00","0.01","108.5","179.7","725","18"
"2026-10-01T07:54:45.8177579-04:00","0.01","108.5","179.7","725","18"
"2026-10-01T07:54:50.8478102-04:00","0.01","108.5","179.7","725","18"
"2026-10-01T07:54:55.8574037-04:00","0.01","108.5","179.7","725","18"
"2026-10-01T07:55:00.8722374-04:00","0.01","108.5","179.7","725","18"
"2026-10-01T07:55:05.8868010-04:00","0.01","108.5","179.7","725","18"
"2026-10-01T07:55:10.8980854-04:00","0.019","108.5","179.7","725","18"
"2026-10-01T07:55:15.9066616-04:00","0.019","108.5","179.7","725","18"
"2026-10-01T07:55:20.9144136-04:00","0.01","108.5","179.7","725","18"
"2026-10-01T07:55:25.9276571-04:00","0.01","108.5","179.7","725","18"
"2026-10-01T07:55:30.9430397-04:00","0.01","108.5","179.7","725","18"
"2026-10-01T07:55:35.9547525-04:00","0","108.5","179.7","725","18"
"2026-10-01T07:55:40.9628214-04:00","0.019","108.5","179.7","725","18"
"2026-10-01T07:55:45.9723035-04:00","0.01","108.5","179.7","725","18"
"2026-10-01T07:55:50.9806832-04:00","0.019","108.5","179.7","725","17"
"2026-10-01T07:55:55.9961056-04:00","0.01","108.5","179.7","725","17"
"2026-10-01T07:56:01.0085320-04:00","0.019","108.5","179.7","728","18"
"2026-10-01T07:56:06.0165239-04:00","0.01","108.5","179.7","728","18"
"2026-10-01T07:56:11.0245845-04:00","0.019","108.5","179.7","728","18"
"2026-10-01T07:56:16.0408023-04:00","0","108.5","179.7","728","18"
"2026-10-01T07:56:21.0514556-04:00","0.01","108.5","179.7","728","17"
"2026-10-01T07:56:26.0715594-04:00","0.019","108.5","179.7","728","17"
"2026-10-01T07:56:31.0812497-04:00","0.019","108.5","179.7","731","18"
"2026-10-01T07:56:36.0876987-04:00","0.02","108.5","179.7","731","18"
"2026-10-01T07:56:41.1074581-04:00","0.019","108.5","179.7","731","18"
"2026-10-01T07:56:46.1201913-04:00","0.01","108.5","179.7","731","18"
"2026-10-01T07:56:51.1329516-04:00","0.01","108.5","179.7","731","17"
"2026-10-01T07:56:56.1388524-04:00","0","108.5","179.7","731","17"
"2026-10-01T07:57:01.1526375-04:00","0.01","108.5","179.7","734","18"
"2026-10-01T07:57:06.1608296-04:00","0.01","108.5","179.7","734","18"
"2026-10-01T07:57:11.1687687-04:00","0.02","108.5","179.7","734","18"
"2026-10-01T07:57:16.1895621-04:00","0","108.5","179.7","734","18"
"2026-10-01T07:57:21.2051144-04:00","0.019","108.5","179.7","734","18"
"2026-10-01T07:57:26.2194540-04:00","0.029","108.5","179.7","734","18"
"2026-10-01T07:57:31.2304180-04:00","0.01","108.5","179.7","734","18"
"2026-10-01T07:57:36.2414970-04:00","0.01","108.5","179.7","734","18"
"2026-10-01T07:57:41.2634721-04:00","0.01","108.5","179.7","734","18"
"2026-10-01T07:57:46.2743464-04:00","0.01","108.5","179.7","734","18"
"2026-10-01T07:57:51.2859688-04:00","0.01","108.5","179.7","734","18"
"2026-10-01T07:57:56.2948452-04:00","0.01","108.5","179.7","734","18"
"2026-10-01T07:58:01.3089092-04:00","0.01","108.5","179.7","734","18"
"2026-10-01T07:58:06.3163366-04:00","0.01","108.5","179.7","734","18"
"2026-10-01T07:58:11.3246852-04:00","0.01","108.5","179.7","734","18"
"2026-10-01T07:58:16.3327980-04:00","0.01","108.5","179.7","734","18"
"2026-10-01T07:58:21.3439079-04:00","0.01","108.5","179.7","734","18"
"2026-10-01T07:58:26.3564896-04:00","0.019","108.5","179.7","734","18"
"2026-10-01T07:58:31.3642767-04:00","0.02","108.5","179.7","734","18"
"2026-10-01T07:58:36.3703518-04:00","0.01","108.5","179.7","734","18"
"2026-10-01T07:58:41.3827911-04:00","0.01","108.5","179.7","734","18"
"2026-10-01T07:58:46.3905652-04:00","0","108.5","179.7","734","18"
"2026-10-01T07:58:51.4032851-04:00","0.019","108.5","179.7","734","18"
"2026-10-01T07:58:56.4141099-04:00","0.019","108.5","179.7","734","18"
"2026-10-01T07:59:01.4303925-04:00","0","108.5","179.7","734","18"
"2026-10-01T07:59:06.4393221-04:00","0.01","108.5","179.7","734","18"
"2026-10-01T07:59:11.4508110-04:00","0.01","108.5","179.7","734","18"
"2026-10-01T07:59:16.4661079-04:00","0.01","108.5","179.7","734","18"
"2026-10-01T07:59:21.4738670-04:00","0.02","108.5","179.7","734","18"
"2026-10-01T07:59:26.4793103-04:00","0","108.5","179.7","734","18"
"2026-10-01T07:59:31.4887493-04:00","0.01","108.5","179.7","734","18"
"2026-10-01T07:59:36.4998773-04:00","0","108.5","179.7","734","18"
"2026-10-01T07:59:41.5080052-04:00","0.019","108.5","179.7","734","18"
"2026-10-01T07:59:46.5153474-04:00","0","108.5","179.7","734","18"
"2026-10-01T07:59:51.5336929-04:00","0.019","108.5","179.7","734","18"
"2026-10-01T07:59:56.5437879-04:00","0.01","108.5","179.7","734","17"
"2026-10-01T08:00:01.5611636-04:00","0","108.5","179.7","737","18"
"2026-10-01T08:00:06.5730928-04:00","0.01","108.5","179.7","737","18"
"2026-10-01T08:00:11.5812146-04:00","0.019","108.5","179.7","737","18"
"2026-10-01T08:00:16.5892625-04:00","0.01","108.5","179.7","737","18"
"2026-10-01T08:00:21.5952882-04:00","0.02","108.5","179.7","737","18"
"2026-10-01T08:00:26.6074746-04:00","0","108.5","179.7","737","18"
"2026-10-01T08:00:31.6514466-04:00","0.01","108.5","179.7","737","18"
"2026-10-01T08:00:36.6596282-04:00","0.019","108.5","179.7","737","18"
"2026-10-01T08:00:41.6772740-04:00","0","108.5","179.7","740","18"
"2026-10-01T08:00:46.6845368-04:00","0","109.4","180.5","743","19"
"2026-10-01T08:00:51.6981826-04:00","0.01","108.5","179.7","740","18"
"2026-10-01T08:00:56.7088169-04:00","0.01","108.5","179.7","740","18"
"2026-10-01T08:01:01.7195379-04:00","0.01","108.5","179.7","740","18"
"2026-10-01T08:01:06.7357058-04:00","0.01","108.5","179.7","740","18"
"2026-10-01T08:01:11.7424534-04:00","0","108.5","179.7","740","18"
"2026-10-01T08:01:16.7519002-04:00","0.019","108.5","179.7","740","18"
"2026-10-01T08:01:21.7633507-04:00","0","108.5","179.7","740","18"
"2026-10-01T08:01:26.7733549-04:00","0.01","108.5","179.7","740","18"
"2026-10-01T08:01:31.7830405-04:00","0.019","108.5","179.7","740","18"
"2026-10-01T08:01:36.8032727-04:00","0.01","108.5","179.7","740","18"
"2026-10-01T08:01:41.8122886-04:00","0.019","108.5","179.7","740","17"
"2026-10-01T08:01:46.8185738-04:00","0","108.5","179.7","740","17"
"2026-10-01T08:01:51.8297615-04:00","0.019","108.5","179.7","743","18"
"2026-10-01T08:01:56.8417981-04:00","0.019","108.5","179.7","743","18"
"2026-10-01T08:02:01.8542958-04:00","0.01","108.5","179.7","743","18"
"2026-10-01T08:02:06.8633397-04:00","0.019","108.5","179.7","743","18"
"2026-10-01T08:02:11.8721980-04:00","0.01","108.5","179.7","743","17"
"2026-10-01T08:02:16.8791759-04:00","0.01","108.5","179.7","746","18"
"2026-10-01T08:02:21.8863991-04:00","0.01","108.5","179.7","746","18"
"2026-10-01T08:02:26.8966414-04:00","0.01","108.5","179.7","746","18"
"2026-10-01T08:02:31.9122079-04:00","0.01","108.5","179.7","746","18"
"2026-10-01T08:02:36.9286664-04:00","0.01","108.5","179.7","746","17"
"2026-10-01T08:02:41.9355431-04:00","0.02","108.5","179.7","749","18"
"2026-10-01T08:02:46.9471314-04:00","0.01","108.5","179.7","749","18"
"2026-10-01T08:02:51.9584237-04:00","0","108.5","179.7","749","18"
"2026-10-01T08:02:56.9737337-04:00","0.01","108.5","179.7","749","18"
"2026-10-01T08:03:01.9827831-04:00","0.019","107.4","178.1","755","19"
"2026-10-01T08:03:06.9880860-04:00","0","107.3","178.1","527","18"
"2026-10-01T08:03:11.9940009-04:00","0.01","107.3","178.1","527","18"
"2026-10-01T08:03:17.0069293-04:00","0","107.3","178.1","527","18"
"2026-10-01T08:03:22.0126343-04:00","0.02","107.3","178","524","17"
"2026-10-01T08:03:27.0188928-04:00","0","107.3","178","524","17"
"2026-10-01T08:03:32.0249261-04:00","0.02","107.3","178.1","527","18"
"2026-10-01T08:03:37.0342183-04:00","0.01","107.3","178.1","527","18"
"2026-10-01T08:03:42.0420059-04:00","0.02","107.3","178.1","527","18"
"2026-10-01T08:03:47.0554194-04:00","0.01","107.3","178.1","527","18"
"2026-10-01T08:03:52.0674252-04:00","0.01","107.3","178.1","527","17"
"2026-10-01T08:03:57.0776578-04:00","0","107.3","178.1","524","17"
"2026-10-01T08:04:02.0903387-04:00","0.01","107.3","178.1","524","17"
"2026-10-01T08:04:07.1002653-04:00","0.01","107.3","178.1","524","17"
"2026-10-01T08:04:12.1123026-04:00","0.019","107.3","178.1","524","17"
"2026-10-01T08:04:17.1274120-04:00","0.01","107.3","178.1","524","17"
"2026-10-01T08:04:22.1411336-04:00","0.01","107.3","178.1","524","17"
"2026-10-01T08:04:27.1496085-04:00","0.019","107.3","178.1","524","17"
"2026-10-01T08:04:32.1628495-04:00","0.01","107.3","178.1","524","17"
"2026-10-01T08:04:37.1675877-04:00","0.02","107.3","178.1","524","17"
"2026-10-01T08:04:42.1749631-04:00","0","107.3","178.1","524","17"
"2026-10-01T08:04:47.1853370-04:00","0.019","107.3","178.1","524","17"
"2026-10-01T08:04:52.1916606-04:00","0","107.3","178.1","524","17"
"2026-10-01T08:04:57.2007002-04:00","0.01","107.3","178.1","524","17"
"2026-10-01T08:05:02.2073394-04:00","0.01","107.3","178.1","524","17"
"2026-10-01T08:05:07.2269874-04:00","0.029","107.3","178.1","524","17"
"2026-10-01T08:05:12.2401800-04:00","0.01","107.3","178.1","524","17"
"2026-10-01T08:05:17.2490873-04:00","0.01","107.3","178.1","524","17"
"2026-10-01T08:05:22.2571712-04:00","0.019","107.3","178.1","524","17"
"2026-10-01T08:05:27.2693166-04:00","0.01","107.3","178.1","524","17"
"2026-10-01T08:05:32.2763517-04:00","0.02","107.3","178.1","524","17"
"2026-10-01T08:05:37.2855502-04:00","0.01","107.3","178.1","524","17"
"2026-10-01T08:05:42.2976696-04:00","0","107.3","178.1","524","17"
"2026-10-01T08:05:47.3048301-04:00","0.029","107.3","178.1","524","17"
"2026-10-01T08:05:52.3167236-04:00","0.01","107.3","178.1","524","17"
"2026-10-01T08:05:57.3317087-04:00","0.019","107.3","178.1","524","17"
"2026-10-01T08:06:02.3443193-04:00","0.019","107.3","178.1","524","17"
"2026-10-01T08:06:07.3634780-04:00","0.019","107.3","178.1","524","17"
"2026-10-01T08:06:12.3736009-04:00","0","107.3","178.1","524","17"
"2026-10-01T08:06:17.3798248-04:00","0.02","107.3","178.1","524","17"
"2026-10-01T08:06:22.4233730-04:00","0","107.3","178.1","524","17"
"2026-10-01T08:06:27.4316955-04:00","0.019","107.3","178.1","524","17"
"2026-10-01T08:06:32.4381029-04:00","0","107.3","178.1","524","17"
"2026-10-01T08:06:37.4584728-04:00","0.029","107.3","178.1","524","17"
"2026-10-01T08:06:42.4664329-04:00","0.01","107.3","178.1","524","17"
"2026-10-01T08:06:47.4749260-04:00","0.01","107.3","178.1","524","17"
"2026-10-01T08:06:52.4826115-04:00","0","107.3","178.1","524","17"
"2026-10-01T08:06:57.4929701-04:00","0","107.3","178.1","524","17"
"2026-10-01T08:07:02.5054679-04:00","0.01","107.3","178.1","524","17"
"2026-10-01T08:07:07.5261998-04:00","0","107.3","178.1","524","17"
"2026-10-01T08:07:12.5365063-04:00","0.01","107.3","178.1","524","17"
"2026-10-01T08:07:17.5474855-04:00","0.01","107.3","178.1","524","17"
"2026-10-01T08:07:22.5577366-04:00","0.01","107.3","178.1","524","17"
"2026-10-01T08:07:27.5716740-04:00","0.01","107.3","178.1","524","17"
"2026-10-01T08:07:32.5847543-04:00","0.019","107.3","178.1","524","17"
"2026-10-01T08:07:37.5914527-04:00","0","107.3","178.1","524","17"
"2026-10-01T08:07:42.6008005-04:00","0.019","107.3","178.1","527","18"
"2026-10-01T08:07:47.6074120-04:00","0.01","107.3","178.1","527","18"
"2026-10-01T08:07:52.6183934-04:00","0","107.3","178.1","527","18"
"2026-10-01T08:07:57.6287072-04:00","0.019","107.3","178.1","527","18"
"2026-10-01T08:08:02.6355141-04:00","0","107.3","178.1","527","17"
"2026-10-01T08:08:07.6425522-04:00","0.02","107.3","178.1","527","17"
"2026-10-01T08:08:12.6513586-04:00","0","107.3","178.1","527","17"
"2026-10-01T08:08:17.6638661-04:00","0.01","107.3","178.1","527","17"
"2026-10-01T08:08:22.6823184-04:00","0","108.1","178.9","527","17"
"2026-10-01T08:08:27.6909418-04:00","0.019","107.3","178.1","527","17"
"2026-10-01T08:08:32.6986367-04:00","0.01","107.3","178.1","527","17"
"2026-10-01T08:08:37.7058410-04:00","0.02","107.3","178.1","527","17"
"2026-10-01T08:08:42.7123594-04:00","0","107.3","178.1","527","17"
"2026-10-01T08:08:47.7205814-04:00","0.019","107.3","178.1","527","17"
"2026-10-01T08:08:52.7256556-04:00","0","107.3","178.1","527","17"
"2026-10-01T08:08:57.7359629-04:00","0.019","107.3","178.1","527","17"
"2026-10-01T08:09:02.7558875-04:00","0","107.3","178.1","527","17"
"2026-10-01T08:09:07.7639972-04:00","0.019","107.3","178.1","527","17"
"2026-10-01T08:09:12.7697435-04:00","0","107.3","178.1","527","17"
"2026-10-01T08:09:17.7757924-04:00","0.01","107.3","178.1","527","17"
"2026-10-01T08:09:22.7848176-04:00","0.01","107.3","178.1","527","17"
"2026-10-01T08:09:27.8013023-04:00","0.01","107.3","178.1","527","17"
"2026-10-01T08:09:32.8163644-04:00","0.01","107.3","178.1","527","17"
"2026-10-01T08:09:37.8285616-04:00","0.01","107.3","178.1","527","17"
"2026-10-01T08:09:42.8352661-04:00","0","107.3","178.1","527","17"
"2026-10-01T08:09:47.8497336-04:00","0.01","107.3","178.1","527","17"
"2026-10-01T08:09:52.8632319-04:00","0.019","107.3","178.1","527","17"
"2026-10-01T08:09:57.8724042-04:00","0.01","107.3","178.1","527","17"
"2026-10-01T08:10:02.8815733-04:00","0.01","107.3","178.1","527","17"
"2026-10-01T08:10:07.9015645-04:00","0.019","107.3","178.1","527","17"
"2026-10-01T08:10:12.9117124-04:00","0.01","107.3","178.1","527","17"
"2026-10-01T08:10:17.9212967-04:00","0.01","107.3","178.1","527","17"
"2026-10-01T08:10:22.9323850-04:00","0.019","107.3","178.1","527","17"
"2026-10-01T08:10:27.9418937-04:00","0.01","107.3","178.1","527","17"
"2026-10-01T08:10:32.9530602-04:00","0.019","107.3","178.1","527","17"
"2026-10-01T08:10:37.9654212-04:00","0.01","107.3","178.1","527","17"
"2026-10-01T08:10:42.9732305-04:00","0.01","107.3","178.1","527","17"
"2026-10-01T08:10:47.9847607-04:00","0.01","107.3","178.1","527","17"
"2026-10-01T08:10:52.9962433-04:00","0.01","107.3","178.1","527","17"
"2026-10-01T08:10:58.0058810-04:00","0","107.3","178.1","527","17"
"2026-10-01T08:11:03.0224824-04:00","0.019","107.3","178.1","527","17"
"2026-10-01T08:11:08.0319812-04:00","0.01","107.3","178.1","530","18"
"2026-10-01T08:11:13.0393048-04:00","0.01","107.3","178.1","530","18"
"2026-10-01T08:11:18.0486183-04:00","0","107.3","178.1","530","18"
"2026-10-01T08:11:23.0673390-04:00","0.01","107.3","178.1","530","18"
"2026-10-01T08:11:28.0759725-04:00","0.01","107.3","178.1","533","18"
"2026-10-01T08:11:33.0890984-04:00","0.019","107.3","178.1","533","18"
"2026-10-01T08:11:38.0990436-04:00","0","107.3","178.1","533","18"
"2026-10-01T08:11:43.1054053-04:00","0.029","107.3","178.1","533","18"
"2026-10-01T08:11:48.1134536-04:00","0","107.3","178","533","17"
"2026-10-01T08:11:53.1275293-04:00","0.01","107.3","178","533","17"
"2026-10-01T08:11:58.1331998-04:00","0.02","107.3","178","533","17"
"2026-10-01T08:12:03.1433330-04:00","0.01","107.3","178","533","17"
"2026-10-01T08:12:08.1540101-04:00","0.019","107.3","178","533","17"
"2026-10-01T08:12:13.1710390-04:00","0","107.3","178","533","17"
"2026-10-01T08:12:18.1769268-04:00","0.01","107.3","178","533","17"
"2026-10-01T08:12:23.1910725-04:00","0.019","107.3","178","533","17"
"2026-10-01T08:12:28.1964380-04:00","0.02","107.3","178","533","17"
"2026-10-01T08:12:33.2050453-04:00","0","107.3","178","533","17"
"2026-10-01T08:12:38.2130816-04:00","0.019","107.3","178","533","17"
"2026-10-01T08:12:43.2317956-04:00","0","107.3","178","533","17"
"2026-10-01T08:12:48.2455630-04:00","0.019","107.3","178","533","17"
"2026-10-01T08:12:53.2544480-04:00","0.01","107.3","178","533","17"
"2026-10-01T08:12:58.2665032-04:00","0.019","107.3","178","533","17"
"2026-10-01T08:13:03.2786313-04:00","0.01","107.3","178","533","17"
"2026-10-01T08:13:08.2927447-04:00","0.01","107.3","178","533","17"
"2026-10-01T08:13:13.2995206-04:00","0.01","107.3","178","533","17"
"2026-10-01T08:13:18.3108510-04:00","0.01","107.3","178","533","17"
"2026-10-01T08:13:23.3171091-04:00","0.02","107.3","178","533","17"
"2026-10-01T08:13:28.3286438-04:00","0.01","107.3","178","533","17"
"2026-10-01T08:13:33.3473814-04:00","0.029","107.3","178","533","17"
"2026-10-01T08:13:38.3623054-04:00","0","107.3","178","533","17"
"2026-10-01T08:13:43.3716011-04:00","0.019","107.3","178","533","17"
"2026-10-01T08:13:48.3797685-04:00","0.019","107.3","178","533","17"
"2026-10-01T08:13:53.3913831-04:00","0.019","107.3","178","533","17"
"2026-10-01T08:13:58.3982359-04:00","0.01","107.3","178","533","17"
"2026-10-01T08:14:03.4047040-04:00","0","107.3","178","533","17"
"2026-10-01T08:14:08.4131098-04:00","0.019","107.3","178","533","17"
"2026-10-01T08:14:13.4231236-04:00","0.01","107.3","178","533","17"
"2026-10-01T08:14:18.4329472-04:00","0.01","107.3","178","533","17"
"2026-10-01T08:14:23.4452741-04:00","0.01","107.3","178","533","17"
"2026-10-01T08:14:28.4589431-04:00","0.01","107.3","178","533","17"
"2026-10-01T08:14:33.4698636-04:00","0.01","107.3","178","533","17"
"2026-10-01T08:14:38.4814521-04:00","0.01","107.3","178","533","17"
"2026-10-01T08:14:43.4869263-04:00","0.02","107.3","178","533","17"
"2026-10-01T08:14:48.5037215-04:00","0.01","107.3","178","533","17"
"2026-10-01T08:14:53.5143597-04:00","0.01","107.3","178","533","17"
"2026-10-01T08:14:58.5297139-04:00","0.01","107.3","178","533","17"
"2026-10-01T08:15:03.5387260-04:00","0.019","107.3","178","533","17"
"2026-10-01T08:15:08.5448717-04:00","0.01","107.3","178","533","17"
"2026-10-01T08:15:13.5533524-04:00","0.019","107.3","178","533","17"
"2026-10-01T08:15:18.5657877-04:00","0.01","107.3","178","533","17"
"2026-10-01T08:15:23.5740231-04:00","0.01","107.3","178","533","17"
"2026-10-01T08:15:28.5805871-04:00","0.02","107.3","178","533","17"
"2026-10-01T08:15:33.5916803-04:00","0.01","107.3","178","533","17"
"2026-10-01T08:15:38.6030717-04:00","0.01","107.3","178","533","17"
"2026-10-01T08:15:43.6143198-04:00","0.019","107.3","178","533","17"
"2026-10-01T08:15:48.6248216-04:00","0.01","107.3","178","533","17"
"2026-10-01T08:15:53.6437494-04:00","0.029","107.3","178","533","17"
"2026-10-01T08:15:58.6505102-04:00","0.02","107.3","178","533","17"
"2026-10-01T08:16:03.6615921-04:00","0.01","107.3","178","533","17"
"2026-10-01T08:16:08.6724852-04:00","0.01","107.3","178","533","17"
"2026-10-01T08:16:13.6920707-04:00","0.01","107.3","178","533","17"
"2026-10-01T08:16:18.7049645-04:00","0.01","107.3","178","533","17"
"2026-10-01T08:16:23.7217395-04:00","0","107.3","178","533","17"
"2026-10-01T08:16:28.7290022-04:00","0.01","107.3","178","533","17"
"2026-10-01T08:16:33.7471319-04:00","0.01","107.3","178","533","17"
"2026-10-01T08:16:38.7660821-04:00","0.029","107.3","178","533","17"
"2026-10-01T08:16:43.7736746-04:00","0","107.3","178","533","17"
"2026-10-01T08:16:48.7818759-04:00","0.039","107.3","178","533","17"
"2026-10-01T08:16:53.7954335-04:00","0.019","107.3","178","533","17"
"2026-10-01T08:16:58.8054453-04:00","0.01","107.3","178","533","17"
"2026-10-01T08:17:03.8170371-04:00","0.01","107.3","178","533","17"
"2026-10-01T08:17:08.8286083-04:00","0.01","107.3","178","533","17"
"2026-10-01T08:17:13.8445281-04:00","0.01","107.3","178","533","17"
"2026-10-01T08:17:18.8529862-04:00","0","107.3","178","533","17"
"2026-10-01T08:17:23.8597677-04:00","0.02","107.3","178","533","17"
"2026-10-01T08:17:28.8712587-04:00","0.01","107.3","178","533","17"
"2026-10-01T08:17:33.8773944-04:00","0","107.3","178","533","17"
"2026-10-01T08:17:38.8874745-04:00","0.019","107.3","178","533","17"
"2026-10-01T08:17:43.8956734-04:00","0","107.3","178","533","17"
"2026-10-01T08:17:48.9053461-04:00","0.019","107.3","178","533","17"
"2026-10-01T08:17:53.9153882-04:00","0.01","107.3","178","533","17"
"2026-10-01T08:17:58.9354055-04:00","0.029","107.3","178","533","17"
"2026-10-01T08:18:03.9417589-04:00","0.01","107.3","178","533","17"
"2026-10-01T08:18:08.9477861-04:00","0.02","107.3","178","533","17"
"2026-10-01T08:18:13.9542569-04:00","0.02","107.3","178","533","17"
"2026-10-01T08:18:18.9937935-04:00","0.019","107.3","178","533","17"
"2026-10-01T08:18:24.0037790-04:00","0.01","107.3","178","533","17"
"2026-10-01T08:18:29.0158317-04:00","0.01","107.3","178","533","17"
"2026-10-01T08:18:34.0259981-04:00","0.01","107.3","178","533","17"
"2026-10-01T08:18:39.0449973-04:00","0.01","107.3","178","533","17"
"2026-10-01T08:18:44.0519511-04:00","0","107.3","178","533","17"
"2026-10-01T08:18:49.0632121-04:00","0.01","107.3","178","533","17"
"2026-10-01T08:18:54.0751163-04:00","0.01","107.3","178","533","17"
"2026-10-01T08:18:59.0892103-04:00","0.01","107.3","178","533","17"
"2026-10-01T08:19:04.1047558-04:00","0.01","107.3","178","533","17"
"2026-10-01T08:19:09.1168366-04:00","0.01","107.3","178","533","17"
"2026-10-01T08:19:14.1368995-04:00","0.019","107.3","178","533","17"
"2026-10-01T08:19:19.1457448-04:00","0.01","107.3","178","533","17"
"2026-10-01T08:19:24.1531873-04:00","0.02","107.3","178","533","17"
"2026-10-01T08:19:29.1592859-04:00","0","107.3","178","533","17"
"2026-10-01T08:19:34.1725183-04:00","0.01","107.3","178","533","17"
"2026-10-01T08:19:39.1827886-04:00","0.029","107.3","178","533","17"
"2026-10-01T08:19:44.1928426-04:00","0","107.3","178","533","17"
"2026-10-01T08:19:49.2051967-04:00","0.019","107.3","178","533","17"
"2026-10-01T08:19:54.2134521-04:00","0.019","107.3","178","533","17"
"2026-10-01T08:19:59.2243706-04:00","0.019","107.3","178","533","17"
"2026-10-01T08:20:04.2331005-04:00","0.01","107.3","178","533","17"
"2026-10-01T08:20:09.2412424-04:00","0.019","107.3","178","533","17"
"2026-10-01T08:20:14.2506347-04:00","0","107.3","178","533","17"
"2026-10-01T08:20:19.2616526-04:00","0.019","107.3","178","533","17"
"2026-10-01T08:20:24.2703581-04:00","0","107.3","178","533","17"
"2026-10-01T08:20:29.2817149-04:00","0.01","107.3","178","533","17"
"2026-10-01T08:20:34.2943133-04:00","0.01","107.3","178","533","17"
"2026-10-01T08:20:39.3074783-04:00","0.01","107.3","178","533","17"
"2026-10-01T08:20:44.3232221-04:00","0.01","107.3","178","533","17"
"2026-10-01T08:20:49.3425461-04:00","0","107.3","178","533","17"
"2026-10-01T08:20:54.3570304-04:00","0.01","107.3","178","533","17"
"2026-10-01T08:20:59.3674506-04:00","0.01","107.3","178","533","17"
"2026-10-01T08:21:04.3781033-04:00","0.01","107.3","178","533","17"
"2026-10-01T08:21:09.3868851-04:00","0.019","107.3","178","533","17"
"2026-10-01T08:21:14.3960562-04:00","0.019","107.3","178","533","17"
"2026-10-01T08:21:19.4041640-04:00","0.01","107.3","178","533","17"
"2026-10-01T08:21:24.4172487-04:00","0.019","107.3","178","533","17"
"2026-10-01T08:21:29.4252388-04:00","0.01","107.3","178","533","17"
"2026-10-01T08:21:34.4355681-04:00","0","107.3","178","533","17"
"2026-10-01T08:21:39.4407696-04:00","0.029","107.3","178","533","17"
"2026-10-01T08:21:44.4505907-04:00","0","107.3","178","533","17"
"2026-10-01T08:21:49.4578577-04:00","0.02","107.3","178","533","17"
"2026-10-01T08:21:54.4702123-04:00","0","107.3","178","533","17"
"2026-10-01T08:21:59.4826498-04:00","0.019","107.3","178","533","17"
"2026-10-01T08:22:04.4920142-04:00","0.019","107.3","178","533","17"
"2026-10-01T08:22:09.5066084-04:00","0.01","107.3","178","533","17"
"2026-10-01T08:22:14.5155507-04:00","0.01","107.3","178","533","17"
"2026-10-01T08:22:19.5230564-04:00","0.02","107.3","178","533","17"
"2026-10-01T08:22:24.5369998-04:00","0.01","107.3","178","533","17"
"2026-10-01T08:22:29.5529520-04:00","0.01","107.3","178","533","17"
"2026-10-01T08:22:34.5613362-04:00","0","107.3","178","533","17"
"2026-10-01T08:22:39.5811868-04:00","0.029","107.3","178","533","17"
"2026-10-01T08:22:44.5941808-04:00","0.01","107.3","178","533","17"
"2026-10-01T08:22:49.6069106-04:00","0.01","107.3","178","533","17"
"2026-10-01T08:22:54.6240687-04:00","0.01","107.3","178","533","17"
"2026-10-01T08:22:59.6359599-04:00","0.01","107.3","178","533","17"
"2026-10-01T08:23:04.6424706-04:00","0.02","107.3","178.1","536","18"
"2026-10-01T08:23:09.6531689-04:00","0.01","107.3","178.1","536","18"
"2026-10-01T08:23:14.6688110-04:00","0.019","107.3","178.1","536","18"
"2026-10-01T08:23:19.6798146-04:00","0.01","107.3","178.1","536","18"
"2026-10-01T08:23:24.6909933-04:00","0.01","108","178.8","536","17"
"2026-10-01T08:23:29.7275919-04:00","0","107.2","178","536","17"
"2026-10-01T08:23:34.7369667-04:00","0.01","107.2","178","536","17"
"2026-10-01T08:23:39.7482041-04:00","0.01","107.2","178","536","17"
"2026-10-01T08:23:44.7834466-04:00","0.019","107.2","178","536","17"
"2026-10-01T08:23:49.8002560-04:00","0.01","107.2","178","536","17"
"2026-10-01T08:23:54.8104182-04:00","0.01","107.2","178","536","17"
"2026-10-01T08:23:59.8188947-04:00","0","107.2","178","536","17"
"2026-10-01T08:24:04.8247443-04:00","0.029","107.2","178","536","17"
"2026-10-01T08:24:09.8375882-04:00","0","107.2","178","536","17"
"2026-10-01T08:24:14.8453298-04:00","0.02","107.2","178","536","17"
"2026-10-01T08:24:19.8540369-04:00","0.01","107.2","178","536","17"
"2026-10-01T08:24:24.8647494-04:00","0.01","107.2","178","536","17"
"2026-10-01T08:24:29.8752991-04:00","0.019","107.2","178","536","17"
"2026-10-01T08:24:34.8883759-04:00","0.019","107.2","178","536","17"
"2026-10-01T08:24:39.8965946-04:00","0","107.2","178","536","17"
"2026-10-01T08:24:44.9042610-04:00","0.029","107.2","178","536","17"
"2026-10-01T08:24:49.9169502-04:00","0.01","107.2","178","536","17"
"2026-10-01T08:24:54.9264882-04:00","0.01","107.2","178","536","17"
"2026-10-01T08:24:59.9423532-04:00","0.01","107.2","178","536","17"
"2026-10-01T08:25:04.9496239-04:00","0.02","107.2","178","536","17"
"2026-10-01T08:25:09.9572308-04:00","0","107.2","178","536","17"
"2026-10-01T08:25:14.9715792-04:00","0.019","107.2","178","536","17"
"2026-10-01T08:25:19.9782442-04:00","0.01","107.2","178","536","17"
"2026-10-01T08:25:24.9865405-04:00","0.01","107.2","178","536","17"
"2026-10-01T08:25:29.9981432-04:00","0.019","107.2","178","536","17"
"2026-10-01T08:25:35.0095556-04:00","0.019","107.2","178","536","17"
"2026-10-01T08:25:40.0241462-04:00","0.01","107.2","178","536","17"
"2026-10-01T08:25:45.0441495-04:00","0.01","107.2","178","536","17"
"2026-10-01T08:25:50.0542141-04:00","0.01","107.2","178","536","17"
"2026-10-01T08:25:55.0645765-04:00","0.01","107.2","178","536","17"
"2026-10-01T08:26:00.0757895-04:00","0.019","107.2","178","536","17"
"2026-10-01T08:26:05.0880259-04:00","0.01","107.2","178","536","17"
"2026-10-01T08:26:10.0973512-04:00","0","107.2","178","536","17"
"2026-10-01T08:26:15.1055265-04:00","0.019","107.2","178","536","17"
"2026-10-01T08:26:20.1147177-04:00","0","107.2","178","536","17"
"2026-10-01T08:26:25.1255127-04:00","0.019","107.2","178","536","17"
"2026-10-01T08:26:30.1447916-04:00","0.01","107.2","178","536","17"
"2026-10-01T08:26:35.1525064-04:00","0.02","107.2","178","536","17"
"2026-10-01T08:26:40.1621227-04:00","0","107.2","178","536","17"
"2026-10-01T08:26:45.1733858-04:00","0.01","107.2","178","536","17"
"2026-10-01T08:26:50.1827175-04:00","0.019","107.2","178","536","17"
"2026-10-01T08:26:55.1900552-04:00","0","107.2","178","536","17"
"2026-10-01T08:27:00.2009860-04:00","0.01","107.2","178","536","17"
"2026-10-01T08:27:05.2077350-04:00","0.02","107.2","178","536","17"
"2026-10-01T08:27:10.2191117-04:00","0.01","107.2","178","536","17"
"2026-10-01T08:27:15.2371784-04:00","0","107.2","178","536","17"
"2026-10-01T08:27:20.2476143-04:00","0.01","107.2","178","536","17"
"2026-10-01T08:27:25.2578401-04:00","0.019","107.2","178","536","17"
"2026-10-01T08:27:30.2679842-04:00","0","107.2","178","536","17"
"2026-10-01T08:27:35.2785510-04:00","0.019","107.2","178","536","17"
"2026-10-01T08:27:40.2989441-04:00","0.019","107.2","178","536","17"
"2026-10-01T08:27:45.3163794-04:00","0.029","107.2","178","536","17"
"2026-10-01T08:27:50.3236618-04:00","0","107.3","178.1","539","18"
"2026-10-01T08:27:55.3378281-04:00","0.01","107.3","178.1","539","18"
"2026-10-01T08:28:00.3472667-04:00","0.01","107.3","178.1","539","18"
"2026-10-01T08:28:05.3535635-04:00","0.02","107.3","178.1","539","18"
"2026-10-01T08:28:10.3694239-04:00","0.019","107.3","178","539","17"
"2026-10-01T08:28:15.3818775-04:00","0.019","107.3","178.1","542","18"
"2026-10-01T08:28:20.3891198-04:00","0","107.3","178.1","542","18"
"2026-10-01T08:28:25.4082312-04:00","0.019","107.3","178.1","542","18"
"2026-10-01T08:28:30.4149964-04:00","0.02","107.3","178.1","542","18"
"2026-10-01T08:28:35.4269426-04:00","0.01","107.3","178","542","17"
"2026-10-01T08:28:40.4398382-04:00","0.01","107.3","178","542","17"
"2026-10-01T08:28:45.4546417-04:00","0.01","107.3","178","542","17"
"2026-10-01T08:28:50.4600826-04:00","0.02","107.3","178","542","17"
"2026-10-01T08:28:55.4781580-04:00","0","107.3","178","542","17"
"2026-10-01T08:29:00.4924273-04:00","0.01","107.3","178","542","17"
"2026-10-01T08:29:05.5069271-04:00","0.01","107.3","178","542","17"
"2026-10-01T08:29:10.5166307-04:00","0","107.3","178","542","17"
"2026-10-01T08:29:15.5328580-04:00","0.019","107.3","178","542","17"
"2026-10-01T08:29:20.5435067-04:00","0.01","107.3","178","542","17"
"2026-10-01T08:29:25.5841633-04:00","0.019","107.3","178.1","545","18"
"2026-10-01T08:29:30.5921375-04:00","0","107.3","178.1","545","18"
"2026-10-01T08:29:35.6016188-04:00","0.01","107.3","178.1","545","18"
"2026-10-01T08:29:40.6155734-04:00","0.01","107.3","178.1","545","18"
"2026-10-01T08:29:45.6271769-04:00","0.01","107.2","178","545","17"
"2026-10-01T08:29:50.6348500-04:00","0.01","107.2","178","545","17"
"2026-10-01T08:29:55.6483643-04:00","0.019","107.2","178","545","17"
"2026-10-01T08:30:00.6590314-04:00","0.01","107.2","178","545","17"
"2026-10-01T08:30:05.6649661-04:00","0","107.2","178","545","17"
"2026-10-01T08:30:10.6750094-04:00","0.01","107.2","178","545","17"
"2026-10-01T08:30:15.6871572-04:00","0","107.2","178","545","17"
"2026-10-01T08:30:20.6960575-04:00","0.01","107.2","178","545","17"
"2026-10-01T08:30:25.7028011-04:00","0.02","107.2","178","545","17"
"2026-10-01T08:30:30.7100335-04:00","0.01","107.2","178","545","17"
"2026-10-01T08:30:35.7202945-04:00","0.019","107.2","178","545","17"
"2026-10-01T08:30:40.7297742-04:00","0.019","107.2","178","545","17"
"2026-10-01T08:30:45.7385518-04:00","0","107.2","178","545","17"
"2026-10-01T08:30:50.7495377-04:00","0.019","107.2","178","545","17"
"2026-10-01T08:30:55.7573098-04:00","0","107.2","178","545","17"
"2026-10-01T08:31:00.7725286-04:00","0.01","107.2","178","545","17"
"2026-10-01T08:31:05.7892354-04:00","0.01","107.2","178","545","17"
"2026-10-01T08:31:10.8031368-04:00","0.01","107.2","178","545","17"
"2026-10-01T08:31:15.8095270-04:00","0.01","107.3","178.1","548","18"
"2026-10-01T08:31:20.8193799-04:00","0.01","107.3","178.1","548","18"
"2026-10-01T08:31:25.8308112-04:00","0.01","107.3","178.1","548","18"
"2026-10-01T08:31:30.8402316-04:00","0.019","107.3","178.1","548","18"
"2026-10-01T08:31:35.8472180-04:00","0","107.3","178.1","548","18"
"2026-10-01T08:31:40.8542112-04:00","0.01","107.3","178.1","548","18"
"2026-10-01T08:31:45.8729886-04:00","0.019","107.3","178.1","548","18"
"2026-10-01T08:31:50.8821822-04:00","0.01","107.3","178.1","548","18"
"2026-10-01T08:31:55.8942269-04:00","0.01","107.3","178","548","17"
"2026-10-01T08:32:00.9045237-04:00","0.019","107.3","178","548","17"
"2026-10-01T08:32:05.9152236-04:00","0.01","107.3","178","548","17"
"2026-10-01T08:32:10.9249256-04:00","0.019","107.3","178.1","551","18"
"2026-10-01T08:32:15.9390573-04:00","0.019","107.3","178.1","551","18"
"2026-10-01T08:32:20.9590055-04:00","0","107.3","178.1","551","18"
"2026-10-01T08:32:25.9671282-04:00","0.019","107.3","178.1","551","18"
"2026-10-01T08:32:30.9729170-04:00","0","107.3","178","551","17"
"2026-10-01T08:32:35.9794322-04:00","0.01","107.3","178","551","17"
"2026-10-01T08:32:40.9872453-04:00","0.01","107.3","178","551","17"
"2026-10-01T08:32:45.9955629-04:00","0.019","107.3","178","551","17"
"2026-10-01T08:32:51.0049237-04:00","0.01","107.3","178","551","17"
"2026-10-01T08:32:56.0107830-04:00","0.02","107.3","178","551","17"
"2026-10-01T08:33:01.0213696-04:00","0.019","107.3","178","551","17"
"2026-10-01T08:33:06.0325225-04:00","0.01","107.3","178","551","17"
"2026-10-01T08:33:11.0484865-04:00","0.01","107.3","178.1","554","18"
"2026-10-01T08:33:16.0599464-04:00","0.019","107.3","178.1","554","18"
"2026-10-01T08:33:21.0712321-04:00","0.019","107.3","178.1","554","18"
"2026-10-01T08:33:26.0814623-04:00","0.01","107.3","178.1","554","18"
"2026-10-01T08:33:31.0878381-04:00","0.02","107.3","178","554","17"
"2026-10-01T08:33:36.0981390-04:00","0","107.3","178","554","17"
"2026-10-01T08:33:41.1088564-04:00","0.019","107.3","178","554","17"
"2026-10-01T08:33:46.1177820-04:00","0.01","107.3","178","554","17"
"2026-10-01T08:33:51.1261015-04:00","0.01","107.3","178","554","17"
"2026-10-01T08:33:56.1363449-04:00","0.01","107.3","178","554","17"
"2026-10-01T08:34:01.1464372-04:00","0.01","107.3","178","554","17"
"2026-10-01T08:34:06.1645760-04:00","0.019","107.3","178","554","17"
"2026-10-01T08:34:11.1727335-04:00","0","107.3","178","554","17"
"2026-10-01T08:34:16.1797552-04:00","0.02","107.3","178","554","17"
"2026-10-01T08:34:21.1889145-04:00","0.01","107.3","178","554","17"
"2026-10-01T08:34:26.2001749-04:00","0.019","107.3","178","554","17"
"2026-10-01T08:34:31.2091742-04:00","0.019","107.3","178","554","17"
"2026-10-01T08:34:36.2229561-04:00","0.01","107.3","178","554","17"
"2026-10-01T08:34:41.2386414-04:00","0.01","107.3","178","554","17"
"2026-10-01T08:34:46.2477042-04:00","0.01","107.3","178","554","17"
"2026-10-01T08:34:51.2599328-04:00","0.019","107.3","178","554","17"
"2026-10-01T08:34:56.2748381-04:00","0.01","107.3","178.1","557","18"
"2026-10-01T08:35:01.2936419-04:00","0.01","107.3","178.1","557","18"
"2026-10-01T08:35:06.3142225-04:00","0","107.3","178.1","557","18"
"2026-10-01T08:35:11.3202217-04:00","0.029","107.3","178.1","557","18"
"2026-10-01T08:35:16.3324364-04:00","0.01","107.3","178.1","557","18"
"2026-10-01T08:35:21.3547495-04:00","0.01","107.3","178.1","557","18"
"2026-10-01T08:35:26.3654868-04:00","0.01","107.3","178.1","557","18"
"2026-10-01T08:35:31.3719030-04:00","0.01","107.2","178","557","17"
"2026-10-01T08:35:36.3920648-04:00","0.01","107.2","178","557","17"
"2026-10-01T08:35:41.3998729-04:00","0.02","107.2","178","557","17"
"2026-10-01T08:35:46.4141226-04:00","0.01","107.2","178","557","17"
"2026-10-01T08:35:51.4257249-04:00","0.01","107.2","178","557","17"
"2026-10-01T08:35:56.4340772-04:00","0","107.2","178","557","17"
"2026-10-01T08:36:01.4443879-04:00","0.01","107.2","178","557","17"
"2026-10-01T08:36:06.4502287-04:00","0","107.2","178","557","17"
"2026-10-01T08:36:11.4602522-04:00","0.019","107.2","178","557","17"
"2026-10-01T08:36:16.4735200-04:00","0.01","107.2","178","557","17"
"2026-10-01T08:36:21.4797051-04:00","0","107.2","178","557","17"
"2026-10-01T08:36:26.4908631-04:00","0.01","107.2","178","557","17"
"2026-10-01T08:36:31.5012445-04:00","0.01","107.2","178","557","17"
"2026-10-01T08:36:36.5094253-04:00","0.01","107.2","178","557","17"
"2026-10-01T08:36:41.5191489-04:00","0.01","107.3","178.1","560","18"
"2026-10-01T08:36:46.5330185-04:00","0.01","107.3","178.1","560","18"
"2026-10-01T08:36:51.5394797-04:00","0.01","107.3","178.1","560","18"
"2026-10-01T08:36:56.5496619-04:00","0.019","107.3","178.1","560","18"
"2026-10-01T08:37:01.5658902-04:00","0.029","107.3","178.1","560","18"
"2026-10-01T08:37:06.5730819-04:00","0","107.3","178.1","560","18"
"2026-10-01T08:37:11.5835836-04:00","0.01","107.3","178","560","17"
"2026-10-01T08:37:16.5970973-04:00","0.01","107.3","178","560","17"
"2026-10-01T08:37:21.6034448-04:00","0.029","107.3","178","560","17"
"2026-10-01T08:37:26.6159112-04:00","0.01","107.3","178","560","17"
"2026-10-01T08:37:31.6286349-04:00","0.01","107.3","178","560","17"
"2026-10-01T08:37:36.6382412-04:00","0","107.3","178","560","17"
"2026-10-01T08:37:41.6580180-04:00","0.029","107.3","178","560","17"
"2026-10-01T08:37:46.6769427-04:00","0.029","107.3","178.1","563","18"
"2026-10-01T08:37:51.6842646-04:00","0.01","107.3","178.1","563","18"
"2026-10-01T08:37:56.7011556-04:00","0.029","107.3","178.1","563","18"
"2026-10-01T08:38:01.7148886-04:00","0","107.3","178.1","563","18"
"2026-10-01T08:38:06.7277348-04:00","0.01","107.3","178","563","17"
"2026-10-01T08:38:11.7554318-04:00","0.01","107.3","178","563","17"
"2026-10-01T08:38:16.7751569-04:00","0.01","107.3","178","563","17"
"2026-10-01T08:38:21.7825522-04:00","0.02","107.3","178.1","563","17"
"2026-10-01T08:38:26.8032516-04:00","0","107.4","178.1","524","17"
"2026-10-01T08:38:31.8218352-04:00","0.019","107.4","178.1","524","17"
"2026-10-01T08:38:36.8341658-04:00","0.019","107.4","178.1","524","17"
"2026-10-01T08:38:41.8493362-04:00","0.01","107.4","178.1","524","17"
"2026-10-01T08:38:46.8675965-04:00","0.01","107.4","178.1","524","17"
"2026-10-01T08:38:51.8801751-04:00","0.01","107.4","178.1","524","17"
"2026-10-01T08:38:56.8931468-04:00","0.019","107.4","178.1","524","17"
"2026-10-01T08:39:01.9109665-04:00","0","107.4","178.1","524","17"
"2026-10-01T08:39:06.9172763-04:00","0.029","107.4","178.1","524","17"
"2026-10-01T08:39:11.9308656-04:00","0.01","107.4","178.1","524","17"
"2026-10-01T08:39:16.9397889-04:00","0.01","107.4","178.1","524","17"
"2026-10-01T08:39:21.9493127-04:00","0.01","107.4","178.1","524","17"
"2026-10-01T08:39:26.9592370-04:00","0.01","107.4","178.1","524","17"
"2026-10-01T08:39:31.9681059-04:00","0.019","107.4","178.1","524","17"
"2026-10-01T08:39:36.9760409-04:00","0.01","107.4","178.1","524","17"
"2026-10-01T08:39:41.9832466-04:00","0.01","107.4","178.1","524","17"
"2026-10-01T08:39:46.9911997-04:00","0.01","107.4","178.1","524","17"
"2026-10-01T08:39:52.0020758-04:00","0.019","107.4","178.1","524","17"
"2026-10-01T08:39:57.0128454-04:00","0.019","107.4","178.1","524","17"
"2026-10-01T08:40:02.0232593-04:00","0","107.4","178.1","524","17"
"2026-10-01T08:40:07.0338677-04:00","0.01","107.4","178.1","524","17"
"2026-10-01T08:40:12.0420147-04:00","0.019","107.4","178.1","524","17"
"2026-10-01T08:40:17.0483763-04:00","0.01","107.4","178.1","524","17"
"2026-10-01T08:40:22.0580506-04:00","0.019","107.4","178.1","524","17"
"2026-10-01T08:40:27.0673480-04:00","0.01","107.4","178.1","524","17"
"2026-10-01T08:40:32.0871977-04:00","0.019","107.4","178.1","524","17"
"2026-10-01T08:40:37.1021656-04:00","0.019","107.4","178.1","524","17"
"2026-10-01T08:40:42.1197196-04:00","0.019","107.4","178.1","524","17"
"2026-10-01T08:40:47.1432061-04:00","0.01","107.4","178.1","524","17"
"2026-10-01T08:40:52.1545006-04:00","0.01","107.4","178.1","524","17"
"2026-10-01T08:40:57.1642144-04:00","0.01","107.4","178.1","524","17"
"2026-10-01T08:41:02.1801165-04:00","0.01","107.4","178.1","524","17"
"2026-10-01T08:41:07.1879562-04:00","0.01","107.4","178.1","524","17"
"2026-10-01T08:41:12.1981262-04:00","0.019","107.4","178.1","524","17"
"2026-10-01T08:41:17.2087521-04:00","0.01","107.4","178.1","524","17"
"2026-10-01T08:41:22.2150040-04:00","0.01","107.4","178.1","524","17"
"2026-10-01T08:41:27.2357171-04:00","0.01","107.4","178.1","524","17"
"2026-10-01T08:41:32.2461037-04:00","0.01","107.4","178.1","524","17"
"2026-10-01T08:41:37.2636226-04:00","0","107.4","178.1","524","17"
"2026-10-01T08:41:42.2778636-04:00","0.019","107.4","178.1","524","17"
"2026-10-01T08:41:47.2875507-04:00","0.019","107.4","178.1","524","17"
"2026-10-01T08:41:52.2970235-04:00","0.01","107.4","178.1","524","17"
"2026-10-01T08:41:57.3038374-04:00","0.029","107.4","178.1","524","17"
"2026-10-01T08:42:02.3129595-04:00","0","107.4","178.1","524","17"
"2026-10-01T08:42:07.3196110-04:00","0.029","107.4","178.1","524","17"
"2026-10-01T08:42:12.3310338-04:00","0","107.4","178.1","524","17"
"2026-10-01T08:42:17.3418610-04:00","0.01","107.4","178.1","524","17"
"2026-10-01T08:42:22.3540038-04:00","0.019","107.4","178.1","524","17"
"2026-10-01T08:42:27.3650414-04:00","0.019","107.4","178.1","524","17"
"2026-10-01T08:42:32.3775507-04:00","0","107.4","178.1","524","17"
"2026-10-01T08:42:37.3910001-04:00","0.019","107.4","178.1","524","17"
"2026-10-01T08:42:42.4133932-04:00","0.019","107.4","178.1","524","17"
"2026-10-01T08:42:47.4251862-04:00","0.019","107.4","178.1","524","17"
"2026-10-01T08:42:52.4332967-04:00","0.01","107.4","178.1","524","17"
"2026-10-01T08:42:57.4439831-04:00","0.01","107.4","178.1","524","17"
"2026-10-01T08:43:02.4542350-04:00","0","107.4","178.1","524","17"
"2026-10-01T08:43:07.4648273-04:00","0.01","107.4","178.1","524","17"
"2026-10-01T08:43:12.4852256-04:00","0.019","107.4","178.1","524","17"
"2026-10-01T08:43:17.4977508-04:00","0.01","107.4","178.1","524","17"
"2026-10-01T08:43:22.5077739-04:00","0.019","107.4","178.1","524","17"
"2026-10-01T08:43:27.5176746-04:00","0.01","107.4","178.1","524","17"
"2026-10-01T08:43:32.5254309-04:00","0.01","107.4","178.1","524","17"
"2026-10-01T08:43:37.5528892-04:00","0.019","107.4","178.1","524","17"
"2026-10-01T08:43:42.5704880-04:00","0.01","107.4","178.1","524","17"
"2026-10-01T08:43:47.5863954-04:00","0.019","107.4","178.1","524","17"
"2026-10-01T08:43:52.5983389-04:00","0.01","107.4","178.1","524","17"
"2026-10-01T08:43:57.6111636-04:00","0.01","107.4","178.1","524","17"
"2026-10-01T08:44:02.6191733-04:00","0.01","107.4","178.1","524","17"
"2026-10-01T08:44:07.6251078-04:00","0.02","107.4","178.1","524","17"
"2026-10-01T08:44:12.6400390-04:00","0","107.4","178.1","524","17"
"2026-10-01T08:44:17.6554590-04:00","0.019","107.4","178.1","524","17"
"2026-10-01T08:44:22.6631679-04:00","0.01","107.4","178.1","524","17"
"2026-10-01T08:44:27.6765838-04:00","0","107.4","178.1","524","17"
"2026-10-01T08:44:32.6857055-04:00","0","108.2","178.9","524","17"
"2026-10-01T08:44:37.6925509-04:00","0.02","107.4","178.1","524","17"
"2026-10-01T08:44:42.6993390-04:00","0.01","107.4","178.1","524","17"
"2026-10-01T08:44:47.7083218-04:00","0.01","107.4","178.1","524","17"
"2026-10-01T08:44:52.7197977-04:00","0.01","107.4","178.1","524","17"
"2026-10-01T08:44:57.7338107-04:00","0.019","107.4","178.1","524","17"
"2026-10-01T08:45:02.7417954-04:00","0","107.4","178.1","524","17"
"2026-10-01T08:45:07.7541401-04:00","0.01","107.4","178.1","524","17"
"2026-10-01T08:45:12.7671372-04:00","0.01","107.4","178.1","524","17"
"2026-10-01T08:45:17.7788585-04:00","0.01","107.4","178.1","524","17"
"2026-10-01T08:45:22.7903821-04:00","0.019","107.4","178.1","524","17"
"2026-10-01T08:45:27.7992649-04:00","0.019","107.4","178.1","524","17"
"2026-10-01T08:45:32.8163958-04:00","0.01","107.4","178.1","524","17"
"2026-10-01T08:45:37.8271129-04:00","0.01","107.4","178.1","524","17"
"2026-10-01T08:45:42.8353402-04:00","0.01","107.4","178.1","524","17"
"2026-10-01T08:45:47.8456410-04:00","0.01","107.4","178.1","524","17"
"2026-10-01T08:45:52.8525461-04:00","0.01","107.4","178.1","524","17"
"2026-10-01T08:45:57.8650865-04:00","0.01","107.4","178.1","524","17"
"2026-10-01T08:46:02.8704945-04:00","0.01","107.4","178.1","524","17"
"2026-10-01T08:46:07.8839443-04:00","0","107.5","178.1","527","18"
"2026-10-01T08:46:12.8996523-04:00","0.019","107.5","178.1","527","18"
"2026-10-01T08:46:17.9124361-04:00","0","107.5","178.1","527","18"
"2026-10-01T08:46:22.9243287-04:00","0.01","107.5","178.1","527","18"
"2026-10-01T08:46:27.9345034-04:00","0.019","107.4","178.1","527","17"
"2026-10-01T08:46:32.9544767-04:00","0","107.4","178.1","527","17"
"2026-10-01T08:46:37.9616744-04:00","0","107.4","178.1","527","17"
"2026-10-01T08:46:42.9675569-04:00","0.02","107.4","178.1","527","17"
"2026-10-01T08:46:47.9764823-04:00","0","107.4","178.1","527","17"
"2026-10-01T08:46:52.9832317-04:00","0.02","107.4","178.1","527","17"
"2026-10-01T08:46:57.9959918-04:00","0.019","107.4","178.1","527","17"
"2026-10-01T08:47:03.0053665-04:00","0.01","107.4","178.1","527","17"
"2026-10-01T08:47:08.0110405-04:00","0.02","107.4","178.1","527","17"
"2026-10-01T08:47:13.0198963-04:00","0","107.4","178.1","527","17"
"2026-10-01T08:47:18.0293016-04:00","0.019","107.4","178.1","527","17"
"2026-10-01T08:47:23.0411824-04:00","0.019","107.4","178.1","527","17"
"2026-10-01T08:47:28.0512649-04:00","0","107.4","178.1","527","17"
"2026-10-01T08:47:33.0658174-04:00","0.01","107.4","178.1","527","17"
"2026-10-01T08:47:38.0730458-04:00","0.01","107.4","178.1","527","17"
"2026-10-01T08:47:43.0843874-04:00","0.01","107.4","178.1","527","17"
"2026-10-01T08:47:48.0915392-04:00","0.01","107.4","178.1","527","17"
"2026-10-01T08:47:53.1118886-04:00","0","107.4","178.1","527","17"
"2026-10-01T08:47:58.1181084-04:00","0.01","107.4","178.1","527","17"
"2026-10-01T08:48:03.1278087-04:00","0.01","107.4","178.1","527","17"
"2026-10-01T08:48:08.1419864-04:00","0.01","107.4","178.1","527","17"
"2026-10-01T08:48:13.1489739-04:00","0.02","107.4","178.1","527","17"
"2026-10-01T08:48:18.1584773-04:00","0.01","107.4","178.1","527","17"
"2026-10-01T08:48:23.1703302-04:00","0.019","107.4","178.1","527","17"
"2026-10-01T08:48:28.1889124-04:00","0.01","107.4","178.1","527","17"
"2026-10-01T08:48:33.2022951-04:00","0.019","107.4","178.1","527","17"
"2026-10-01T08:48:38.2135544-04:00","0.01","107.4","178.1","527","17"
"2026-10-01T08:48:43.2214399-04:00","0.01","107.4","178.1","527","17"
"2026-10-01T08:48:48.2312716-04:00","0.01","107.4","178.1","527","17"
"2026-10-01T08:48:53.2396750-04:00","0.019","107.4","178.1","527","17"
"2026-10-01T08:48:58.2463083-04:00","0.02","107.4","178.1","527","17"
"2026-10-01T08:49:03.2518489-04:00","0.01","107.4","178.1","527","17"
"2026-10-01T08:49:08.2577724-04:00","0.02","107.4","178.1","527","17"
"2026-10-01T08:49:13.2773923-04:00","0.01","107.4","178.1","527","17"
"2026-10-01T08:49:18.2860714-04:00","0.01","107.4","178.1","527","17"
"2026-10-01T08:49:23.2947500-04:00","0.01","107.5","178.1","530","18"
"2026-10-01T08:49:28.3045281-04:00","0.01","107.5","178.1","530","18"
"2026-10-01T08:49:33.3235894-04:00","0.01","107.5","178.1","530","18"
"2026-10-01T08:49:38.3406750-04:00","0.019","107.5","178.1","530","18"
"2026-10-01T08:49:43.3532141-04:00","0.019","107.4","178.1","530","17"
"2026-10-01T08:49:48.3661233-04:00","0.01","107.4","178.1","530","17"
"2026-10-01T08:49:53.3779690-04:00","0.01","107.4","178.1","530","17"
"2026-10-01T08:49:58.3863290-04:00","0.01","107.4","178.1","530","17"
"2026-10-01T08:50:03.3954025-04:00","0.01","107.4","178.1","530","17"
"2026-10-01T08:50:08.4017103-04:00","0","107.4","178.1","530","17"
"2026-10-01T08:50:13.4095840-04:00","0.02","107.4","178.1","530","17"
"2026-10-01T08:50:18.4165450-04:00","0.01","107.4","178.1","530","17"
"2026-10-01T08:50:23.4316095-04:00","0.019","107.4","178.1","530","17"
"2026-10-01T08:50:28.4512008-04:00","0.01","107.4","178.1","530","17"
"2026-10-01T08:50:33.4591308-04:00","0.029","107.4","178.1","530","17"
"2026-10-01T08:50:38.4696171-04:00","0.01","107.4","178.1","530","17"
"2026-10-01T08:50:43.4796727-04:00","0.01","107.4","178.1","530","17"
"2026-10-01T08:50:48.4970547-04:00","0.01","107.4","178.1","530","17"
"2026-10-01T08:50:53.5084489-04:00","0.01","107.4","178.1","530","17"
"2026-10-01T08:50:58.5252356-04:00","0.01","107.4","178.1","530","17"
"2026-10-01T08:51:03.5328084-04:00","0.02","107.4","178.1","530","17"
"2026-10-01T08:51:08.5523248-04:00","0.019","107.4","178.1","530","17"
"2026-10-01T08:51:13.5611339-04:00","0.01","107.4","178.1","530","17"
"2026-10-01T08:51:18.5740672-04:00","0.01","107.4","178.1","530","17"
"2026-10-01T08:51:23.5819467-04:00","0.02","107.4","178.1","530","17"
"2026-10-01T08:51:28.5957071-04:00","0","107.4","178.1","530","17"
"2026-10-01T08:51:33.6031599-04:00","0.01","107.4","178.1","530","17"
"2026-10-01T08:51:38.6135764-04:00","0.019","107.4","178.1","530","17"
"2026-10-01T08:51:43.6223313-04:00","0","107.4","178.1","530","17"
"2026-10-01T08:51:48.6375028-04:00","0.01","107.4","178.1","530","17"
"2026-10-01T08:51:53.6462928-04:00","0.039","107.4","178.1","530","17"
"2026-10-01T08:51:58.6520057-04:00","0","107.4","178.1","530","17"
"2026-10-01T08:52:03.6642901-04:00","0.019","107.4","178.1","530","17"
"2026-10-01T08:52:08.6713890-04:00","0.01","107.4","178.1","530","17"
"2026-10-01T08:52:13.6803828-04:00","0.01","107.4","178.1","530","17"
"2026-10-01T08:52:18.7006748-04:00","0.019","107.4","178.1","530","17"
"2026-10-01T08:52:23.7270501-04:00","0","107.4","178.1","530","17"
"2026-10-01T08:52:28.7416714-04:00","0.019","107.4","178.1","530","17"
"2026-10-01T08:52:33.7618549-04:00","0.019","107.4","178.1","530","17"
"2026-10-01T08:52:38.7710986-04:00","0.01","107.4","178.1","530","17"
"2026-10-01T08:52:43.7828284-04:00","0.01","107.4","178.1","530","17"
"2026-10-01T08:52:48.7904258-04:00","0.01","107.4","178.1","530","17"
"2026-10-01T08:52:53.8105624-04:00","0.019","107.4","178.1","530","17"
"2026-10-01T08:52:58.8190053-04:00","0","107.4","178.1","530","17"
"2026-10-01T08:53:03.8254152-04:00","0.02","107.4","178.1","530","17"
"2026-10-01T08:53:08.8375428-04:00","0.01","107.4","178.1","530","17"
"2026-10-01T08:53:13.8501746-04:00","0.01","107.4","178.1","530","17"
"2026-10-01T08:53:18.8568741-04:00","0.029","107.4","178.1","530","17"
"2026-10-01T08:53:23.8651589-04:00","0","107.4","178.1","530","17"
"2026-10-01T08:53:28.8709097-04:00","0.02","107.4","178.1","530","17"
"2026-10-01T08:53:33.8853902-04:00","0","107.4","178.1","530","17"
"2026-10-01T08:53:38.8944585-04:00","0.019","107.4","178.1","530","17"
"2026-10-01T08:53:43.9089090-04:00","0.01","107.4","178.1","530","17"
"2026-10-01T08:53:48.9184398-04:00","0.019","107.4","178.1","530","17"
"2026-10-01T08:53:53.9331244-04:00","0.01","107.4","178.1","530","17"
"2026-10-01T08:53:58.9435416-04:00","0.01","107.4","178.1","530","17"
"2026-10-01T08:54:03.9491482-04:00","0.02","107.4","178.1","530","17"
"2026-10-01T08:54:08.9587514-04:00","0.01","107.4","178.1","530","17"
"2026-10-01T08:54:13.9794877-04:00","0.019","107.4","178.1","530","17"
"2026-10-01T08:54:18.9900638-04:00","0","107.4","178.1","533","18"
"2026-10-01T08:54:23.9973114-04:00","0.02","107.4","178.1","533","18"
"2026-10-01T08:54:29.0081202-04:00","0.01","107.4","178.1","533","18"
"2026-10-01T08:54:34.0132772-04:00","0.02","107.4","178.1","533","18"
"2026-10-01T08:54:39.0237399-04:00","0.01","107.4","178.1","533","18"
"2026-10-01T08:54:44.0361780-04:00","0","107.4","178.1","533","18"
"2026-10-01T08:54:49.0438725-04:00","0.029","107.4","178.1","533","18"
"2026-10-01T08:54:54.0504480-04:00","0","107.4","178.1","533","18"
"2026-10-01T08:54:59.0606273-04:00","0.019","107.4","178.1","533","17"
"2026-10-01T08:55:04.0731803-04:00","0.01","107.4","178.1","533","17"
"2026-10-01T08:55:09.0865608-04:00","0.019","107.4","178.1","533","17"
"2026-10-01T08:55:14.1162685-04:00","0","107.4","178.1","533","17"
"2026-10-01T08:55:19.1305394-04:00","0.01","107.4","178.1","533","17"
"2026-10-01T08:55:24.1381509-04:00","0.02","107.4","178.1","533","17"
"2026-10-01T08:55:29.1445107-04:00","0.01","107.4","178.1","533","17"
"2026-10-01T08:55:34.1512673-04:00","0.02","107.4","178.1","533","17"
"2026-10-01T08:55:39.1582133-04:00","0","107.4","178.1","533","17"
"2026-10-01T08:55:44.1788836-04:00","0.019","107.4","178.1","533","17"
"2026-10-01T08:55:49.1908194-04:00","0.019","107.4","178.1","533","17"
"2026-10-01T08:55:54.2030103-04:00","0.01","107.4","178.1","533","17"
"2026-10-01T08:55:59.2094959-04:00","0.02","107.4","178.1","533","17"
"2026-10-01T08:56:04.2189147-04:00","0.01","107.4","178.1","533","17"
"2026-10-01T08:56:09.2362711-04:00","0","107.4","178.1","533","17"
"2026-10-01T08:56:14.2565818-04:00","0.019","107.4","178.1","533","17"
"2026-10-01T08:56:19.2628758-04:00","0.01","107.4","178.1","533","17"
"2026-10-01T08:56:24.2695047-04:00","0.01","107.4","178.1","533","17"
"2026-10-01T08:56:29.2770329-04:00","0.01","107.4","178.1","533","17"
"2026-10-01T08:56:34.2944061-04:00","0","107.4","178.1","533","17"
"2026-10-01T08:56:39.3031065-04:00","0.019","107.4","178.1","533","17"
"2026-10-01T08:56:44.3115130-04:00","0.01","107.4","178.1","533","17"
"2026-10-01T08:56:49.3296911-04:00","0","107.4","178.1","533","17"
"2026-10-01T08:56:54.3475536-04:00","0.019","107.4","178.1","533","17"
"2026-10-01T08:56:59.3615508-04:00","0.01","107.4","178.1","533","17"
"2026-10-01T08:57:04.3685764-04:00","0.01","107.4","178.1","533","17"
"2026-10-01T08:57:09.3771479-04:00","0.01","107.4","178.1","533","17"
"2026-10-01T08:57:14.3879243-04:00","0.01","107.4","178.1","533","17"
"2026-10-01T08:57:19.4001290-04:00","0.01","107.4","178.1","533","17"
"2026-10-01T08:57:24.4264970-04:00","0.01","107.4","178.1","533","17"
"2026-10-01T08:57:29.4392619-04:00","0.01","107.4","178.1","533","17"
"2026-10-01T08:57:34.4499316-04:00","0","107.4","178.1","533","17"
"2026-10-01T08:57:39.4635336-04:00","0.01","107.4","178.1","533","17"
"2026-10-01T08:57:44.4729918-04:00","0","107.4","178.1","533","17"
"2026-10-01T08:57:49.5108827-04:00","0.01","107.4","178.1","533","17"
"2026-10-01T08:57:54.5213777-04:00","0.01","107.4","178.1","533","17"
"2026-10-01T08:57:59.5287433-04:00","0.01","107.4","178.1","533","17"
"2026-10-01T08:58:04.5413060-04:00","0.019","107.4","178.1","533","17"
"2026-10-01T08:58:09.5513040-04:00","0.019","107.4","178.1","533","17"
"2026-10-01T08:58:14.5639750-04:00","0.01","107.4","178.1","533","17"
"2026-10-01T08:58:19.5707364-04:00","0.01","107.4","178.1","533","17"
"2026-10-01T08:58:24.5802808-04:00","0","107.4","178.1","536","18"
"2026-10-01T08:58:29.5850126-04:00","0.02","107.4","178.1","536","18"
"2026-10-01T08:58:34.5970480-04:00","0.01","107.4","178.1","536","18"
"2026-10-01T08:58:39.6095345-04:00","0.019","107.4","178.1","536","18"
"2026-10-01T08:58:44.6179631-04:00","0.01","107.4","178.1","536","17"
"2026-10-01T08:58:49.6290311-04:00","0.019","107.4","178.1","536","17"
"2026-10-01T08:58:54.6363584-04:00","0","107.4","178.1","536","17"
"2026-10-01T08:58:59.6474873-04:00","0.019","107.4","178.1","536","17"
"2026-10-01T08:59:04.6549013-04:00","0","107.4","178.1","536","17"
"2026-10-01T08:59:09.6681687-04:00","0.01","107.4","178.1","536","17"
"2026-10-01T08:59:14.6771819-04:00","0.01","107.4","178.1","536","17"
"2026-10-01T08:59:19.6914322-04:00","0.019","107.4","178.1","536","17"
"2026-10-01T08:59:24.7019563-04:00","0.019","107.4","178.1","536","17"
"2026-10-01T08:59:29.7131627-04:00","0","107.4","178.1","536","17"
"2026-10-01T08:59:34.7223038-04:00","0.019","107.4","178.1","536","17"
"2026-10-01T08:59:39.7361417-04:00","0.01","107.4","178.1","536","17"
"2026-10-01T08:59:44.7542159-04:00","0.01","107.4","178.1","536","17"
"2026-10-01T08:59:49.7696119-04:00","0.01","107.4","178.1","536","17"
"2026-10-01T08:59:54.7815195-04:00","0.019","107.4","178.1","536","17"
"2026-10-01T08:59:59.8008860-04:00","0.01","107.4","178.1","536","17"
"2026-10-01T09:00:04.8140344-04:00","0.01","107.4","178.1","536","17"
"2026-10-01T09:00:09.8229913-04:00","0","107.4","178.1","536","17"
"2026-10-01T09:00:14.8325243-04:00","0.01","107.4","178.1","536","17"
"2026-10-01T09:00:19.8425836-04:00","0.01","107.4","178.1","536","17"
"2026-10-01T09:00:24.8526788-04:00","0.01","107.4","178.1","536","17"
"2026-10-01T09:00:29.8660628-04:00","0.01","107.4","178.1","536","17"
"2026-10-01T09:00:34.8807851-04:00","0.01","107.4","178.1","536","17"
"2026-10-01T09:00:39.8965716-04:00","0.01","107.4","178.1","536","17"
"2026-10-01T09:00:44.9089261-04:00","0.019","107.4","178.1","536","17"
"2026-10-01T09:00:49.9182153-04:00","0.01","107.4","178.1","536","17"
"2026-10-01T09:00:54.9238840-04:00","0.01","107.4","178.1","536","17"
"2026-10-01T09:00:59.9444809-04:00","0.01","107.4","178.1","536","17"
"2026-10-01T09:01:04.9576267-04:00","0.01","107.4","178.1","536","17"
"2026-10-01T09:01:09.9671340-04:00","0.019","107.4","178.1","536","17"
"2026-10-01T09:01:14.9814415-04:00","0.01","107.4","178.1","536","17"
"2026-10-01T09:01:19.9873016-04:00","0","107.4","178.1","536","17"
"2026-10-01T09:01:25.0041832-04:00","0.01","107.4","178.1","536","17"
"2026-10-01T09:01:30.0227587-04:00","0.019","107.4","178.1","536","17"
"2026-10-01T09:01:35.0345923-04:00","0.01","107.4","178.1","536","17"
"2026-10-01T09:01:40.0433342-04:00","0.019","107.4","178.1","536","17"
"2026-10-01T09:01:45.0558623-04:00","0.01","107.4","178.1","536","17"
"2026-10-01T09:01:50.0659655-04:00","0","107.4","178.1","536","17"
"2026-10-01T09:01:55.0771861-04:00","0.019","107.4","178.1","536","17"
"2026-10-01T09:02:00.0861928-04:00","0.01","107.4","178.1","536","17"
"2026-10-01T09:02:05.0964202-04:00","0.01","107.4","178.1","536","17"
"2026-10-01T09:02:10.1083448-04:00","0.01","107.4","178.1","536","17"
"2026-10-01T09:02:15.1200488-04:00","0.019","107.4","178.1","536","17"
"2026-10-01T09:02:20.1279233-04:00","0","107.4","178.1","536","17"
"2026-10-01T09:02:25.1387551-04:00","0.01","107.4","178.1","536","17"
"2026-10-01T09:02:30.1478938-04:00","0","107.4","178.1","536","17"
"2026-10-01T09:02:35.1627569-04:00","0.019","107.4","178.1","536","17"
"2026-10-01T09:02:40.1711690-04:00","0.01","107.4","178.1","536","17"
"2026-10-01T09:02:45.1831165-04:00","0.01","107.4","178.1","536","17"
"2026-10-01T09:02:50.1891429-04:00","0","107.4","178.1","536","17"
"2026-10-01T09:02:55.2004328-04:00","0.019","107.4","178.1","536","17"
"2026-10-01T09:03:00.2104976-04:00","0.01","107.4","178.1","536","17"
"2026-10-01T09:03:05.2190612-04:00","0.019","107.4","178.1","536","17"
"2026-10-01T09:03:10.2263441-04:00","0.02","107.4","178.1","536","17"
"2026-10-01T09:03:15.2378921-04:00","0.019","107.4","178.1","536","17"
"2026-10-01T09:03:20.2494106-04:00","0.01","107.4","178.1","536","17"
"2026-10-01T09:03:25.2601381-04:00","0","107.4","178.1","536","17"
"2026-10-01T09:03:30.3024572-04:00","0","107.4","178.1","536","17"
"2026-10-01T09:03:35.3140748-04:00","0","107.4","178.1","536","17"
"2026-10-01T09:03:40.3211425-04:00","0.01","107.4","178.1","536","17"
"2026-10-01T09:03:45.3270818-04:00","0","107.4","178.1","536","17"
"2026-10-01T09:03:50.3339146-04:00","0.01","107.4","178.1","536","17"
"2026-10-01T09:03:55.3443405-04:00","0.01","107.4","178.1","536","17"
"2026-10-01T09:04:00.3548845-04:00","0.01","107.4","178.1","536","17"
"2026-10-01T09:04:05.3656213-04:00","0.019","107.4","178.1","536","17"
"2026-10-01T09:04:10.3808476-04:00","0.01","107.4","178.1","536","17"
"2026-10-01T09:04:15.3918580-04:00","0.01","107.4","178.1","536","17"
"2026-10-01T09:04:20.3974714-04:00","0.02","107.4","178.1","536","17"
"2026-10-01T09:04:25.4076123-04:00","0.01","107.4","178.1","536","17"
"2026-10-01T09:04:30.4195940-04:00","0.01","107.4","178.1","536","17"
"2026-10-01T09:04:35.4263526-04:00","0.029","107.4","178.1","539","18"
"2026-10-01T09:04:40.4403209-04:00","0.01","107.4","178.1","539","18"
"2026-10-01T09:04:45.4518732-04:00","0.01","107.4","178.1","539","18"
"2026-10-01T09:04:50.4635275-04:00","0.01","107.4","178.1","539","18"
"2026-10-01T09:04:55.4777316-04:00","0.01","107.4","178.1","539","17"
"2026-10-01T09:05:00.4894278-04:00","0.01","107.4","178.1","539","17"
"2026-10-01T09:05:05.5069657-04:00","0.01","107.4","178.1","539","17"
"2026-10-01T09:05:10.5207978-04:00","0.01","107.4","178.1","539","17"
"2026-10-01T09:05:15.5296916-04:00","0","107.4","178.1","539","17"
"2026-10-01T09:05:20.5361512-04:00","0.01","107.4","178.1","539","17"
"2026-10-01T09:05:25.5464638-04:00","0","107.4","178.1","542","18"
"2026-10-01T09:05:30.5584148-04:00","0.01","107.4","178.1","542","18"
"2026-10-01T09:05:35.5704480-04:00","0.01","107.4","178.1","542","18"
"2026-10-01T09:05:40.5808328-04:00","0.01","107.4","178.1","542","18"
"2026-10-01T09:05:45.5928004-04:00","0.029","107.4","178.1","542","17"
"2026-10-01T09:05:50.6002067-04:00","0.02","107.4","178.1","542","17"
"2026-10-01T09:05:55.6107055-04:00","0.01","107.4","178.1","542","17"
"2026-10-01T09:06:00.6229637-04:00","0","107.4","178.1","542","17"
"2026-10-01T09:06:05.6293180-04:00","0.02","107.4","178.1","542","17"
"2026-10-01T09:06:10.6395847-04:00","0","107.4","178.1","542","17"
"2026-10-01T09:06:15.6531746-04:00","0.019","107.4","178.1","542","17"
"2026-10-01T09:06:20.6954746-04:00","0.01","108.2","178.9","545","18"
"2026-10-01T09:06:25.7060735-04:00","0.019","107.4","178.1","545","18"
"2026-10-01T09:06:30.7173940-04:00","0.01","107.4","178.1","545","18"
"2026-10-01T09:06:35.7264715-04:00","0.01","107.4","178.1","545","18"
"2026-10-01T09:06:40.7372497-04:00","0.019","107.4","178.1","545","18"
"2026-10-01T09:06:45.7535579-04:00","0.01","107.4","178.1","545","18"
"2026-10-01T09:06:50.7638342-04:00","0.01","107.4","178.1","545","18"
"2026-10-01T09:06:55.7741755-04:00","0","107.4","178.1","545","17"
"2026-10-01T09:07:00.7859567-04:00","0.01","107.4","178.1","545","17"
"2026-10-01T09:07:05.7941073-04:00","0.01","107.4","178.1","545","17"
"2026-10-01T09:07:10.8033949-04:00","0.01","107.4","178.1","545","17"
"2026-10-01T09:07:15.8127672-04:00","0.019","107.4","178.1","545","17"
"2026-10-01T09:07:20.8270384-04:00","0.019","107.4","178.1","545","17"
"2026-10-01T09:07:25.8423154-04:00","0.01","107.4","178.1","545","17"
"2026-10-01T09:07:30.8551900-04:00","0.019","107.4","178.1","545","17"
"2026-10-01T09:07:35.8625398-04:00","0.01","107.4","178.1","545","17"
"2026-10-01T09:07:40.8737464-04:00","0.019","107.4","178.1","545","17"
"2026-10-01T09:07:45.8823888-04:00","0","107.4","178.1","545","17"
"2026-10-01T09:07:50.8972496-04:00","0.019","107.4","178.1","545","17"
"2026-10-01T09:07:55.9041518-04:00","0.01","107.4","178.1","545","17"
"2026-10-01T09:08:00.9129799-04:00","0.01","107.4","178.1","545","17"
"2026-10-01T09:08:05.9199598-04:00","0.02","107.4","178.1","545","17"
"2026-10-01T09:08:10.9339708-04:00","0.01","107.4","178.1","545","17"
"2026-10-01T09:08:15.9451008-04:00","0","107.4","178.1","545","17"
"2026-10-01T09:08:20.9540030-04:00","0.019","107.4","178.1","545","17"
"2026-10-01T09:08:25.9615568-04:00","0","107.4","178.1","545","17"
"2026-10-01T09:08:30.9753387-04:00","0.01","107.4","178.1","545","17"
"2026-10-01T09:08:35.9899213-04:00","0.01","107.4","178.1","545","17"
"2026-10-01T09:08:41.0030253-04:00","0.019","107.4","178.1","548","18"
"2026-10-01T09:08:46.0135944-04:00","0.019","107.4","178.1","548","18"
"2026-10-01T09:08:51.0187879-04:00","0","107.4","178.1","548","18"
"2026-10-01T09:08:56.0289883-04:00","0.01","107.4","178.1","548","18"
"2026-10-01T09:09:01.0418121-04:00","0.019","107.4","178.1","548","17"
"2026-10-01T09:09:06.0494290-04:00","0","107.4","178.1","548","17"
"2026-10-01T09:09:11.0912392-04:00","0.019","107.4","178.1","548","17"
"2026-10-01T09:09:16.1087933-04:00","0.019","107.4","178.1","548","17"
"2026-10-01T09:09:21.1199202-04:00","0.019","107.4","178.1","548","17"
"2026-10-01T09:09:26.1328571-04:00","0.01","107.4","178.1","548","17"
"2026-10-01T09:09:31.1453743-04:00","0.019","107.4","178.1","548","17"
"2026-10-01T09:09:36.1527424-04:00","0.02","107.4","178.1","548","17"
"2026-10-01T09:09:41.1697986-04:00","0","107.4","178.1","548","17"
"2026-10-01T09:09:46.1783958-04:00","0.01","107.4","178.1","548","17"
"2026-10-01T09:09:51.1860962-04:00","0.01","107.4","178.1","548","17"
"2026-10-01T09:09:56.1925380-04:00","0.02","107.4","178.1","548","17"
"2026-10-01T09:10:01.1981423-04:00","0.01","107.4","178.1","548","17"
"2026-10-01T09:10:06.2068626-04:00","0","107.4","178.1","548","17"
"2026-10-01T09:10:11.2150877-04:00","0.019","107.4","178.1","551","18"
"2026-10-01T09:10:16.2304628-04:00","0","107.4","178.1","551","18"
"2026-10-01T09:10:21.2484355-04:00","0.01","107.4","178.1","551","18"
"2026-10-01T09:10:26.2599285-04:00","0","107.4","178.1","551","18"
"2026-10-01T09:10:31.2712023-04:00","0.01","107.4","178.1","551","17"
"2026-10-01T09:10:36.2801823-04:00","0","107.4","178.1","551","17"
"2026-10-01T09:10:41.2860813-04:00","0.02","107.4","178.1","554","18"
"2026-10-01T09:10:46.2965219-04:00","0","107.4","178.1","554","18"
"2026-10-01T09:10:51.3034617-04:00","0.02","107.4","178.1","554","18"
"2026-10-01T09:10:56.3125274-04:00","0","107.4","178.1","554","18"
"2026-10-01T09:11:01.3216665-04:00","0.019","107.4","178.1","554","17"
"2026-10-01T09:11:06.3300722-04:00","0","107.4","178.1","554","17"
"2026-10-01T09:11:11.3503820-04:00","0.029","107.4","178.1","554","17"
"2026-10-01T09:11:16.3620483-04:00","0","107.4","178.1","554","17"
"2026-10-01T09:11:21.3694966-04:00","0.02","107.4","178.1","554","17"
"2026-10-01T09:11:26.3754569-04:00","0","107.4","178.1","554","17"
"2026-10-01T09:11:31.3807979-04:00","0.029","107.4","178.1","554","17"
"2026-10-01T09:11:36.3944949-04:00","0","107.4","178.1","554","17"
"2026-10-01T09:11:41.4124720-04:00","0.029","107.4","178.1","557","18"
"2026-10-01T09:11:46.4204903-04:00","0","107.4","178.1","557","18"
"2026-10-01T09:11:51.4277086-04:00","0.02","107.4","178.1","557","18"
"2026-10-01T09:11:56.4388315-04:00","0.01","107.4","178.1","557","18"
"2026-10-01T09:12:01.4767668-04:00","0.019","107.4","178.1","557","17"
"2026-10-01T09:12:06.4846894-04:00","0","107.4","178.1","557","17"
"2026-10-01T09:12:11.5025300-04:00","0.029","107.4","178.1","557","17"
"2026-10-01T09:12:16.5098966-04:00","0.01","107.4","178.1","557","17"
"2026-10-01T09:12:21.5212759-04:00","0.01","107.4","178.1","557","17"
"2026-10-01T09:12:26.5302094-04:00","0","107.4","178.1","557","17"
"2026-10-01T09:12:31.5387776-04:00","0.01","107.4","178.1","560","18"
"2026-10-01T09:12:36.5502105-04:00","0.01","107.4","178.1","560","18"
"2026-10-01T09:12:41.5649211-04:00","0.01","107.4","178.1","560","18"
"2026-10-01T09:12:46.5747408-04:00","0","107.4","178.1","560","18"
"2026-10-01T09:12:51.5811128-04:00","0.02","107.4","178.1","560","18"
"2026-10-01T09:12:56.5903109-04:00","0","107.4","178.1","560","18"
"2026-10-01T09:13:01.6052756-04:00","0.019","107.4","178.1","536","17"
"2026-10-01T09:13:06.6155672-04:00","0.019","107.4","178.1","536","17"
"2026-10-01T09:13:11.6224271-04:00","0.01","107.4","178.1","536","17"
"2026-10-01T09:13:16.6323019-04:00","0.019","107.4","178.1","536","17"
"2026-10-01T09:13:21.6411802-04:00","0.01","107.4","178.1","536","17"
"2026-10-01T09:13:26.6501147-04:00","0.01","107.4","178.1","536","17"
"2026-10-01T09:13:31.6692928-04:00","0.01","107.4","178.1","536","17"
"2026-10-01T09:13:36.6883185-04:00","0.019","108.2","178.9","536","17"
"2026-10-01T09:13:41.7040093-04:00","0.019","107.4","178.1","536","17"
"2026-10-01T09:13:46.7126413-04:00","0","107.4","178.1","536","17"
"2026-10-01T09:13:51.7176783-04:00","0.01","107.4","178.1","536","17"
"2026-10-01T09:13:56.7377061-04:00","0.01","107.4","178.1","536","17"
"2026-10-01T09:14:01.7483870-04:00","0.01","107.4","178.1","536","17"
"2026-10-01T09:14:06.7603657-04:00","0.019","107.4","178.1","536","17"
"2026-10-01T09:14:11.7744644-04:00","0.01","107.4","178.1","536","17"
"2026-10-01T09:14:16.7939461-04:00","0.029","107.5","178.1","539","18"
"2026-10-01T09:14:21.8050060-04:00","0","107.5","178.1","539","18"
"2026-10-01T09:14:26.8141501-04:00","0.019","107.5","178.1","539","18"
"2026-10-01T09:14:31.8251076-04:00","0.019","107.5","178.1","539","18"
"2026-10-01T09:14:36.8379194-04:00","0.01","107.4","178.1","539","17"
"2026-10-01T09:14:41.8432371-04:00","0.02","107.4","178.1","539","17"
"2026-10-01T09:14:46.8520239-04:00","0.01","107.5","178.1","542","18"
"2026-10-01T09:14:51.8811710-04:00","0.01","107.5","178.1","542","18"
"2026-10-01T09:14:56.8872114-04:00","0.02","107.5","178.1","542","18"
"2026-10-01T09:15:01.9021497-04:00","0.01","107.5","178.1","542","18"
"2026-10-01T09:15:06.9111504-04:00","0.01","107.4","178.1","542","17"
"2026-10-01T09:15:11.9196370-04:00","0.019","107.4","178.1","542","17"
"2026-10-01T09:15:16.9353832-04:00","0.019","107.4","178.1","542","17"
"2026-10-01T09:15:21.9430132-04:00","0","107.4","178.1","542","17"
"2026-10-01T09:15:26.9594425-04:00","0.019","107.4","178.1","542","17"
"2026-10-01T09:15:31.9655926-04:00","0.01","107.4","178.1","545","18"
"2026-10-01T09:15:36.9784622-04:00","0.019","107.4","178.1","545","18"
"2026-10-01T09:15:41.9987474-04:00","0.01","107.4","178.1","545","18"
"2026-10-01T09:15:47.0065718-04:00","0.01","107.4","178.1","545","18"
"2026-10-01T09:15:52.0148761-04:00","0.019","107.4","178.1","545","17"
"2026-10-01T09:15:57.0350787-04:00","0","107.4","178.1","545","17"
"2026-10-01T09:16:02.0427789-04:00","0.02","107.4","178.1","545","17"
"2026-10-01T09:16:07.0492805-04:00","0","107.4","178.1","545","17"
"2026-10-01T09:16:12.0607755-04:00","0.019","107.4","178.1","545","17"
"2026-10-01T09:16:17.0699794-04:00","0.01","107.4","178.1","545","17"
"2026-10-01T09:16:22.0862189-04:00","0.01","107.4","178.1","545","17"
"2026-10-01T09:16:27.0920440-04:00","0.02","107.4","178.1","545","17"
"2026-10-01T09:16:32.1023139-04:00","0.01","107.4","178.1","545","17"
"2026-10-01T09:16:37.1126427-04:00","0.01","107.4","178.1","545","17"
"2026-10-01T09:16:42.1210745-04:00","0.019","107.4","178.1","545","17"
"2026-10-01T09:16:47.1312871-04:00","0.01","107.4","178.1","545","17"
"2026-10-01T09:16:52.1419981-04:00","0.01","107.4","178.1","545","17"
"2026-10-01T09:16:57.1500411-04:00","0.01","107.4","178.1","545","17"
"2026-10-01T09:17:02.1690712-04:00","0.01","107.4","178.1","548","18"
"2026-10-01T09:17:07.1884897-04:00","0","107.4","178.1","548","18"
"2026-10-01T09:17:12.2035604-04:00","0.01","107.4","178.1","548","18"
"2026-10-01T09:17:17.2187119-04:00","0.01","107.4","178.1","548","18"
"2026-10-01T09:17:22.2300161-04:00","0.019","107.4","178.1","548","18"
"2026-10-01T09:17:27.2679001-04:00","0","107.4","178.1","548","18"
"2026-10-01T09:17:32.2742926-04:00","0.02","107.4","178.1","548","18"
"2026-10-01T09:17:37.2847882-04:00","0.01","107.4","178.1","548","18"
"2026-10-01T09:17:42.2909280-04:00","0.02","107.4","178.1","548","17"
"2026-10-01T09:17:47.2962567-04:00","0","107.4","178.1","548","17"
"2026-10-01T09:17:52.3111910-04:00","0.01","107.4","178.1","548","17"
"2026-10-01T09:17:57.3169671-04:00","0.01","107.4","178.1","548","17"
"2026-10-01T09:18:02.3293796-04:00","0","107.4","178.1","548","17"
"2026-10-01T09:18:07.3393581-04:00","0.019","107.4","178.1","548","17"
"2026-10-01T09:18:12.3467800-04:00","0.01","107.4","178.1","548","17"
"2026-10-01T09:18:17.3528946-04:00","0.02","107.4","178.1","548","17"
"2026-10-01T09:18:22.3620626-04:00","0.01","107.4","178.1","548","17"
"2026-10-01T09:18:27.3723826-04:00","0.01","107.4","178.1","548","17"
"2026-10-01T09:18:32.3782259-04:00","0.01","107.4","178.1","548","17"
"2026-10-01T09:18:37.4027350-04:00","0.019","107.4","178.1","548","17"
"2026-10-01T09:18:42.4120998-04:00","0.029","107.4","178.1","548","17"
"2026-10-01T09:18:47.4248048-04:00","0.019","107.4","178.1","548","17"
"2026-10-01T09:18:52.4323971-04:00","0.01","107.4","178.1","548","17"
"2026-10-01T09:18:57.4390783-04:00","0.02","107.4","178.1","548","17"
"2026-10-01T09:19:02.4465857-04:00","0.01","107.4","178.1","548","17"
"2026-10-01T09:19:07.4616258-04:00","0.01","107.4","178.1","548","17"
"2026-10-01T09:19:12.4703670-04:00","0.01","107.4","178.1","548","17"
"2026-10-01T09:19:17.4800832-04:00","0.01","107.4","178.1","548","17"
"2026-10-01T09:19:22.4921409-04:00","0.019","107.4","178.1","548","17"
"2026-10-01T09:19:27.5070449-04:00","0.019","107.4","178.1","548","17"
"2026-10-01T09:19:32.5189317-04:00","0.01","107.4","178.1","548","17"
"2026-10-01T09:19:37.5280789-04:00","0.01","107.4","178.1","551","18"
"2026-10-01T09:19:42.5351844-04:00","0.02","107.4","178.1","551","18"
"2026-10-01T09:19:47.5471883-04:00","0.019","107.4","178.1","551","18"
"2026-10-01T09:19:52.5530551-04:00","0.02","107.4","178.1","551","18"
"2026-10-01T09:19:57.5655644-04:00","0.01","107.4","178.1","551","17"
"2026-10-01T09:20:02.5775429-04:00","0.01","107.4","178.1","551","17"
"2026-10-01T09:20:07.5882575-04:00","0.019","107.4","178.1","551","17"
"2026-10-01T09:20:12.6081264-04:00","0.01","107.4","178.1","551","17"
"2026-10-01T09:20:17.6161226-04:00","0.02","107.4","178.1","551","17"
"2026-10-01T09:20:22.6237138-04:00","0","107.4","178.1","551","17"
"2026-10-01T09:20:27.6317836-04:00","0.01","107.4","178.1","551","17"
"2026-10-01T09:20:32.6558076-04:00","0.019","107.4","178.1","554","18"
"2026-10-01T09:20:37.6619683-04:00","0.02","107.4","178.1","554","18"
"2026-10-01T09:20:42.6739899-04:00","0.01","107.4","178.1","554","18"
"2026-10-01T09:20:47.6942115-04:00","0","107.4","178.1","554","18"
"2026-10-01T09:20:52.7014000-04:00","0.02","107.4","178.1","554","17"
"2026-10-01T09:20:57.7060084-04:00","0.01","107.4","178.1","554","17"
"2026-10-01T09:21:02.7145358-04:00","0.01","107.4","178.1","554","17"
"2026-10-01T09:21:07.7296178-04:00","0.01","107.4","178.1","554","17"
"2026-10-01T09:21:12.7352520-04:00","0.029","107.4","178.1","554","17"
"2026-10-01T09:21:17.7409858-04:00","0","107.4","178.1","554","17"
"2026-10-01T09:21:22.7528660-04:00","0.01","107.4","178.1","554","17"
"2026-10-01T09:21:27.7641024-04:00","0.01","107.4","178.1","554","17"
"2026-10-01T09:21:32.7752899-04:00","0.01","107.4","178.1","554","17"
"2026-10-01T09:21:37.7813837-04:00","0.02","107.4","178.1","554","17"
"2026-10-01T09:21:42.7875059-04:00","0","107.4","178.1","554","17"
"2026-10-01T09:21:47.8019012-04:00","0.01","107.4","178.1","554","17"
"2026-10-01T09:21:52.8154741-04:00","0.01","107.4","178.1","554","17"
"2026-10-01T09:21:57.8263612-04:00","0.019","107.4","178.1","554","17"
"2026-10-01T09:22:02.8340773-04:00","0.02","107.4","178.1","554","17"
"2026-10-01T09:22:07.8518743-04:00","0.01","107.4","178.1","554","17"
"2026-10-01T09:22:12.8652541-04:00","0.01","107.4","178.1","554","17"
"2026-10-01T09:22:17.8763005-04:00","0.019","107.4","178.1","554","17"
"2026-10-01T09:22:22.8849327-04:00","0.01","107.4","178.1","554","17"
"2026-10-01T09:22:27.8923846-04:00","0.01","107.4","178.1","554","17"
"2026-10-01T09:22:32.9024881-04:00","0.019","107.4","178.1","557","18"
"2026-10-01T09:22:37.9155666-04:00","0","107.4","178.1","557","18"
"2026-10-01T09:22:42.9242322-04:00","0.01","107.4","178.1","557","18"
"2026-10-01T09:22:47.9344421-04:00","0.01","107.4","178.1","557","18"
"2026-10-01T09:22:52.9415741-04:00","0","107.4","178.1","557","18"
"2026-10-01T09:22:57.9598568-04:00","0.01","107.4","178.1","557","18"
"2026-10-01T09:23:02.9652891-04:00","0.029","107.4","178.1","557","18"
"2026-10-01T09:23:07.9712581-04:00","0.01","107.4","178.1","557","18"
"2026-10-01T09:23:12.9828561-04:00","0.01","107.4","178.1","557","18"
"2026-10-01T09:23:18.0025539-04:00","0","107.4","178.1","557","18"
"2026-10-01T09:23:23.0169182-04:00","0.01","107.4","178.1","557","18"
"2026-10-01T09:23:28.0301352-04:00","0.019","107.4","178.1","557","18"
"2026-10-01T09:23:33.0400402-04:00","0.01","107.4","178.1","557","17"
"2026-10-01T09:23:38.0498463-04:00","0","107.4","178.1","557","17"
"2026-10-01T09:23:43.0563269-04:00","0.02","107.4","178.1","557","17"
"2026-10-01T09:23:48.0657587-04:00","0","107.4","178.1","557","17"
"2026-10-01T09:23:53.0740866-04:00","0.019","107.4","178.1","557","17"
"2026-10-01T09:23:58.0949022-04:00","0.029","107.4","178.1","557","17"
"2026-10-01T09:24:03.1091877-04:00","0.01","107.4","178.1","557","17"
"2026-10-01T09:24:08.1247697-04:00","0.01","107.4","178.1","557","17"
"2026-10-01T09:24:13.1307259-04:00","0.01","107.4","178.1","557","17"
"2026-10-01T09:24:18.1355940-04:00","0.02","107.4","178.1","557","17"
"2026-10-01T09:24:23.1454526-04:00","0.01","107.4","178.1","557","17"
"2026-10-01T09:24:28.1537059-04:00","0.01","107.4","178.1","557","17"
"2026-10-01T09:24:33.1653596-04:00","0.019","107.4","178.1","557","17"
"2026-10-01T09:24:38.1806699-04:00","0.01","107.4","178.1","557","17"
"2026-10-01T09:24:43.1925486-04:00","0.01","107.4","178.1","560","18"
"2026-10-01T09:24:48.2062815-04:00","0.01","107.4","178.1","560","18"
"2026-10-01T09:24:53.2132347-04:00","0.029","107.4","178.1","560","18"
"2026-10-01T09:24:58.2269851-04:00","0","107.4","178.1","560","18"
"2026-10-01T09:25:03.2368506-04:00","0.01","107.4","178.1","560","18"
"2026-10-01T09:25:08.2516753-04:00","0.019","107.4","178.1","560","18"
"2026-10-01T09:25:13.2636065-04:00","0.019","107.4","178.1","560","17"
"2026-10-01T09:25:18.2721255-04:00","0.019","107.4","178.1","560","17"
"2026-10-01T09:25:23.2837934-04:00","0.01","107.4","178.1","560","17"
"2026-10-01T09:25:28.2953530-04:00","0.01","107.4","178.1","560","17"
"2026-10-01T09:25:33.3084175-04:00","0.019","107.4","178.1","560","17"
"2026-10-01T09:25:38.3204786-04:00","0.01","107.4","178.1","560","17"
"2026-10-01T09:25:43.3275803-04:00","0","107.4","178.1","560","17"
"2026-10-01T09:25:48.3405118-04:00","0.019","107.4","178.1","563","18"
"2026-10-01T09:25:53.3541577-04:00","0.01","107.4","178.1","563","18"
"2026-10-01T09:25:58.3660257-04:00","0.01","107.4","178.1","563","18"
"2026-10-01T09:26:03.3760524-04:00","0.01","107.4","178.1","563","18"
"2026-10-01T09:26:08.3934707-04:00","0.01","107.4","178.1","566","18"
"2026-10-01T09:26:13.4036326-04:00","0.01","107.4","178.1","566","18"
"2026-10-01T09:26:18.4243237-04:00","0.019","107.4","178.1","566","18"
"2026-10-01T09:26:23.4305781-04:00","0.02","107.4","178.1","566","18"
"2026-10-01T09:26:28.4404060-04:00","0.01","107.4","178.1","566","17"
"2026-10-01T09:26:33.4598661-04:00","0.029","107.4","178.1","566","17"
"2026-10-01T09:26:38.4743518-04:00","0.01","107.4","178.1","566","17"
"2026-10-01T09:26:43.4858000-04:00","0.01","107.4","178.1","566","17"
"2026-10-01T09:26:48.4933944-04:00","0.01","107.4","178.1","566","17"
"2026-10-01T09:26:53.5023892-04:00","0.019","107.4","178.1","566","17"
"2026-10-01T09:26:58.5109556-04:00","0.01","107.4","178.1","566","17"
"2026-10-01T09:27:03.5261751-04:00","0.01","107.4","178.1","566","17"
"2026-10-01T09:27:08.5340979-04:00","0","107.4","178.1","566","17"
"2026-10-01T09:27:13.5434287-04:00","0.01","107.4","178.1","566","17"
"2026-10-01T09:27:18.5643399-04:00","0.01","107.4","178.1","566","17"
"2026-10-01T09:27:23.5716579-04:00","0.02","107.4","178.1","569","18"
"2026-10-01T09:27:28.5825228-04:00","0.01","107.4","178.1","569","18"
"2026-10-01T09:27:33.5892747-04:00","0","107.4","178.1","569","18"
"2026-10-01T09:27:38.6018437-04:00","0.01","107.4","178.1","569","18"
"2026-10-01T09:27:43.6139839-04:00","0.019","107.4","178.1","569","17"
"2026-10-01T09:27:48.6282165-04:00","0","107.4","178.1","569","17"
"2026-10-01T09:27:53.6337471-04:00","0","107.4","178.1","569","17"
"2026-10-01T09:27:58.6427189-04:00","0.01","107.4","178.1","569","17"
"2026-10-01T09:28:03.6550088-04:00","0","107.4","178.1","569","17"
"2026-10-01T09:28:08.6633423-04:00","0.019","107.4","178.1","569","17"
"2026-10-01T09:28:13.6727564-04:00","0.01","107.4","178.1","569","17"
"2026-10-01T09:28:18.6817775-04:00","0","108.2","178.9","569","17"
"2026-10-01T09:28:23.6889508-04:00","0.02","107.4","178.1","572","18"
"2026-10-01T09:28:28.7082537-04:00","0.01","107.4","178.1","572","18"
"2026-10-01T09:28:33.7149444-04:00","0.01","107.4","178.1","572","18"
"2026-10-01T09:28:38.7285331-04:00","0.019","107.4","178.1","572","18"
"2026-10-01T09:28:43.7362436-04:00","0.02","107.4","178.1","572","17"
"2026-10-01T09:28:48.7475969-04:00","0.01","107.4","178.1","572","17"
"2026-10-01T09:28:53.7581802-04:00","0","107.4","178.1","572","17"
"2026-10-01T09:28:58.7662929-04:00","0.029","107.4","178.1","572","17"
"2026-10-01T09:29:03.7752726-04:00","0","107.4","178.1","572","17"
"2026-10-01T09:29:08.7960620-04:00","0.029","107.4","178.1","572","17"
"2026-10-01T09:29:13.8056673-04:00","0","107.4","178.1","572","17"
"2026-10-01T09:29:18.8346167-04:00","0.01","107.4","178.1","572","17"
"2026-10-01T09:29:23.8478331-04:00","0.01","107.4","178.1","572","17"
"2026-10-01T09:29:28.8612376-04:00","0.01","107.4","178.1","572","17"
"2026-10-01T09:29:33.8760876-04:00","0.01","107.4","178.1","575","18"
"2026-10-01T09:29:38.8881399-04:00","0.019","107.4","178.1","575","18"
"2026-10-01T09:29:43.8981576-04:00","0","107.4","178.1","575","18"
"2026-10-01T09:29:48.9102167-04:00","0.019","107.4","178.1","575","18"
"2026-10-01T09:29:53.9222617-04:00","0.019","107.4","178.1","575","17"
"2026-10-01T09:29:58.9323502-04:00","0.01","107.4","178.1","575","17"
"2026-10-01T09:30:03.9422840-04:00","0","107.4","178.1","575","17"
"2026-10-01T09:30:08.9493500-04:00","0.02","107.4","178.1","575","17"
"2026-10-01T09:30:13.9569812-04:00","0.01","107.4","178.1","575","17"
"2026-10-01T09:30:18.9633670-04:00","0.02","107.4","178.1","575","17"
"2026-10-01T09:30:23.9721564-04:00","0.01","107.4","178.1","575","17"
"2026-10-01T09:30:28.9822793-04:00","0.01","107.4","178.1","575","17"
"2026-10-01T09:30:33.9967810-04:00","0.01","107.4","178.1","575","17"
"2026-10-01T09:30:39.0070850-04:00","0.01","107.4","178.1","575","17"
"2026-10-01T09:30:44.0161720-04:00","0.01","107.4","178.1","575","17"
"2026-10-01T09:30:49.0267051-04:00","0.019","107.4","178.1","575","17"
"2026-10-01T09:30:54.0361327-04:00","0.01","107.4","178.1","575","17"
"2026-10-01T09:30:59.0481267-04:00","0.019","107.4","178.1","575","17"
"2026-10-01T09:31:04.0557441-04:00","0.01","107.4","178.1","575","17"
"2026-10-01T09:31:09.0689795-04:00","0.019","107.4","178.1","575","17"
"2026-10-01T09:31:14.0771576-04:00","0.01","107.4","178.1","575","17"
"2026-10-01T09:31:19.0917765-04:00","0.019","107.4","178.1","578","18"
"2026-10-01T09:31:24.1111878-04:00","0","107.4","178.1","578","18"
"2026-10-01T09:31:29.1193721-04:00","0.01","107.4","178.1","578","18"
"2026-10-01T09:31:34.1311332-04:00","0.01","107.4","178.1","578","18"
"2026-10-01T09:31:39.1404499-04:00","0.01","107.4","178.1","578","17"
"2026-10-01T09:31:44.1538922-04:00","0.019","107.4","178.1","578","17"
"2026-10-01T09:31:49.1648560-04:00","0.019","107.4","178.1","578","17"
"2026-10-01T09:31:54.1759038-04:00","0.01","107.4","178.1","581","18"
"2026-10-01T09:31:59.1863839-04:00","0.019","107.4","178.1","581","18"
"2026-10-01T09:32:04.1919415-04:00","0.01","107.4","178.1","581","18"
"2026-10-01T09:32:09.2312520-04:00","0.019","107.4","178.1","581","18"
"2026-10-01T09:32:14.2471431-04:00","0.019","107.4","178.1","581","18"
"2026-10-01T09:32:19.2596849-04:00","0.019","107.4","178.1","581","18"
"2026-10-01T09:32:24.2658722-04:00","0","107.4","178.1","581","18"
"2026-10-01T09:32:29.2757400-04:00","0.019","107.4","178.1","581","18"
"2026-10-01T09:32:34.2855236-04:00","0","107.4","178.1","581","18"
"2026-10-01T09:32:39.2947683-04:00","0.01","107.4","178.1","581","18"
"2026-10-01T09:32:44.3064112-04:00","0.01","107.4","178.1","581","18"
"2026-10-01T09:32:49.3159011-04:00","0.01","107.4","178.1","581","18"
"2026-10-01T09:32:54.3296070-04:00","0.01","107.4","178.1","581","17"
"2026-10-01T09:32:59.3362638-04:00","0.029","107.4","178.1","581","17"
"2026-10-01T09:33:04.3555118-04:00","0","107.4","178.1","581","17"
"2026-10-01T09:33:09.3677984-04:00","0.019","107.4","178.1","581","17"
"2026-10-01T09:33:14.3768866-04:00","0","107.4","178.1","581","17"
"2026-10-01T09:33:19.3919176-04:00","0.019","107.4","178.1","581","17"
"2026-10-01T09:33:24.3990837-04:00","0.02","107.4","178.1","581","17"
"2026-10-01T09:33:29.4080826-04:00","0.01","107.4","178.1","581","17"
"2026-10-01T09:33:34.4201549-04:00","0.01","107.4","178.1","581","17"
"2026-10-01T09:33:39.4302575-04:00","0.029","107.4","178.1","581","17"
"2026-10-01T09:33:44.4372581-04:00","0","107.4","178.1","581","17"
"2026-10-01T09:33:49.4564401-04:00","0.019","107.4","178.1","581","17"
"2026-10-01T09:33:54.4641634-04:00","0.02","107.4","178.1","581","17"
"2026-10-01T09:33:59.4791370-04:00","0.01","107.4","178.1","581","17"
"2026-10-01T09:34:04.4852021-04:00","0.02","107.4","178.1","581","17"
"2026-10-01T09:34:09.4919060-04:00","0.02","107.4","178.1","581","17"
"2026-10-01T09:34:14.5005544-04:00","0","107.4","178.1","581","17"
"2026-10-01T09:34:19.5066655-04:00","0.039","107.4","178.1","581","17"
"2026-10-01T09:34:24.5139220-04:00","0.01","107.4","178.1","581","17"
"2026-10-01T09:34:29.5233163-04:00","0.019","107.4","178.1","581","17"
"2026-10-01T09:34:34.5346961-04:00","0.01","107.4","178.1","581","17"
"2026-10-01T09:34:39.5410121-04:00","0.01","107.4","178.1","584","18"
"2026-10-01T09:34:44.5467989-04:00","0.01","107.4","178.1","584","18"
"2026-10-01T09:34:49.5610817-04:00","0.01","107.4","178.1","584","18"
"2026-10-01T09:34:54.5680361-04:00","0.02","107.4","178.1","584","18"
"2026-10-01T09:34:59.5866311-04:00","0","107.4","178.1","584","17"
"2026-10-01T09:35:04.5948236-04:00","0.01","107.4","178.1","584","17"
"2026-10-01T09:35:09.6025592-04:00","0.01","107.4","178.1","584","17"
"2026-10-01T09:35:14.6115631-04:00","0.01","107.4","178.1","584","17"
"2026-10-01T09:35:19.6224013-04:00","0.01","107.4","178.1","584","17"
"2026-10-01T09:35:24.6324393-04:00","0.01","107.4","178.1","584","17"
"2026-10-01T09:35:29.6425813-04:00","0.01","107.4","178.1","584","17"
"2026-10-01T09:35:34.6565029-04:00","0","107.4","178.1","584","17"
"2026-10-01T09:35:39.6687866-04:00","0.019","107.4","178.1","584","17"
"2026-10-01T09:35:44.6850603-04:00","0.019","108.2","178.9","584","17"
"2026-10-01T09:35:49.7052931-04:00","0.029","107.4","178.1","584","17"
"2026-10-01T09:35:54.7135400-04:00","0.01","107.4","178.1","584","17"
"2026-10-01T09:35:59.7229876-04:00","0.01","107.4","178.1","584","17"
"2026-10-01T09:36:04.7381083-04:00","0.01","107.4","178.1","584","17"
"2026-10-01T09:36:09.7463849-04:00","0.01","107.4","178.1","584","17"
"2026-10-01T09:36:14.7559002-04:00","0","107.4","178.1","584","17"
"2026-10-01T09:36:19.7702033-04:00","0.01","107.4","178.1","587","18"
"2026-10-01T09:36:24.7902992-04:00","0.01","107.4","178.1","587","18"
"2026-10-01T09:36:29.8005109-04:00","0.01","107.4","178.1","587","18"
"2026-10-01T09:36:34.8161964-04:00","0.01","107.4","178.1","587","18"
"2026-10-01T09:36:39.8275741-04:00","0.019","107.4","178.1","587","18"
"2026-10-01T09:36:44.8375614-04:00","0.01","107.4","178.1","587","18"
"2026-10-01T09:36:49.8528662-04:00","0","107.4","178.1","587","18"
"2026-10-01T09:36:54.8598007-04:00","0.02","107.4","178.1","587","17"
"2026-10-01T09:36:59.8674727-04:00","0","107.4","178.1","587","17"
"2026-10-01T09:37:04.8863519-04:00","0.019","107.4","178.1","587","17"
"2026-10-01T09:37:09.9054087-04:00","0.019","107.4","178.1","587","17"
"2026-10-01T09:37:14.9109593-04:00","0","107.4","178.1","587","17"
"2026-10-01T09:37:19.9213054-04:00","0.019","107.4","178.1","587","17"
"2026-10-01T09:37:24.9295445-04:00","0.01","107.4","178.1","590","18"
"2026-10-01T09:37:29.9369298-04:00","0.01","107.4","178.1","590","18"
"2026-10-01T09:37:34.9458098-04:00","0.01","107.4","178.1","590","18"
"2026-10-01T09:37:39.9557577-04:00","0.01","107.4","178.1","590","18"
"2026-10-01T09:37:44.9664134-04:00","0.019","107.4","178.1","590","17"
"2026-10-01T09:37:49.9773080-04:00","0","107.4","178.1","590","17"
"2026-10-01T09:37:54.9947616-04:00","0.019","107.4","178.1","590","17"
"2026-10-01T09:38:00.0026121-04:00","0.01","107.4","178.1","590","17"
"2026-10-01T09:38:05.0100982-04:00","0.02","107.4","178.1","590","17"
"2026-10-01T09:38:10.0186119-04:00","0","107.4","178.1","590","17"
"2026-10-01T09:38:15.0304754-04:00","0.01","107.4","178.1","590","17"
"2026-10-01T09:38:20.0371969-04:00","0","107.4","178.1","590","17"
"2026-10-01T09:38:25.0516674-04:00","0.01","107.4","178.1","590","17"
"2026-10-01T09:38:30.0672855-04:00","0.01","107.4","178.1","590","17"
"2026-10-01T09:38:35.0779497-04:00","0.019","107.4","178.1","590","17"
"2026-10-01T09:38:40.0911535-04:00","0.01","107.4","178.1","590","17"
"2026-10-01T09:38:45.0992970-04:00","0","107.4","178.1","593","18"
"2026-10-01T09:38:50.1169775-04:00","0.019","107.4","178.1","593","18"
"2026-10-01T09:38:55.1286090-04:00","0.01","107.4","178.1","593","18"
"2026-10-01T09:39:00.1345257-04:00","0.02","107.4","178.1","593","18"
"2026-10-01T09:39:05.1463700-04:00","0.01","107.4","178.1","593","17"
"2026-10-01T09:39:10.1570413-04:00","0.01","107.4","178.1","593","17"
"2026-10-01T09:39:15.1689987-04:00","0.01","107.4","178.1","593","17"
"2026-10-01T09:39:20.1822030-04:00","0.01","107.4","178.1","593","17"
"2026-10-01T09:39:25.1947888-04:00","0.01","107.4","178.1","593","17"
"2026-10-01T09:39:30.2091519-04:00","0","107.4","178.1","593","17"
"2026-10-01T09:39:35.2200784-04:00","0.01","107.4","178.1","593","17"
"2026-10-01T09:39:40.2304441-04:00","0.01","107.4","178.1","593","17"
"2026-10-01T09:39:45.2460650-04:00","0.01","107.4","178.1","596","18"
"2026-10-01T09:39:50.2568958-04:00","0.01","107.4","178.1","596","18"
"2026-10-01T09:39:55.2677166-04:00","0.01","107.4","178.1","596","18"
"2026-10-01T09:40:00.2802284-04:00","0.01","107.4","178.1","596","18"
"2026-10-01T09:40:05.2928556-04:00","0.01","107.4","178.1","596","17"
"2026-10-01T09:40:10.2996261-04:00","0.01","107.4","178.1","596","17"
"2026-10-01T09:40:15.3107472-04:00","0.019","107.4","178.1","596","17"
"2026-10-01T09:40:20.3238135-04:00","0.01","107.4","178.1","596","17"
"2026-10-01T09:40:25.3424674-04:00","0","107.4","178.1","596","17"
"2026-10-01T09:40:30.3514244-04:00","0.019","107.4","178.1","596","17"
"2026-10-01T09:40:35.3587736-04:00","0","107.4","178.1","596","17"
"2026-10-01T09:40:40.3706448-04:00","0.01","107.4","178.1","596","17"
"2026-10-01T09:40:45.3843089-04:00","0.01","107.4","178.1","596","17"
"2026-10-01T09:40:50.3944194-04:00","0.01","107.4","178.1","596","17"
"2026-10-01T09:40:55.4016221-04:00","0.029","107.4","178.1","596","17"
"2026-10-01T09:41:00.4092027-04:00","0","107.4","178.1","596","17"
"2026-10-01T09:41:05.4197701-04:00","0.029","107.4","178.1","599","18"
"2026-10-01T09:41:10.4305871-04:00","0.01","107.4","178.1","599","18"
"2026-10-01T09:41:15.4432649-04:00","0.019","107.4","178.1","599","18"
"2026-10-01T09:41:20.4513892-04:00","0","107.4","178.1","599","18"
"2026-10-01T09:41:25.4590883-04:00","0.02","107.4","178.1","599","17"
"2026-10-01T09:41:30.4710647-04:00","0","107.4","178.1","599","17"
"2026-10-01T09:41:35.4810497-04:00","0.01","107.4","178.1","602","18"
"2026-10-01T09:41:40.4963550-04:00","0.01","107.4","178.1","602","18"
"2026-10-01T09:41:45.5097361-04:00","0.01","107.4","178.1","602","18"
"2026-10-01T09:41:50.5229606-04:00","0.01","107.4","178.1","602","18"
"2026-10-01T09:41:55.5362712-04:00","0.01","107.4","178.1","602","17"
"2026-10-01T09:42:00.5441740-04:00","0","107.4","178.1","602","17"
"2026-10-01T09:42:05.5502586-04:00","0.02","107.4","178.1","602","17"
"2026-10-01T09:42:10.5605254-04:00","0.01","107.4","178.1","602","17"
"2026-10-01T09:42:15.5694750-04:00","0.019","107.4","178.1","602","17"
"2026-10-01T09:42:20.5796180-04:00","0.01","107.4","178.1","602","17"
"2026-10-01T09:42:25.5879213-04:00","0.01","107.4","178.1","602","17"
"2026-10-01T09:42:30.6027647-04:00","0.019","107.4","178.1","602","17"
"2026-10-01T09:42:35.6128414-04:00","0.019","107.4","178.1","602","17"
"2026-10-01T09:42:40.6255979-04:00","0","107.4","178.1","602","17"
"2026-10-01T09:42:45.6342964-04:00","0.01","107.4","178.1","602","17"
"2026-10-01T09:42:50.6427681-04:00","0","107.4","178.1","602","17"
"2026-10-01T09:42:55.6512019-04:00","0","107.4","178.1","602","17"
"2026-10-01T09:43:00.6596498-04:00","0.019","107.4","178.1","602","17"
"2026-10-01T09:43:05.6782965-04:00","0.01","107.4","178.1","602","17"
"2026-10-01T09:43:10.6933698-04:00","0.019","108.2","178.9","602","17"
"2026-10-01T09:43:15.7047702-04:00","0.01","107.4","178.1","602","17"
"2026-10-01T09:43:20.7159268-04:00","0.01","107.4","178.1","602","17"
"2026-10-01T09:43:25.7233420-04:00","0.01","107.4","178.1","602","17"
"2026-10-01T09:43:30.7345382-04:00","0.019","107.4","178.1","605","18"
"2026-10-01T09:43:35.7434597-04:00","0","107.4","178.1","605","18"
"2026-10-01T09:43:40.7576034-04:00","0.019","107.4","178.1","605","18"
"2026-10-01T09:43:45.7965111-04:00","0.019","107.4","178.1","605","18"
"2026-10-01T09:43:50.8075159-04:00","0.01","107.4","178.1","605","17"
"2026-10-01T09:43:55.8145987-04:00","0.02","107.4","178.1","605","17"
"2026-10-01T09:44:00.8245401-04:00","0.01","107.4","178.1","608","18"
"2026-10-01T09:44:05.8385174-04:00","0","107.4","178.1","608","18"
"2026-10-01T09:44:10.8571274-04:00","0.019","107.4","178.1","608","18"
"2026-10-01T09:44:15.8690201-04:00","0","107.4","178.1","608","18"
"2026-10-01T09:44:20.8813616-04:00","0.01","107.4","178.1","608","18"
"2026-10-01T09:44:25.8937073-04:00","0.01","107.4","178.1","608","17"
"2026-10-01T09:44:30.9048070-04:00","0.01","107.4","178.1","611","18"
"2026-10-01T09:44:35.9180633-04:00","0.01","107.4","178.1","611","18"
"2026-10-01T09:44:40.9424384-04:00","0.01","107.4","178.1","611","18"
"2026-10-01T09:44:45.9539078-04:00","0.01","107.4","178.1","611","18"
"2026-10-01T09:44:50.9618018-04:00","0.02","107.4","178.1","611","17"
"2026-10-01T09:44:55.9709117-04:00","0","107.4","178.1","611","17"
"2026-10-01T09:45:00.9882234-04:00","0.01","107.4","178.1","611","17"
"2026-10-01T09:45:05.9989236-04:00","0.019","107.4","178.1","611","17"
"2026-10-01T09:45:11.0094313-04:00","0.01","107.4","178.1","611","17"
"2026-10-01T09:45:16.0175765-04:00","0","107.4","178.1","611","17"
"2026-10-01T09:45:21.0264758-04:00","0.019","107.4","178.1","611","17"
"2026-10-01T09:45:26.0345573-04:00","0","107.4","178.1","611","17"
"2026-10-01T09:45:31.0504771-04:00","0.01","107.4","178.1","611","17"
"2026-10-01T09:45:36.0581091-04:00","0.02","107.4","178.1","611","17"
"2026-10-01T09:45:41.0677283-04:00","0.01","107.4","178.1","611","17"
"2026-10-01T09:45:46.0766554-04:00","0.01","107.4","178.1","614","18"
"2026-10-01T09:45:51.0847746-04:00","0.01","107.4","178.1","614","18"
"2026-10-01T09:45:56.0909061-04:00","0.01","107.4","178.1","614","18"
"2026-10-01T09:46:01.0983644-04:00","0.02","107.4","178.1","614","18"
"2026-10-01T09:46:06.1130333-04:00","0.01","107.4","178.1","614","17"
"2026-10-01T09:46:11.1220587-04:00","0.039","107.4","178.1","617","18"
"2026-10-01T09:46:16.1318276-04:00","0.01","107.4","178.1","617","18"
"2026-10-01T09:46:21.1376377-04:00","0.01","107.4","178.1","617","18"
"2026-10-01T09:46:26.1518483-04:00","0.01","107.4","178.1","617","18"
"2026-10-01T09:46:31.1690690-04:00","0.01","107.4","178.1","617","18"
"2026-10-01T09:46:36.1955514-04:00","0.01","107.4","178.1","617","18"
"2026-10-01T09:46:41.2104992-04:00","0.01","107.4","178.1","617","18"
"2026-10-01T09:46:46.2294848-04:00","0.01","107.4","178.1","617","18"
"2026-10-01T09:46:51.2384745-04:00","0.01","107.4","178.1","617","17"
"2026-10-01T09:46:56.2489006-04:00","0.01","107.4","178.1","617","17"
"2026-10-01T09:47:01.2619195-04:00","0","107.4","178.1","617","17"
"2026-10-01T09:47:06.2763542-04:00","0.01","107.4","178.1","617","17"
"2026-10-01T09:47:11.2855388-04:00","0.019","107.4","178.1","617","17"
"2026-10-01T09:47:16.2924056-04:00","0.01","107.4","178.1","617","17"
"2026-10-01T09:47:21.3057641-04:00","0.019","107.4","178.1","617","17"
"2026-10-01T09:47:26.3172574-04:00","0.01","107.4","178.1","545","17"
"2026-10-01T09:47:31.3267020-04:00","0.01","107.5","178.1","548","18"
"2026-10-01T09:47:36.3364247-04:00","0.019","107.5","178.1","548","18"
"2026-10-01T09:47:41.3491319-04:00","0.019","107.5","178.1","548","18"
"2026-10-01T09:47:46.3691994-04:00","0.019","107.5","178.1","548","18"
"2026-10-01T09:47:51.3897399-04:00","0","107.4","178.1","548","17"
"2026-10-01T09:47:56.3979171-04:00","0.019","107.4","178.1","548","17"
"2026-10-01T09:48:01.4038249-04:00","0","107.4","178.1","548","17"
"2026-10-01T09:48:06.4157217-04:00","0.01","107.4","178.1","548","17"
"2026-10-01T09:48:11.4266979-04:00","0.01","107.4","178.1","548","17"
"2026-10-01T09:48:16.4427090-04:00","0.01","107.4","178.1","548","17"
"2026-10-01T09:48:21.4497367-04:00","0.01","107.4","178.1","548","17"
"2026-10-01T09:48:26.4632086-04:00","0.01","107.4","178.1","548","17"
"2026-10-01T09:48:31.4691601-04:00","0.01","107.4","178.1","548","17"
"2026-10-01T09:48:36.4866058-04:00","0.019","107.4","178.1","548","17"
"2026-10-01T09:48:41.4970211-04:00","0.01","107.4","178.1","548","17"
"2026-10-01T09:48:46.5066821-04:00","0.019","107.4","178.1","548","17"
"2026-10-01T09:48:51.5136066-04:00","0.01","107.4","178.1","548","17"
"2026-10-01T09:48:56.5291806-04:00","0.01","107.4","178.1","548","17"
"2026-10-01T09:49:01.5383115-04:00","0.019","107.4","178.1","548","17"
"2026-10-01T09:49:06.5514385-04:00","0.01","107.4","178.1","548","17"
"2026-10-01T09:49:11.5612703-04:00","0.01","107.4","178.1","548","17"
"2026-10-01T09:49:16.5665820-04:00","0.02","107.4","178.1","548","17"
"2026-10-01T09:49:21.5763235-04:00","0.049","107.4","178.1","548","17"
"2026-10-01T09:49:26.5826836-04:00","0.02","107.4","178.1","548","17"
"2026-10-01T09:49:31.5898395-04:00","0","107.4","178.1","548","17"
"2026-10-01T09:49:36.6020445-04:00","0.01","107.4","178.1","548","17"
"2026-10-01T09:49:41.6160777-04:00","0.019","107.4","178.1","551","18"
"2026-10-01T09:49:46.6332462-04:00","0","107.4","178.1","551","18"
"2026-10-01T09:49:51.6413765-04:00","0.029","107.4","178.1","551","18"
"2026-10-01T09:49:56.6542024-04:00","0.01","107.4","178.1","551","18"
"2026-10-01T09:50:01.6635654-04:00","0.01","107.4","178.1","551","17"
"2026-10-01T09:50:06.6714287-04:00","0.01","107.4","178.1","551","17"
"2026-10-01T09:50:11.6861851-04:00","0.01","107.4","178.1","551","17"
"2026-10-01T09:50:16.6963518-04:00","0.019","107.4","178.1","554","18"
"2026-10-01T09:50:21.7048309-04:00","0.019","107.4","178.1","554","18"
"2026-10-01T09:50:26.7144477-04:00","0.01","107.4","178.1","554","18"
"2026-10-01T09:50:31.7254004-04:00","0.01","107.4","178.1","554","18"
"2026-10-01T09:50:36.7356816-04:00","0.01","107.4","178.1","554","17"
"2026-10-01T09:50:41.7448805-04:00","0","107.4","178.1","554","17"
"2026-10-01T09:50:46.7509451-04:00","0.029","107.4","178.1","554","17"
"2026-10-01T09:50:51.7606026-04:00","0.01","107.4","178.1","554","17"
"2026-10-01T09:50:56.7688280-04:00","0.019","107.4","178.1","554","17"
"2026-10-01T09:51:01.7777463-04:00","0.01","107.4","178.1","554","17"
"2026-10-01T09:51:06.7852272-04:00","0.01","107.4","178.1","554","17"
"2026-10-01T09:51:11.7917976-04:00","0","107.4","178.1","554","17"
"2026-10-01T09:51:16.7984865-04:00","0.02","107.4","178.1","554","17"
"2026-10-01T09:51:21.8082646-04:00","0.01","107.4","178.1","554","17"
"2026-10-01T09:51:26.8177516-04:00","0.01","107.4","178.1","554","17"
"2026-10-01T09:51:31.8256974-04:00","0.01","107.4","178.1","554","17"
"2026-10-01T09:51:36.8326845-04:00","0.01","107.4","178.1","554","17"
"2026-10-01T09:51:41.8423426-04:00","0.019","107.4","178.1","554","17"
"2026-10-01T09:51:46.8613622-04:00","0.029","107.4","178.1","554","17"
"2026-10-01T09:51:51.8682256-04:00","0","107.4","178.1","554","17"
"2026-10-01T09:51:56.8783438-04:00","0.019","107.4","178.1","554","17"
"2026-10-01T09:52:01.8833395-04:00","0.01","107.4","178.1","554","17"
"2026-10-01T09:52:06.8899545-04:00","0.02","107.4","178.1","554","17"
"2026-10-01T09:52:11.9029173-04:00","0.01","107.4","178.1","554","17"
"2026-10-01T09:52:16.9142595-04:00","0.029","107.4","178.1","554","17"
"2026-10-01T09:52:21.9195772-04:00","0.02","107.4","178.1","554","17"
"2026-10-01T09:52:26.9312105-04:00","0.019","107.4","178.1","554","17"
"2026-10-01T09:52:31.9702979-04:00","0.01","107.4","178.1","554","17"
"2026-10-01T09:52:36.9774413-04:00","0.01","107.4","178.1","554","17"
"2026-10-01T09:52:41.9836739-04:00","0.01","107.4","178.1","557","18"
"2026-10-01T09:52:46.9911063-04:00","0.01","107.4","178.1","557","18"
"2026-10-01T09:52:51.9999719-04:00","0.01","107.4","178.1","557","18"
"2026-10-01T09:52:57.0116966-04:00","0.019","107.4","178.1","557","18"
"2026-10-01T09:53:02.0253425-04:00","0.01","107.4","178.1","557","17"
"2026-10-01T09:53:07.0430106-04:00","0.029","107.4","178.1","557","17"
"2026-10-01T09:53:12.0552164-04:00","0.01","107.4","178.1","557","17"
"2026-10-01T09:53:17.0655087-04:00","0.01","107.4","178.1","557","17"
"2026-10-01T09:53:22.0771452-04:00","0.019","107.4","178.1","557","17"
"2026-10-01T09:53:27.0837206-04:00","0.01","107.4","178.1","557","17"
"2026-10-01T09:53:32.0935388-04:00","0.01","107.4","178.1","557","17"
"2026-10-01T09:53:37.1037109-04:00","0.01","107.4","178.1","557","17"
"2026-10-01T09:53:42.1160891-04:00","0.01","107.4","178.1","557","17"
"2026-10-01T09:53:47.1237265-04:00","0.01","107.4","178.1","557","17"
"2026-10-01T09:53:52.1425191-04:00","0","107.4","178.1","557","17"
"2026-10-01T09:53:57.1505347-04:00","0.019","107.4","178.1","557","17"
"2026-10-01T09:54:02.1592673-04:00","0","107.4","178.1","557","17"
"2026-10-01T09:54:07.1696739-04:00","0.019","107.4","178.1","557","17"
"2026-10-01T09:54:12.1822324-04:00","0.01","107.4","178.1","557","17"
"2026-10-01T09:54:17.1919844-04:00","0.01","107.4","178.1","557","17"
"2026-10-01T09:54:22.1980561-04:00","0.01","107.4","178.1","557","17"
"2026-10-01T09:54:27.2105374-04:00","0.01","107.4","178.1","557","17"
"2026-10-01T09:54:32.2227010-04:00","0","107.4","178.1","557","17"
"2026-10-01T09:54:37.2318021-04:00","0.019","107.4","178.1","557","17"
"2026-10-01T09:54:42.2451802-04:00","0.01","107.4","178.1","557","17"
"2026-10-01T09:54:47.2547857-04:00","0.01","107.4","178.1","557","17"
"2026-10-01T09:54:52.2739331-04:00","0.019","107.4","178.1","557","17"
"2026-10-01T09:54:57.2840139-04:00","0.019","107.4","178.1","557","17"
"2026-10-01T09:55:02.2924419-04:00","0.01","107.4","178.1","557","17"
"2026-10-01T09:55:07.2999700-04:00","0","107.4","178.1","557","17"
"2026-10-01T09:55:12.3175127-04:00","0.019","107.4","178.1","557","17"
"2026-10-01T09:55:17.3297466-04:00","0.019","107.4","178.1","557","17"
"2026-10-01T09:55:22.3715421-04:00","0.01","107.4","178.1","557","17"
"2026-10-01T09:55:27.3804473-04:00","0.019","107.4","178.1","557","17"
"2026-10-01T09:55:32.3879861-04:00","0","107.4","178.1","560","18"
"2026-10-01T09:55:37.3991932-04:00","0.01","107.4","178.1","560","18"
"2026-10-01T09:55:42.4128514-04:00","0.01","107.4","178.1","560","18"
"2026-10-01T09:55:47.4229491-04:00","0.01","107.4","178.1","560","18"
"2026-10-01T09:55:52.4418349-04:00","0.019","107.4","178.1","560","18"
"2026-10-01T09:55:57.4491203-04:00","0.01","107.4","178.1","560","18"
"2026-10-01T09:56:02.4575907-04:00","0.01","107.4","178.1","560","18"
"2026-10-01T09:56:07.4670062-04:00","0.01","107.4","178.1","560","18"
"2026-10-01T09:56:12.4771700-04:00","0.019","107.4","178.1","560","17"
"2026-10-01T09:56:17.4827719-04:00","0.01","107.4","178.1","560","17"
"2026-10-01T09:56:22.4925258-04:00","0.019","107.4","178.1","560","17"
"2026-10-01T09:56:27.5018967-04:00","0.01","107.4","178.1","560","17"
"2026-10-01T09:56:32.5110451-04:00","0.01","107.4","178.1","560","17"
"2026-10-01T09:56:37.5282418-04:00","0.01","107.4","178.1","560","17"
"2026-10-01T09:56:42.5331463-04:00","0.02","107.4","178.1","560","17"
"2026-10-01T09:56:47.5427354-04:00","0.01","107.4","178.1","560","17"
"2026-10-01T09:56:52.5515593-04:00","0.019","107.4","178.1","560","17"
"2026-10-01T09:56:57.5603651-04:00","0","107.4","178.1","560","17"
"2026-10-01T09:57:02.5698945-04:00","0.01","107.4","178.1","560","17"
"2026-10-01T09:57:07.5752623-04:00","0.01","107.4","178.1","560","17"
"2026-10-01T09:57:12.5865530-04:00","0.029","107.4","178.1","563","18"
"2026-10-01T09:57:17.5964599-04:00","0.019","107.4","178.1","563","18"
"2026-10-01T09:57:22.6073834-04:00","0","107.4","178.1","563","18"
"2026-10-01T09:57:27.6200848-04:00","0.01","107.4","178.1","563","18"
"2026-10-01T09:57:32.6310018-04:00","0.01","107.4","178.1","563","18"
"2026-10-01T09:57:37.6414918-04:00","0.01","107.4","178.1","563","17"
"2026-10-01T09:57:42.6616663-04:00","0.01","107.4","178.1","563","17"
"2026-10-01T09:57:47.6815069-04:00","0","107.4","178.1","563","17"
"2026-10-01T09:57:52.6925467-04:00","0.019","108.2","178.9","563","17"
"2026-10-01T09:57:57.7031331-04:00","0.019","107.4","178.1","563","17"
"2026-10-01T09:58:02.7188012-04:00","0.019","107.4","178.1","563","17"
"2026-10-01T09:58:07.7308788-04:00","0","107.4","178.1","563","17"
"2026-10-01T09:58:12.7524563-04:00","0.019","107.4","178.1","563","17"
"2026-10-01T09:58:17.7647087-04:00","0","107.4","178.1","563","17"
"2026-10-01T09:58:22.7753560-04:00","0.01","107.4","178.1","563","17"
"2026-10-01T09:58:27.7817410-04:00","0.02","107.4","178.1","563","17"
"2026-10-01T09:58:32.7907735-04:00","0.01","107.4","178.1","563","17"
"2026-10-01T09:58:37.8022922-04:00","0.01","107.4","178.1","563","17"
"2026-10-01T09:58:42.8131737-04:00","0.01","107.4","178.1","563","17"
"2026-10-01T09:58:47.8286627-04:00","0.01","107.4","178.1","563","17"
"2026-10-01T09:58:52.8372751-04:00","0.01","107.4","178.1","563","17"
"2026-10-01T09:58:57.8455675-04:00","0.019","107.4","178.1","563","17"
"2026-10-01T09:59:02.8557583-04:00","0.01","107.4","178.1","563","17"
"2026-10-01T09:59:07.8631225-04:00","0.01","107.4","178.1","563","17"
"2026-10-01T09:59:12.8720570-04:00","0.01","107.4","178.1","563","17"
"2026-10-01T09:59:17.8837710-04:00","0","107.4","178.1","563","17"
"2026-10-01T09:59:22.8967153-04:00","0.01","107.4","178.1","563","17"
"2026-10-01T09:59:27.9036903-04:00","0.02","107.4","178.1","563","17"
"2026-10-01T09:59:32.9116253-04:00","0","107.4","178.1","563","17"
"2026-10-01T09:59:37.9265075-04:00","0.01","107.4","178.1","563","17"
"2026-10-01T09:59:42.9435313-04:00","0.01","107.4","178.1","563","17"
"2026-10-01T09:59:47.9518015-04:00","0.019","107.4","178.1","563","17"
"2026-10-01T09:59:52.9725704-04:00","0.01","107.4","178.1","563","17"
"2026-10-01T09:59:57.9839130-04:00","0.019","107.4","178.1","563","17"
"2026-10-01T10:00:02.9930739-04:00","0.01","107.4","178.1","563","17"
"2026-10-01T10:00:08.0027787-04:00","0.01","107.4","178.1","563","17"
"2026-10-01T10:00:13.0125569-04:00","0.029","107.4","178.1","563","17"
"2026-10-01T10:00:18.0255651-04:00","0.01","107.4","178.1","563","17"
"2026-10-01T10:00:23.0307137-04:00","0.01","107.4","178.1","563","17"
"2026-10-01T10:00:28.0413591-04:00","0.01","107.4","178.1","563","17"
"2026-10-01T10:00:33.0484578-04:00","0","107.4","178.1","563","17"
"2026-10-01T10:00:38.0570841-04:00","0.01","107.4","178.1","563","17"
"2026-10-01T10:00:43.0755650-04:00","0.01","107.4","178.1","563","17"
"2026-10-01T10:00:48.0865114-04:00","0.01","107.4","178.1","563","17"
"2026-10-01T10:00:53.0954382-04:00","0.01","107.4","178.1","563","17"
"2026-10-01T10:00:58.1020867-04:00","0.01","107.4","178.1","563","17"
"2026-10-01T10:01:03.1111244-04:00","0.01","107.4","178.1","563","17"
"2026-10-01T10:01:08.1197248-04:00","0.019","107.4","178.1","563","17"
"2026-10-01T10:01:13.1332794-04:00","0.01","107.4","178.1","563","17"
"2026-10-01T10:01:18.1494165-04:00","0.01","107.4","178.1","563","17"
"2026-10-01T10:01:23.1620176-04:00","0.019","107.4","178.1","563","17"
"2026-10-01T10:01:28.1680121-04:00","0.02","107.4","178.1","563","17"
"2026-10-01T10:01:33.1799052-04:00","0.019","107.4","178.1","563","17"
"2026-10-01T10:01:38.1922363-04:00","0","107.4","178.1","563","17"
"2026-10-01T10:01:43.2078347-04:00","0.019","107.4","178.1","563","17"
"2026-10-01T10:01:48.2169955-04:00","0.01","107.4","178.1","563","17"
"2026-10-01T10:01:53.2297476-04:00","0.01","107.4","178.1","563","17"
"2026-10-01T10:01:58.2391455-04:00","0","107.4","178.1","563","17"
"2026-10-01T10:02:03.2456428-04:00","0.01","107.4","178.1","563","17"
"2026-10-01T10:02:08.2594393-04:00","0.01","107.4","178.1","563","17"
"2026-10-01T10:02:13.2674367-04:00","0.01","107.4","178.1","566","18"
"2026-10-01T10:02:18.2808816-04:00","0.01","107.4","178.1","566","18"
"2026-10-01T10:02:23.2931672-04:00","0.01","107.4","178.1","566","18"
"2026-10-01T10:02:28.3133152-04:00","0","107.4","178.1","566","18"
"2026-10-01T10:02:33.3327022-04:00","0.019","107.4","178.1","566","18"
"2026-10-01T10:02:38.3490851-04:00","0.01","107.4","178.1","566","18"
"2026-10-01T10:02:43.3614007-04:00","0.019","107.4","178.1","566","17"
"2026-10-01T10:02:48.3732471-04:00","0.01","107.4","178.1","566","17"
"2026-10-01T10:02:53.3846353-04:00","0.019","107.4","178.1","566","17"
"2026-10-01T10:02:58.4030853-04:00","0.01","107.4","178.1","566","17"
"2026-10-01T10:03:03.4177571-04:00","0.01","107.4","178.1","566","17"
"2026-10-01T10:03:08.4285768-04:00","0.019","107.4","178.1","566","17"
"2026-10-01T10:03:13.4373022-04:00","0","107.4","178.1","566","17"
"2026-10-01T10:03:18.4500599-04:00","0.01","107.4","178.1","566","17"
"2026-10-01T10:03:23.4596791-04:00","0.01","107.4","178.1","566","17"
"2026-10-01T10:03:28.4651485-04:00","0.01","107.4","178.1","566","17"
"2026-10-01T10:03:33.4710908-04:00","0.01","107.4","178.1","566","17"
"2026-10-01T10:03:38.4842878-04:00","0","107.4","178.1","569","18"
"2026-10-01T10:03:43.4950560-04:00","0.01","107.4","178.1","569","18"
"2026-10-01T10:03:48.5014105-04:00","0.01","107.4","178.1","569","18"
"2026-10-01T10:03:53.5118072-04:00","0.01","107.4","178.1","569","18"
"2026-10-01T10:03:58.5237324-04:00","0.019","107.4","178.1","569","18"
"2026-10-01T10:04:03.5316171-04:00","0.01","107.4","178.1","569","18"
"2026-10-01T10:04:08.5464328-04:00","0.019","107.4","178.1","569","17"
"2026-10-01T10:04:13.5526877-04:00","0.029","107.4","178.1","569","17"
"2026-10-01T10:04:18.5656663-04:00","0.01","107.4","178.1","569","17"
"2026-10-01T10:04:23.5785122-04:00","0.019","107.4","178.1","569","17"
"2026-10-01T10:04:28.5923014-04:00","0.01","107.4","178.1","569","17"
"2026-10-01T10:04:33.6121940-04:00","0.029","107.4","178.1","569","17"
"2026-10-01T10:04:38.6245724-04:00","0.019","107.4","178.1","569","17"
"2026-10-01T10:04:43.6304290-04:00","0.02","107.4","178.1","569","17"
"2026-10-01T10:04:48.6372356-04:00","0","107.4","178.1","569","17"
"2026-10-01T10:04:53.6515557-04:00","0.029","107.4","178.1","569","17"
"2026-10-01T10:04:58.6593552-04:00","0.02","107.4","178.1","569","17"
"2026-10-01T10:05:03.6667561-04:00","0","107.4","178.1","572","18"
"2026-10-01T10:05:08.6774809-04:00","0.019","107.4","178.1","572","18"
"2026-10-01T10:05:13.7002164-04:00","0.01","107.4","178.1","572","18"
"2026-10-01T10:05:18.7116339-04:00","0.01","107.4","178.1","572","18"
"2026-10-01T10:05:23.7248699-04:00","0.019","107.4","178.1","572","17"
"2026-10-01T10:05:28.7371200-04:00","0.01","107.4","178.1","572","17"
"2026-10-01T10:05:33.7426033-04:00","0","107.4","178.1","572","17"
"2026-10-01T10:05:38.7529808-04:00","0.019","107.4","178.1","572","17"
"2026-10-01T10:05:43.7689353-04:00","0.01","107.4","178.1","572","17"
"2026-10-01T10:05:48.7792832-04:00","0.019","107.4","178.1","572","17"
"2026-10-01T10:05:53.7983047-04:00","0.019","107.4","178.1","572","17"
"2026-10-01T10:05:58.8042746-04:00","0.01","107.4","178.1","572","17"
"2026-10-01T10:06:03.8192147-04:00","0.01","107.4","178.1","572","17"
"2026-10-01T10:06:08.8342710-04:00","0","107.4","178.1","572","17"
"2026-10-01T10:06:13.8412147-04:00","0.01","107.4","178.1","572","17"
"2026-10-01T10:06:18.8553736-04:00","0.01","107.4","178.1","572","17"
"2026-10-01T10:06:23.8650986-04:00","0","107.4","178.1","572","17"
"2026-10-01T10:06:28.8829723-04:00","0","107.4","178.1","572","17"
"2026-10-01T10:06:33.8942169-04:00","0.01","107.4","178.1","572","17"
"2026-10-01T10:06:38.9027550-04:00","0.01","107.4","178.1","572","17"
"2026-10-01T10:06:43.9094585-04:00","0.01","107.4","178.1","572","17"
"2026-10-01T10:06:48.9189696-04:00","0.019","107.4","178.1","572","17"
"2026-10-01T10:06:53.9377081-04:00","0.019","107.4","178.1","572","17"
"2026-10-01T10:06:58.9558944-04:00","0","107.4","178.1","572","17"
"2026-10-01T10:07:03.9626139-04:00","0.02","107.4","178.1","572","17"
"2026-10-01T10:07:08.9678764-04:00","0.01","107.4","178.1","572","17"
"2026-10-01T10:07:13.9729540-04:00","0","107.4","178.1","575","18"
"2026-10-01T10:07:19.0000532-04:00","0.019","107.4","178.1","575","18"
"2026-10-01T10:07:24.0087687-04:00","0","107.4","178.1","575","18"
"2026-10-01T10:07:29.0224549-04:00","0.019","107.4","178.1","575","18"
"2026-10-01T10:07:34.0347283-04:00","0","107.4","178.1","575","18"
"2026-10-01T10:07:39.0414716-04:00","0.02","107.4","178.1","575","18"
"2026-10-01T10:07:44.0557219-04:00","0","107.4","178.1","575","18"
"2026-10-01T10:07:49.0651014-04:00","0.01","107.4","178.1","575","18"
"2026-10-01T10:07:54.0759075-04:00","0.019","107.4","178.1","575","18"
"2026-10-01T10:07:59.0821766-04:00","0","107.4","178.1","575","18"
"2026-10-01T10:08:04.0927622-04:00","0.019","107.4","178.1","575","18"
"2026-10-01T10:08:09.1079519-04:00","0.01","107.4","178.1","575","17"
"2026-10-01T10:08:14.1263977-04:00","0.01","107.4","178.1","575","17"
"2026-10-01T10:08:19.1405416-04:00","0.01","107.4","178.1","575","17"
"2026-10-01T10:08:24.1537996-04:00","0.019","107.4","178.1","575","17"
"2026-10-01T10:08:29.1670901-04:00","0.019","107.4","178.1","575","17"
"2026-10-01T10:08:34.1774823-04:00","0","107.4","178.1","575","17"
"2026-10-01T10:08:39.1846129-04:00","0.02","107.4","178.1","578","18"
"2026-10-01T10:08:44.1966133-04:00","0.01","107.4","178.1","578","18"
"2026-10-01T10:08:49.2072749-04:00","0.01","107.4","178.1","578","18"
"2026-10-01T10:08:54.2160597-04:00","0.019","107.4","178.1","578","18"
"2026-10-01T10:08:59.2244371-04:00","0.01","107.4","178.1","578","17"
"2026-10-01T10:09:04.2335253-04:00","0.01","107.4","178.1","578","17"
"2026-10-01T10:09:09.2419014-04:00","0.019","107.4","178.1","578","17"
"2026-10-01T10:09:14.2522191-04:00","0","107.4","178.1","581","18"
"2026-10-01T10:09:19.2620623-04:00","0.01","107.4","178.1","581","18"
"2026-10-01T10:09:24.2686189-04:00","0.01","107.4","178.1","581","18"
"2026-10-01T10:09:29.2835040-04:00","0.01","107.4","178.1","581","18"
"2026-10-01T10:09:34.2951061-04:00","0.01","107.4","178.1","581","17"
"2026-10-01T10:09:39.3061836-04:00","0.019","107.4","178.1","581","17"
"2026-10-01T10:09:44.3140946-04:00","0","107.4","178.1","581","17"
"2026-10-01T10:09:49.3251549-04:00","0.01","107.4","178.1","581","17"
"2026-10-01T10:09:54.3312141-04:00","0.01","107.4","178.1","581","17"
"2026-10-01T10:09:59.3452361-04:00","0.01","107.4","178.1","581","17"
"2026-10-01T10:10:04.3533691-04:00","0.019","107.4","178.1","581","17"
"2026-10-01T10:10:09.3623848-04:00","0.01","107.4","178.1","584","18"
"2026-10-01T10:10:14.3728657-04:00","0.01","107.4","178.1","584","18"
"2026-10-01T10:10:19.3793756-04:00","0.01","107.4","178.1","584","18"
"2026-10-01T10:10:24.3866198-04:00","0.01","107.4","178.1","584","18"
"2026-10-01T10:10:29.3983953-04:00","0.01","107.4","178.1","584","18"
"2026-10-01T10:10:34.4043062-04:00","0","107.4","178.1","584","18"
"2026-10-01T10:10:39.4143311-04:00","0.019","107.4","178.1","584","17"
"2026-10-01T10:10:44.4229469-04:00","0.01","107.4","178.1","584","17"
"2026-10-01T10:10:49.4322091-04:00","0.019","107.4","178.1","584","17"
"2026-10-01T10:10:54.4522271-04:00","0.01","107.4","178.1","584","17"
"2026-10-01T10:10:59.4593161-04:00","0.029","107.4","178.1","584","17"
"2026-10-01T10:11:04.4719345-04:00","0","107.4","178.1","584","17"
"2026-10-01T10:11:09.4803680-04:00","0","107.4","178.1","584","17"
"2026-10-01T10:11:14.4889684-04:00","0.01","107.4","178.1","587","18"
"2026-10-01T10:11:19.5013203-04:00","0.01","107.4","178.1","587","18"
"2026-10-01T10:11:24.5207291-04:00","0.019","107.4","178.1","587","18"
"2026-10-01T10:11:29.5311509-04:00","0.01","107.4","178.1","587","18"
"2026-10-01T10:11:34.5373058-04:00","0.01","107.4","178.1","587","18"
"2026-10-01T10:11:39.5442881-04:00","0","107.4","178.1","587","18"
"2026-10-01T10:11:44.5876616-04:00","0.01","107.4","178.1","587","18"
"2026-10-01T10:11:49.5954921-04:00","0.02","107.4","178.1","587","17"
"2026-10-01T10:11:54.6031003-04:00","0.02","107.4","178.1","587","17"
"2026-10-01T10:11:59.6168941-04:00","0.01","107.4","178.1","587","17"
"2026-10-01T10:12:04.6361004-04:00","0","107.4","178.1","587","17"
"2026-10-01T10:12:09.6447691-04:00","0.019","107.4","178.1","587","17"
"2026-10-01T10:12:14.6588226-04:00","0","107.4","178.1","590","18"
"2026-10-01T10:12:19.6694290-04:00","0.01","107.4","178.1","590","18"
"2026-10-01T10:12:24.6780568-04:00","0.01","107.4","178.1","590","18"
"2026-10-01T10:12:29.6893246-04:00","0.01","107.4","178.1","590","18"
"2026-10-01T10:12:34.7021391-04:00","0.019","107.4","178.1","590","17"
"2026-10-01T10:12:39.7281382-04:00","0","107.4","178.1","590","17"
"2026-10-01T10:12:44.7377848-04:00","0.019","107.4","178.1","590","17"
"2026-10-01T10:12:49.7505323-04:00","0.01","107.4","178.1","590","17"
"2026-10-01T10:12:54.7596575-04:00","0.019","107.4","178.1","593","18"
"2026-10-01T10:12:59.7656021-04:00","0.01","107.4","178.1","593","18"
"2026-10-01T10:13:04.7742960-04:00","0.01","107.4","178.1","593","18"
"2026-10-01T10:13:09.7839494-04:00","0.01","107.4","178.1","593","18"
"2026-10-01T10:13:14.7932327-04:00","0.01","107.4","178.1","593","18"
"2026-10-01T10:13:19.8016804-04:00","0.01","107.4","178.1","593","18"
"2026-10-01T10:13:24.8214460-04:00","0.019","107.4","178.1","593","18"
"2026-10-01T10:13:29.8283394-04:00","0.02","107.4","178.1","593","18"
"2026-10-01T10:13:34.8351948-04:00","0","107.4","178.1","593","18"
"2026-10-01T10:13:39.8459744-04:00","0.01","107.4","178.1","593","18"
"2026-10-01T10:13:44.8597010-04:00","0.019","107.4","178.1","593","18"
"2026-10-01T10:13:49.8727659-04:00","0.01","107.4","178.1","593","18"
"2026-10-01T10:13:54.8816092-04:00","0","107.4","178.1","593","17"
"2026-10-01T10:13:59.8948636-04:00","0.01","107.4","178.1","593","17"
"2026-10-01T10:14:04.9139408-04:00","0.01","107.4","178.1","593","17"
"2026-10-01T10:14:09.9240543-04:00","0.01","107.4","178.1","593","17"
"2026-10-01T10:14:14.9309161-04:00","0.01","107.4","178.1","596","18"
"2026-10-01T10:14:19.9400137-04:00","0.01","107.4","178.1","596","18"
"2026-10-01T10:14:24.9593300-04:00","0.01","107.4","178.1","596","18"
"2026-10-01T10:14:29.9684572-04:00","0.01","107.4","178.1","596","18"
"2026-10-01T10:14:34.9792277-04:00","0.019","107.4","178.1","596","17"
"2026-10-01T10:14:39.9900290-04:00","0","107.4","178.1","596","17"
"2026-10-01T10:14:45.0092468-04:00","0.019","107.4","178.1","596","17"
"2026-10-01T10:14:50.0268166-04:00","0.019","107.4","178.1","596","17"
"2026-10-01T10:14:55.0335864-04:00","0.01","107.4","178.1","596","17"
"2026-10-01T10:15:00.0405938-04:00","0.02","107.4","178.1","596","17"
"2026-10-01T10:15:05.0496546-04:00","0.01","107.4","178.1","596","17"
"2026-10-01T10:15:10.0672979-04:00","0.01","107.4","178.1","596","17"
"2026-10-01T10:15:15.0748041-04:00","0.02","107.4","178.1","596","17"
"2026-10-01T10:15:20.0946943-04:00","0","107.4","178.1","596","17"
"2026-10-01T10:15:25.1065542-04:00","0.01","107.4","178.1","596","17"
"2026-10-01T10:15:30.1232379-04:00","0.01","107.4","178.1","596","17"
"2026-10-01T10:15:35.1339884-04:00","0.019","107.4","178.1","596","17"
"2026-10-01T10:15:40.1435157-04:00","0","107.4","178.1","596","17"
"2026-10-01T10:15:45.1537925-04:00","0.019","107.4","178.1","596","17"
"2026-10-01T10:15:50.1637903-04:00","0.01","107.4","178.1","596","17"
"2026-10-01T10:15:55.1718431-04:00","0.01","107.4","178.1","596","17"
"2026-10-01T10:16:00.1862390-04:00","0.019","107.4","178.1","599","18"
"2026-10-01T10:16:05.1964074-04:00","0.019","107.4","178.1","599","18"
"2026-10-01T10:16:10.2050254-04:00","0.01","107.4","178.1","599","18"
"2026-10-01T10:16:15.2124000-04:00","0.029","107.4","178.1","599","18"
"2026-10-01T10:16:20.2323825-04:00","0","107.4","178.1","599","17"
"2026-10-01T10:16:25.2401688-04:00","0.02","107.4","178.1","602","18"
"2026-10-01T10:16:30.2521234-04:00","0.01","107.4","178.1","602","18"
"2026-10-01T10:16:35.2609596-04:00","0.019","107.4","178.1","602","18"
"2026-10-01T10:16:40.2717955-04:00","0","107.4","178.1","602","18"
"2026-10-01T10:16:45.2875460-04:00","0.01","107.4","178.1","602","17"
"2026-10-01T10:16:50.3062623-04:00","0.019","107.4","178.1","602","17"
"2026-10-01T10:16:55.3134049-04:00","0","107.4","178.1","602","17"
"2026-10-01T10:17:00.3220033-04:00","0.019","107.4","178.1","602","17"
"2026-10-01T10:17:05.3305640-04:00","0.01","107.4","178.1","602","17"
"2026-10-01T10:17:10.3421883-04:00","0.01","107.4","178.1","602","17"
"2026-10-01T10:17:15.3571636-04:00","0.01","107.4","178.1","602","17"
"2026-10-01T10:17:20.3635165-04:00","0.01","107.4","178.1","602","17"
"2026-10-01T10:17:25.3730794-04:00","0.01","107.4","178.1","602","17"
"2026-10-01T10:17:30.3790858-04:00","0.02","107.4","178.1","602","17"
"2026-10-01T10:17:35.3888787-04:00","0.01","107.4","178.1","605","18"
"2026-10-01T10:17:40.4000611-04:00","0.01","107.4","178.1","605","18"
"2026-10-01T10:17:45.4123433-04:00","0.01","107.4","178.1","605","18"
"2026-10-01T10:17:50.4203789-04:00","0","107.4","178.1","605","18"
"2026-10-01T10:17:55.4294423-04:00","0.01","107.4","178.1","605","17"
"2026-10-01T10:18:00.4397292-04:00","0","107.4","178.1","605","17"
"2026-10-01T10:18:05.4481065-04:00","0.01","107.4","178.1","605","17"
"2026-10-01T10:18:10.4620537-04:00","0.019","107.4","178.1","605","17"
"2026-10-01T10:18:15.4767819-04:00","0.019","107.4","178.1","605","17"
"2026-10-01T10:18:20.5191326-04:00","0.019","107.4","178.1","605","17"
"2026-10-01T10:18:25.5285410-04:00","0.019","107.4","178.1","605","17"
"2026-10-01T10:18:30.5482295-04:00","0.019","107.4","178.1","605","17"
"2026-10-01T10:18:35.5534713-04:00","0.01","107.4","178.1","605","17"
"2026-10-01T10:18:40.5678041-04:00","0.01","107.4","178.1","605","17"
"2026-10-01T10:18:45.5784922-04:00","0","107.4","178.1","608","18"
"2026-10-01T10:18:50.5916073-04:00","0","107.4","178.1","608","18"
"2026-10-01T10:18:55.5996994-04:00","0.019","107.4","178.1","608","18"
"2026-10-01T10:19:00.6097733-04:00","0.01","107.4","178.1","608","18"
"2026-10-01T10:19:05.6184705-04:00","0.01","107.4","178.1","608","18"
"2026-10-01T10:19:10.6283690-04:00","0.01","107.4","178.1","608","18"
"2026-10-01T10:19:15.6431938-04:00","0.019","107.4","178.1","608","18"
"2026-10-01T10:19:20.6521158-04:00","0","107.4","178.1","608","18"
"2026-10-01T10:19:25.6724946-04:00","0.029","107.4","178.1","608","18"
"2026-10-01T10:19:30.6778450-04:00","0.01","107.4","178.1","608","18"
"2026-10-01T10:19:35.6884488-04:00","0","107.4","178.1","608","17"
"2026-10-01T10:19:40.7005771-04:00","0.01","107.4","178.1","608","17"
"2026-10-01T10:19:45.7115183-04:00","0","107.4","178.1","608","17"
"2026-10-01T10:19:50.7224088-04:00","0.019","107.4","178.1","608","17"
"2026-10-01T10:19:55.7354793-04:00","0.01","107.4","178.1","608","17"
"2026-10-01T10:20:00.7462599-04:00","0.01","107.4","178.1","608","17"
"2026-10-01T10:20:05.7601501-04:00","0","107.4","178.1","608","17"
"2026-10-01T10:20:10.7781272-04:00","0.019","107.4","178.1","608","17"
"2026-10-01T10:20:15.7868398-04:00","0","107.4","178.1","608","17"
"2026-10-01T10:20:20.7959678-04:00","0.019","107.4","178.1","608","17"
"2026-10-01T10:20:25.8062805-04:00","0","107.4","178.1","608","17"
"2026-10-01T10:20:30.8169018-04:00","0.019","107.4","178.1","608","17"
"2026-10-01T10:20:35.8298723-04:00","0.01","107.4","178.1","608","17"
"2026-10-01T10:20:40.8432451-04:00","0.01","107.4","178.1","608","17"
"2026-10-01T10:20:45.8555219-04:00","0.01","107.4","178.1","608","17"
"2026-10-01T10:20:50.8687429-04:00","0.01","107.4","178.1","608","17"
"2026-10-01T10:20:55.9075914-04:00","0.01","107.4","178.1","608","17"
"2026-10-01T10:21:00.9197838-04:00","0.019","107.4","178.1","608","17"
"2026-10-01T10:21:05.9387295-04:00","0.01","107.4","178.1","608","17"
"2026-10-01T10:21:10.9509384-04:00","0.01","107.4","178.1","608","17"
"2026-10-01T10:21:15.9623848-04:00","0","107.4","178.1","608","17"
"2026-10-01T10:21:20.9752018-04:00","0.01","107.4","178.1","608","17"
"2026-10-01T10:21:25.9938305-04:00","0.019","107.4","178.1","611","18"
"2026-10-01T10:21:31.0368893-04:00","0.01","107.4","178.1","611","18"
"2026-10-01T10:21:36.0562031-04:00","0.019","107.4","178.1","611","18"
"2026-10-01T10:21:41.0615053-04:00","0.01","107.4","178.1","611","18"
"2026-10-01T10:21:46.0735252-04:00","0.01","107.4","178.1","611","17"
"2026-10-01T10:21:51.0787764-04:00","0","107.4","178.1","557","17"
"2026-10-01T10:21:56.0861688-04:00","0.01","107.4","178.1","557","17"
"2026-10-01T10:22:01.1061549-04:00","0.01","107.4","178.1","557","17"
"2026-10-01T10:22:06.1198133-04:00","0.01","107.5","178.1","560","18"
"2026-10-01T10:22:11.1315023-04:00","0.01","107.5","178.1","560","18"
"2026-10-01T10:22:16.1491648-04:00","0.019","107.5","178.1","560","18"
"2026-10-01T10:22:21.1645206-04:00","0.019","107.5","178.1","560","18"
"2026-10-01T10:22:26.1723032-04:00","0.02","107.4","178.1","560","17"
"2026-10-01T10:22:31.1791523-04:00","0.02","107.4","178.1","560","17"
"2026-10-01T10:22:36.1912421-04:00","0","107.4","178.1","560","17"
"2026-10-01T10:22:41.2016063-04:00","0.019","107.4","178.1","560","17"
"2026-10-01T10:22:46.2140055-04:00","0.01","107.4","178.1","560","17"
"2026-10-01T10:22:51.2253742-04:00","0.019","107.4","178.1","560","17"
"2026-10-01T10:22:56.2305687-04:00","0.01","107.4","178.1","560","17"
"2026-10-01T10:23:01.2385664-04:00","0.01","107.4","178.1","560","17"
"2026-10-01T10:23:06.2499298-04:00","0.01","107.4","178.1","560","17"
"2026-10-01T10:23:11.2621787-04:00","0.01","107.4","178.1","560","17"
"2026-10-01T10:23:16.2706953-04:00","0.01","107.4","178.1","560","17"
"2026-10-01T10:23:21.2903708-04:00","0.019","107.4","178.1","560","17"
"2026-10-01T10:23:26.3107440-04:00","0","107.4","178.1","560","17"
"2026-10-01T10:23:31.3193599-04:00","0.019","107.4","178.1","560","17"
"2026-10-01T10:23:36.3284987-04:00","0","107.4","178.1","560","17"
"2026-10-01T10:23:41.3407169-04:00","0.019","107.4","178.1","560","17"
"2026-10-01T10:23:46.3600467-04:00","0","107.4","178.1","560","17"
"2026-10-01T10:23:51.3710162-04:00","0.019","107.4","178.1","560","17"
"2026-10-01T10:23:56.3797822-04:00","0.019","107.4","178.1","560","17"
"2026-10-01T10:24:01.3882867-04:00","0.01","107.4","178.1","560","17"
"2026-10-01T10:24:06.4073419-04:00","0","107.4","178.1","560","17"
"2026-10-01T10:24:11.4172247-04:00","0.01","107.4","178.1","560","17"
"2026-10-01T10:24:16.4289989-04:00","0.01","107.4","178.1","560","17"
"2026-10-01T10:24:21.4427345-04:00","0.01","107.4","178.1","560","17"
"2026-10-01T10:24:26.4508581-04:00","0","107.4","178.1","560","17"
"2026-10-01T10:24:31.4576551-04:00","0.02","107.4","178.1","560","17"
"2026-10-01T10:24:36.4654186-04:00","0","107.4","178.1","560","17"
"2026-10-01T10:24:41.4741894-04:00","0.019","107.4","178.1","560","17"
"2026-10-01T10:24:46.4837277-04:00","0.01","107.4","178.1","560","17"
"2026-10-01T10:24:51.4965750-04:00","0.019","107.4","178.1","560","17"
"2026-10-01T10:24:56.5095834-04:00","0.019","107.4","178.1","560","17"
"2026-10-01T10:25:01.5196529-04:00","0.01","107.4","178.1","560","17"
"2026-10-01T10:25:06.5341785-04:00","0.01","107.4","178.1","560","17"
"2026-10-01T10:25:11.5489063-04:00","0.019","107.4","178.1","560","17"
"2026-10-01T10:25:16.5624812-04:00","0.01","107.4","178.1","560","17"
"2026-10-01T10:25:21.5759435-04:00","0.01","107.4","178.1","560","17"
"2026-10-01T10:25:26.5879223-04:00","0.01","107.4","178.1","560","17"
"2026-10-01T10:25:31.6026978-04:00","0.01","107.5","178.1","563","18"
"2026-10-01T10:25:36.6142359-04:00","0.019","107.5","178.1","563","18"
"2026-10-01T10:25:41.6250563-04:00","0","107.5","178.1","563","18"
"2026-10-01T10:25:46.6311386-04:00","0.01","107.5","178.1","563","18"
"2026-10-01T10:25:51.6376874-04:00","0.01","107.4","178.1","563","17"
"2026-10-01T10:25:56.6512346-04:00","0.01","107.4","178.1","563","17"
"2026-10-01T10:26:01.6645844-04:00","0.019","107.4","178.1","563","17"
"2026-10-01T10:26:06.6991243-04:00","0.01","107.4","178.1","563","17"
"2026-10-01T10:26:11.7096065-04:00","0","107.4","178.1","563","17"
"2026-10-01T10:26:16.7178942-04:00","0.01","107.4","178.1","563","17"
"2026-10-01T10:26:21.7267589-04:00","0","107.4","178.1","563","17"
"2026-10-01T10:26:26.7375265-04:00","0.019","107.4","178.1","563","17"
"2026-10-01T10:26:31.7446067-04:00","0","107.5","178.1","566","18"
"2026-10-01T10:26:36.7580941-04:00","0.019","107.5","178.1","566","18"
"2026-10-01T10:26:41.7683920-04:00","0.01","107.5","178.1","566","18"
"2026-10-01T10:26:46.7803327-04:00","0.019","107.5","178.1","566","18"
"2026-10-01T10:26:51.7988987-04:00","0","107.4","178.1","566","17"
"2026-10-01T10:26:56.8132597-04:00","0.019","107.4","178.1","566","17"
"2026-10-01T10:27:01.8297540-04:00","0.01","107.4","178.1","566","17"
"2026-10-01T10:27:06.8373108-04:00","0.02","107.4","178.1","566","17"
"2026-10-01T10:27:11.8431459-04:00","0.01","107.4","178.1","566","17"
"2026-10-01T10:27:16.8541952-04:00","0.01","107.4","178.1","566","17"
"2026-10-01T10:27:21.8615229-04:00","0.01","107.4","178.1","566","17"
"2026-10-01T10:27:26.8711431-04:00","0.01","107.4","178.1","566","17"
"2026-10-01T10:27:31.8779543-04:00","0.02","107.4","178.1","566","17"
"2026-10-01T10:27:36.8910459-04:00","0.01","107.4","178.1","566","17"
"2026-10-01T10:27:41.8984308-04:00","0","107.4","178.1","566","17"
"2026-10-01T10:27:46.9085197-04:00","0.019","107.4","178.1","566","17"
"2026-10-01T10:27:51.9251497-04:00","0.01","107.4","178.1","566","17"
"2026-10-01T10:27:56.9340081-04:00","0.019","107.4","178.1","566","17"
"2026-10-01T10:28:01.9541031-04:00","0","107.4","178.1","566","17"
"2026-10-01T10:28:06.9623932-04:00","0.019","107.4","178.1","566","17"
"2026-10-01T10:28:11.9679130-04:00","0.02","107.4","178.1","566","17"
"2026-10-01T10:28:16.9803226-04:00","0.01","107.4","178.1","566","17"
"2026-10-01T10:28:21.9965899-04:00","0.01","107.4","178.1","566","17"
"2026-10-01T10:28:27.0076165-04:00","0.01","107.4","178.1","566","17"
"2026-10-01T10:28:32.0237819-04:00","0.019","107.4","178.1","566","17"
"2026-10-01T10:28:37.0382197-04:00","0.019","107.4","178.1","566","17"
"2026-10-01T10:28:42.0485622-04:00","0.01","107.4","178.1","566","17"
"2026-10-01T10:28:47.0601682-04:00","0.01","107.4","178.1","566","17"
"2026-10-01T10:28:52.0706931-04:00","0.01","107.4","178.1","566","17"
"2026-10-01T10:28:57.0963202-04:00","0.01","107.4","178.1","566","17"
"2026-10-01T10:29:02.1072931-04:00","0.01","107.4","178.1","566","17"
"2026-10-01T10:29:07.1191520-04:00","0.01","107.4","178.1","566","17"
"2026-10-01T10:29:12.1282232-04:00","0.01","107.4","178.1","566","17"
"2026-10-01T10:29:17.1422157-04:00","0.039","107.4","178.1","566","17"
"2026-10-01T10:29:22.1503073-04:00","0.019","107.4","178.1","566","17"
"2026-10-01T10:29:27.1641600-04:00","0.01","107.4","178.1","566","17"
"2026-10-01T10:29:32.1707344-04:00","0.01","107.4","178.1","566","17"
"2026-10-01T10:29:37.1781609-04:00","0.01","107.4","178.1","566","17"
"2026-10-01T10:29:42.1921554-04:00","0.01","107.4","178.1","566","17"
"2026-10-01T10:29:47.2007683-04:00","0.029","107.4","178.1","566","17"
"2026-10-01T10:29:52.2191456-04:00","0","107.5","178.1","569","18"
"2026-10-01T10:29:57.2307488-04:00","0.01","107.5","178.1","569","18"
"2026-10-01T10:30:02.2377504-04:00","0","107.5","178.1","569","18"
"2026-10-01T10:30:07.2522262-04:00","0.019","107.5","178.1","569","18"
"2026-10-01T10:30:12.2645386-04:00","0.01","107.4","178.1","569","17"
"2026-10-01T10:30:17.2742521-04:00","0.019","107.4","178.1","569","17"
"2026-10-01T10:30:22.2840208-04:00","0","107.4","178.1","569","17"
"2026-10-01T10:30:27.2931858-04:00","0.019","107.4","178.1","569","17"
"2026-10-01T10:30:32.3066074-04:00","0.01","107.4","178.1","569","17"
"2026-10-01T10:30:37.3135341-04:00","0","107.4","178.1","569","17"
"2026-10-01T10:30:42.3211132-04:00","0.029","107.4","178.1","569","17"
"2026-10-01T10:30:47.3383890-04:00","0.01","107.4","178.1","569","17"
"2026-10-01T10:30:52.3532852-04:00","0.01","107.4","178.1","569","17"
"2026-10-01T10:30:57.3685685-04:00","0.019","107.4","178.1","569","17"
"2026-10-01T10:31:02.3829080-04:00","0.01","107.4","178.1","569","17"
"2026-10-01T10:31:07.4014454-04:00","0","107.4","178.1","569","17"
"2026-10-01T10:31:12.4094306-04:00","0.02","107.4","178.1","569","17"
"2026-10-01T10:31:17.4167900-04:00","0.01","107.4","178.1","569","17"
"2026-10-01T10:31:22.4263418-04:00","0.019","107.4","178.1","569","17"
"2026-10-01T10:31:27.4340643-04:00","0.01","107.4","178.1","569","17"
"2026-10-01T10:31:32.4413643-04:00","0.01","107.4","178.1","569","17"
"2026-10-01T10:31:37.4489883-04:00","0.01","107.4","178.1","569","17"
"2026-10-01T10:31:42.4563358-04:00","0.02","107.4","178.1","569","17"
"2026-10-01T10:31:47.4750631-04:00","0.019","107.4","178.1","569","17"
"2026-10-01T10:31:52.4893768-04:00","0.01","107.4","178.1","569","17"
"2026-10-01T10:31:57.4961700-04:00","0","107.4","178.1","569","17"
"2026-10-01T10:32:02.5043103-04:00","0.019","107.5","178.1","572","18"
"2026-10-01T10:32:07.5141578-04:00","0","107.5","178.1","572","18"
"2026-10-01T10:32:12.5251724-04:00","0.01","107.5","178.1","572","18"
"2026-10-01T10:32:17.5313529-04:00","0.01","107.5","178.1","572","18"
"2026-10-01T10:32:22.5390661-04:00","0.01","107.4","178.1","572","17"
"2026-10-01T10:32:27.5521344-04:00","0.01","107.4","178.1","572","17"
"2026-10-01T10:32:32.5632288-04:00","0.01","107.4","178.1","572","17"
"2026-10-01T10:32:37.5732941-04:00","0.01","107.4","178.1","572","17"
"2026-10-01T10:32:42.5818033-04:00","0.019","107.4","178.1","572","17"
"2026-10-01T10:32:47.5897277-04:00","0","107.4","178.1","572","17"
"2026-10-01T10:32:52.6249764-04:00","0.01","107.4","178.1","572","17"
"2026-10-01T10:32:57.6336789-04:00","0.01","107.4","178.1","572","17"
"2026-10-01T10:33:02.6450621-04:00","0.01","107.4","178.1","572","17"
"2026-10-01T10:33:07.6517310-04:00","0.01","107.4","178.1","572","17"
"2026-10-01T10:33:12.6570917-04:00","0.02","107.4","178.1","572","17"
"2026-10-01T10:33:17.6666925-04:00","0.01","107.4","178.1","572","17"
"2026-10-01T10:33:22.6796514-04:00","0.019","107.4","178.1","572","17"
"2026-10-01T10:33:27.6903531-04:00","0.019","107.4","178.1","572","17"
"2026-10-01T10:33:32.7017050-04:00","0.01","107.4","178.1","572","17"
"2026-10-01T10:33:37.7071574-04:00","0.01","107.4","178.1","572","17"
"2026-10-01T10:33:42.7148445-04:00","0.01","107.4","178.1","572","17"
"2026-10-01T10:33:47.7336285-04:00","0.019","107.4","178.1","572","17"
"2026-10-01T10:33:52.7454110-04:00","0.019","107.4","178.1","572","17"
"2026-10-01T10:33:57.7590335-04:00","0","107.4","178.1","572","17"
"2026-10-01T10:34:02.7707889-04:00","0.01","107.4","178.1","572","17"
"2026-10-01T10:34:07.7807345-04:00","0.01","107.4","178.1","572","17"
"2026-10-01T10:34:12.7931508-04:00","0.01","107.4","178.1","572","17"
"2026-10-01T10:34:17.8049543-04:00","0","107.4","178.1","572","17"
"2026-10-01T10:34:22.8146461-04:00","0.019","107.5","178.1","575","18"
"2026-10-01T10:34:27.8289491-04:00","0.019","107.5","178.1","575","18"
"2026-10-01T10:34:32.8372283-04:00","0.01","107.5","178.1","575","18"
"2026-10-01T10:34:37.8501144-04:00","0.01","107.5","178.1","575","18"
"2026-10-01T10:34:42.8649255-04:00","0.01","107.4","178.1","575","17"
"2026-10-01T10:34:47.8787896-04:00","0.01","107.4","178.1","575","17"
"2026-10-01T10:34:52.8906322-04:00","0.01","107.4","178.1","575","17"
"2026-10-01T10:34:57.9040001-04:00","0.01","107.5","178.1","578","18"
"2026-10-01T10:35:02.9137585-04:00","0","107.5","178.1","578","18"
"2026-10-01T10:35:07.9201140-04:00","0.02","107.5","178.1","578","18"
"2026-10-01T10:35:12.9259742-04:00","0.01","107.5","178.1","578","18"
"2026-10-01T10:35:17.9372750-04:00","0.019","107.4","178.1","578","17"
"2026-10-01T10:35:22.9471888-04:00","0.01","107.4","178.1","578","17"
"2026-10-01T10:35:27.9596276-04:00","0.01","107.4","178.1","578","17"
"2026-10-01T10:35:32.9660265-04:00","0.029","107.4","178.1","581","18"
"2026-10-01T10:35:37.9785608-04:00","0.01","107.4","178.1","581","18"
"2026-10-01T10:35:42.9842719-04:00","0.01","107.4","178.1","581","18"
"2026-10-01T10:35:47.9928517-04:00","0","107.4","178.1","581","18"
"2026-10-01T10:35:53.0057456-04:00","0.019","107.4","178.1","581","18"
"2026-10-01T10:35:58.0156016-04:00","0.01","107.4","178.1","581","18"
"2026-10-01T10:36:03.0234614-04:00","0.02","107.4","178.1","581","17"
"2026-10-01T10:36:08.0302903-04:00","0.01","107.4","178.1","581","17"
"2026-10-01T10:36:13.0408469-04:00","0.019","107.4","178.1","581","17"
"2026-10-01T10:36:18.0538119-04:00","0","107.4","178.1","581","17"
"2026-10-01T10:36:23.0718747-04:00","0.029","107.4","178.1","581","17"
"2026-10-01T10:36:28.0845177-04:00","0","107.4","178.1","581","17"
"2026-10-01T10:36:33.0951546-04:00","0.019","107.4","178.1","581","17"
"2026-10-01T10:36:38.1064567-04:00","0.01","107.4","178.1","581","17"
"2026-10-01T10:36:43.1134641-04:00","0","107.4","178.1","581","17"
"2026-10-01T10:36:48.1233843-04:00","0.01","107.4","178.1","581","17"
"2026-10-01T10:36:53.1361856-04:00","0","107.4","178.1","581","17"
"2026-10-01T10:36:58.1421925-04:00","0","107.4","178.1","581","17"
"2026-10-01T10:37:03.1501291-04:00","0.02","107.4","178.1","581","17"
"2026-10-01T10:37:08.1579048-04:00","0","107.4","178.1","581","17"
"2026-10-01T10:37:13.1715927-04:00","0.01","107.4","178.1","584","18"
"2026-10-01T10:37:18.1848083-04:00","0.019","107.4","178.1","584","18"
"2026-10-01T10:37:23.2039601-04:00","0","107.4","178.1","584","18"
"2026-10-01T10:37:28.2125501-04:00","0.019","107.4","178.1","584","18"
"2026-10-01T10:37:33.2181750-04:00","0","107.4","178.1","584","18"
"2026-10-01T10:37:38.2372865-04:00","0.01","107.4","178.1","584","18"
"2026-10-01T10:37:43.2429403-04:00","0.02","107.4","178.1","584","18"
"2026-10-01T10:37:48.2499190-04:00","0","107.4","178.1","584","18"
"2026-10-01T10:37:53.2594502-04:00","0.019","107.5","178.1","587","19"
"2026-10-01T10:37:58.2667436-04:00","0","107.5","178.1","587","19"
"2026-10-01T10:38:03.2741683-04:00","0.029","107.5","178.1","587","19"
"2026-10-01T10:38:08.2797684-04:00","0","107.4","178.1","587","18"
"2026-10-01T10:38:13.2937716-04:00","0.01","107.4","178.1","587","17"
"2026-10-01T10:38:18.3031331-04:00","0.01","107.4","178.1","587","17"
"2026-10-01T10:38:23.3145889-04:00","0.01","107.4","178.1","587","17"
"2026-10-01T10:38:28.3202528-04:00","0.02","107.4","178.1","587","17"
"2026-10-01T10:38:33.3337226-04:00","0.01","107.4","178.1","587","17"
"2026-10-01T10:38:38.3442897-04:00","0.01","107.4","178.1","587","17"
"2026-10-01T10:38:43.3522295-04:00","0.01","107.4","178.1","587","17"
"2026-10-01T10:38:48.3626852-04:00","0.01","107.4","178.1","587","17"
"2026-10-01T10:38:53.3697816-04:00","0.01","107.4","178.1","587","17"
"2026-10-01T10:38:58.3771316-04:00","0.01","107.4","178.1","587","17"
"2026-10-01T10:39:03.3863909-04:00","0.019","107.4","178.1","587","17"
"2026-10-01T10:39:08.3928703-04:00","0.01","107.4","178.1","587","17"
"2026-10-01T10:39:13.4023886-04:00","0.01","107.4","178.1","590","18"
"2026-10-01T10:39:18.4229018-04:00","0","107.4","178.1","590","18"
"2026-10-01T10:39:23.4312602-04:00","0.029","107.4","178.1","590","18"
"2026-10-01T10:39:28.4426675-04:00","0.01","107.4","178.1","590","18"
"2026-10-01T10:39:33.4514596-04:00","0.01","107.4","178.1","590","17"
"2026-10-01T10:39:38.4620256-04:00","0.019","107.4","178.1","590","17"
"2026-10-01T10:39:43.4785540-04:00","0","107.4","178.1","590","17"
"2026-10-01T10:39:48.4842455-04:00","0","107.4","178.1","590","17"
"2026-10-01T10:39:53.4907580-04:00","0.029","107.4","178.1","590","17"
"2026-10-01T10:39:58.5060535-04:00","0.01","107.4","178.1","590","17"
"2026-10-01T10:40:03.5134825-04:00","0","107.4","178.1","590","17"
"2026-10-01T10:40:08.5203600-04:00","0.02","107.4","178.1","590","17"
"2026-10-01T10:40:13.5341016-04:00","0.029","107.4","178.1","590","17"
"2026-10-01T10:40:18.5394562-04:00","0.01","107.4","178.1","590","17"
"2026-10-01T10:40:23.5479151-04:00","0.019","107.4","178.1","590","17"
"2026-10-01T10:40:28.5632422-04:00","0.01","107.4","178.1","590","17"
"2026-10-01T10:40:33.5714173-04:00","0.01","107.4","178.1","593","18"
"2026-10-01T10:40:38.5788390-04:00","0.02","107.4","178.1","593","18"
"2026-10-01T10:40:43.5920156-04:00","0.01","107.4","178.1","593","18"
"2026-10-01T10:40:48.6085081-04:00","0.019","107.4","178.1","593","18"
"2026-10-01T10:40:53.6157839-04:00","0.01","107.4","178.1","593","17"
"2026-10-01T10:40:58.6227924-04:00","0.01","107.4","178.1","596","18"
"2026-10-01T10:41:03.6597437-04:00","0.019","107.4","178.1","596","18"
"2026-10-01T10:41:08.6669589-04:00","0","107.4","178.1","596","18"
"2026-10-01T10:41:13.6775272-04:00","0.019","107.4","178.1","596","18"
"2026-10-01T10:41:18.6849760-04:00","0","108.2","178.9","596","17"
"2026-10-01T10:41:23.6978528-04:00","0.019","107.4","178.1","599","18"
"2026-10-01T10:41:28.7114945-04:00","0.019","107.4","178.1","599","18"
"2026-10-01T10:41:33.7192539-04:00","0.02","107.4","178.1","599","18"
"2026-10-01T10:41:38.7259724-04:00","0","107.4","178.1","599","18"
"2026-10-01T10:41:43.7392954-04:00","0.019","107.4","178.1","599","18"
"2026-10-01T10:41:48.7460066-04:00","0.02","107.4","178.1","599","18"
"2026-10-01T10:41:53.7655255-04:00","0.019","107.4","178.1","599","18"
"2026-10-01T10:41:58.7748773-04:00","0.01","107.4","178.1","599","18"
"2026-10-01T10:42:03.7823155-04:00","0.01","107.4","178.1","599","18"
"2026-10-01T10:42:08.7932159-04:00","0.01","107.4","178.1","599","18"
"2026-10-01T10:42:13.8029526-04:00","0.01","107.4","178.1","599","18"
"2026-10-01T10:42:18.8152354-04:00","0.019","107.4","178.1","599","18"
"2026-10-01T10:42:23.8261333-04:00","0.019","107.4","178.1","599","18"
"2026-10-01T10:42:28.8401405-04:00","0.029","107.4","178.1","599","18"
"2026-10-01T10:42:33.8492537-04:00","0","107.4","178.1","599","17"
"2026-10-01T10:42:38.8556975-04:00","0.029","107.4","178.1","599","17"
"2026-10-01T10:42:43.8652298-04:00","0","107.4","178.1","599","17"
"2026-10-01T10:42:48.8738332-04:00","0.029","107.4","178.1","599","17"
"2026-10-01T10:42:53.8875349-04:00","0.01","107.4","178.1","602","18"
"2026-10-01T10:42:58.8974670-04:00","0.01","107.4","178.1","602","18"
"2026-10-01T10:43:03.9075812-04:00","0.019","107.4","178.1","602","18"
"2026-10-01T10:43:08.9217546-04:00","0.01","107.4","178.1","602","18"
"2026-10-01T10:43:13.9341675-04:00","0.01","107.4","178.1","605","18"
"2026-10-01T10:43:18.9431657-04:00","0","107.4","178.1","605","18"
"2026-10-01T10:43:23.9507944-04:00","0.02","107.4","178.1","605","18"
"2026-10-01T10:43:28.9601163-04:00","0.01","107.4","178.1","605","18"
"2026-10-01T10:43:33.9701811-04:00","0.01","107.4","178.1","605","17"
"2026-10-01T10:43:38.9784910-04:00","0.01","107.4","178.1","605","17"
"2026-10-01T10:43:43.9917494-04:00","0.01","107.4","178.1","605","17"
"2026-10-01T10:43:49.0021641-04:00","0.019","107.4","178.1","605","17"
"2026-10-01T10:43:54.0104569-04:00","0.01","107.4","178.1","605","17"
"2026-10-01T10:43:59.0156358-04:00","0.01","107.4","178.1","605","17"
"2026-10-01T10:44:04.0252898-04:00","0.01","107.4","178.1","605","17"
"2026-10-01T10:44:09.0493454-04:00","0.01","107.4","178.1","608","18"
"2026-10-01T10:44:14.0628157-04:00","0.019","107.4","178.1","608","18"
"2026-10-01T10:44:19.0701625-04:00","0.01","107.4","178.1","608","18"
"2026-10-01T10:44:24.0793596-04:00","0","107.4","178.1","608","18"
"2026-10-01T10:44:29.0915480-04:00","0.01","107.4","178.1","608","17"
"2026-10-01T10:44:34.0976367-04:00","0","107.4","178.1","608","17"
"2026-10-01T10:44:39.1052386-04:00","0.02","107.4","178.1","608","17"
"2026-10-01T10:44:44.1131491-04:00","0","107.4","178.1","611","18"
"2026-10-01T10:44:49.1232393-04:00","0.019","107.4","178.1","611","18"
"2026-10-01T10:44:54.1299001-04:00","0","107.4","178.1","611","18"
"2026-10-01T10:44:59.1420071-04:00","0.01","107.4","178.1","611","18"
"2026-10-01T10:45:04.1527539-04:00","0.01","107.4","178.1","611","17"
"2026-10-01T10:45:09.1656342-04:00","0.019","107.4","178.1","614","18"
"2026-10-01T10:45:14.1770656-04:00","0","107.4","178.1","614","18"
"2026-10-01T10:45:19.1965032-04:00","0.019","107.4","178.1","614","18"
"2026-10-01T10:45:24.2044559-04:00","0","107.4","178.1","614","18"
"2026-10-01T10:45:29.2108035-04:00","0.01","107.4","178.1","614","18"
"2026-10-01T10:45:34.2191130-04:00","0","107.4","178.1","614","18"
"2026-10-01T10:45:39.2257254-04:00","0.01","107.4","178.1","614","18"
"2026-10-01T10:45:44.2364533-04:00","0","107.4","178.1","614","18"
"2026-10-01T10:45:49.2464644-04:00","0.019","107.4","178.1","614","17"
"2026-10-01T10:45:54.2598445-04:00","0.019","107.4","178.1","614","17"
"2026-10-01T10:45:59.2691355-04:00","0.01","107.4","178.1","614","17"
"2026-10-01T10:46:04.2775954-04:00","0.019","107.4","178.1","614","17"
"2026-10-01T10:46:09.2829951-04:00","0","107.4","178.1","614","17"
"2026-10-01T10:46:14.2916914-04:00","0.019","107.4","178.1","614","17"
"2026-10-01T10:46:19.2985868-04:00","0","107.4","178.1","614","17"
"2026-10-01T10:46:24.3085446-04:00","0.019","107.4","178.1","617","18"
"2026-10-01T10:46:29.3160588-04:00","0.01","107.4","178.1","617","18"
"2026-10-01T10:46:34.3264125-04:00","0","107.4","178.1","617","18"
"2026-10-01T10:46:39.3381459-04:00","0.01","107.4","178.1","617","18"
"2026-10-01T10:46:44.3442796-04:00","0","107.4","178.1","617","18"
"2026-10-01T10:46:49.3675284-04:00","0.01","107.4","178.1","617","18"
"2026-10-01T10:46:54.3821217-04:00","0.01","107.4","178.1","617","18"
"2026-10-01T10:46:59.3912553-04:00","0.01","107.4","178.1","617","18"
"2026-10-01T10:47:04.3999959-04:00","0.01","107.4","178.1","617","17"
"2026-10-01T10:47:09.4073723-04:00","0.01","107.4","178.1","617","17"
"2026-10-01T10:47:14.4297594-04:00","0.019","107.4","178.1","617","17"
"2026-10-01T10:47:19.4414829-04:00","0.01","107.4","178.1","617","17"
"2026-10-01T10:47:24.4496056-04:00","0.029","107.4","178.1","617","17"
"2026-10-01T10:47:29.4559787-04:00","0.02","107.4","178.1","617","17"
"2026-10-01T10:47:34.4617530-04:00","0.01","107.4","178.1","617","17"
"2026-10-01T10:47:39.4755572-04:00","0.039","107.4","178.1","617","17"
"2026-10-01T10:47:44.4877643-04:00","0.01","107.4","178.1","620","18"
"2026-10-01T10:47:49.4927627-04:00","0.01","107.4","178.1","620","18"
"2026-10-01T10:47:54.5055085-04:00","0.01","107.4","178.1","620","18"
"2026-10-01T10:47:59.5197352-04:00","0.01","107.4","178.1","620","18"
"2026-10-01T10:48:04.5306387-04:00","0","107.4","178.1","620","17"
"2026-10-01T10:48:09.5460145-04:00","0.019","107.4","178.1","620","17"
"2026-10-01T10:48:14.5536459-04:00","0.01","107.4","178.1","623","18"
"2026-10-01T10:48:19.5646187-04:00","0.01","107.4","178.1","623","18"
"2026-10-01T10:48:24.5765845-04:00","0","107.4","178.1","623","18"
"2026-10-01T10:48:29.5880733-04:00","0.01","107.4","178.1","623","18"
"2026-10-01T10:48:34.6058852-04:00","0.01","107.4","178.1","623","18"
"2026-10-01T10:48:39.6451782-04:00","0.019","107.4","178.1","623","18"
"2026-10-01T10:48:44.6579438-04:00","0.01","107.4","178.1","623","17"
"2026-10-01T10:48:49.6680318-04:00","0.01","107.4","178.1","626","18"
"2026-10-01T10:48:54.6835268-04:00","0.019","108.2","178.9","626","18"
"2026-10-01T10:48:59.6891110-04:00","0.029","107.4","178.1","626","18"
"2026-10-01T10:49:04.6962522-04:00","0.01","107.4","178.1","626","17"
"2026-10-01T10:49:09.7082629-04:00","0.01","107.4","178.1","626","17"
"2026-10-01T10:49:14.7192643-04:00","0.019","107.4","178.1","629","18"
"2026-10-01T10:49:19.7285174-04:00","0","107.4","178.1","629","18"
"2026-10-01T10:49:24.7376683-04:00","0.019","107.4","178.1","629","18"
"2026-10-01T10:49:29.7519125-04:00","0.01","107.4","178.1","629","18"
"2026-10-01T10:49:34.7579869-04:00","0","107.4","178.1","629","18"
"2026-10-01T10:49:39.7637427-04:00","0.02","107.4","178.1","629","18"
"2026-10-01T10:49:44.7714898-04:00","0.02","107.4","178.1","629","18"
"2026-10-01T10:49:49.7836171-04:00","0.019","107.4","178.1","629","18"
"2026-10-01T10:49:54.7941032-04:00","0.019","107.4","178.1","629","17"
"2026-10-01T10:49:59.8020950-04:00","0.01","107.4","178.1","629","17"
"2026-10-01T10:50:04.8221357-04:00","0.01","107.4","178.1","629","17"
"2026-10-01T10:50:09.8292564-04:00","0.01","107.4","178.1","629","17"
"2026-10-01T10:50:14.8365889-04:00","0.01","107.4","178.1","629","17"
"2026-10-01T10:50:19.8450287-04:00","0.01","107.4","178.1","632","18"
"2026-10-01T10:50:24.8527303-04:00","0.01","107.4","178.1","632","18"
"2026-10-01T10:50:29.8654943-04:00","0.01","107.4","178.1","632","18"
"2026-10-01T10:50:34.8848031-04:00","0.029","107.4","178.1","632","18"
"2026-10-01T10:50:39.8934854-04:00","0.01","107.4","178.1","632","17"
"2026-10-01T10:50:44.9014584-04:00","0.02","107.4","178.1","632","17"
"2026-10-01T10:50:49.9119008-04:00","0","107.4","178.1","632","17"
"2026-10-01T10:50:54.9296460-04:00","0.01","107.4","178.1","632","17"
"2026-10-01T10:50:59.9398679-04:00","0.019","107.4","178.1","632","17"
"2026-10-01T10:51:04.9480478-04:00","0.019","107.4","178.1","635","18"
"2026-10-01T10:51:09.9553995-04:00","0.01","107.4","178.1","635","18"
"2026-10-01T10:51:14.9654847-04:00","0.019","107.4","178.1","635","18"
"2026-10-01T10:51:19.9793806-04:00","0.01","107.4","178.1","635","18"
"2026-10-01T10:51:24.9980567-04:00","0.01","107.4","178.1","635","18"
"2026-10-01T10:51:30.0097785-04:00","0.01","107.4","178.1","635","18"
"2026-10-01T10:51:35.0197821-04:00","0.01","107.4","178.1","635","18"
"2026-10-01T10:51:40.0261459-04:00","0.01","107.4","178.1","635","18"
"2026-10-01T10:51:45.0399025-04:00","0.019","107.4","178.1","635","18"
"2026-10-01T10:51:50.0467725-04:00","0.01","107.4","178.1","635","17"
"2026-10-01T10:51:55.0569755-04:00","0.019","107.4","178.1","638","18"
"2026-10-01T10:52:00.0674596-04:00","0.01","107.4","178.1","638","18"
"2026-10-01T10:52:05.0812658-04:00","0.019","107.4","178.1","638","18"
"2026-10-01T10:52:10.0964656-04:00","0.01","107.4","178.1","638","18"
"2026-10-01T10:52:15.1054606-04:00","0.01","107.4","178.1","638","18"
"2026-10-01T10:52:20.1183021-04:00","0.01","107.4","178.1","638","18"
"2026-10-01T10:52:25.1280110-04:00","0.01","107.4","178.1","638","18"
"2026-10-01T10:52:30.1459843-04:00","0.019","107.4","178.1","638","17"
"2026-10-01T10:52:35.1545378-04:00","0.019","107.4","178.1","638","17"
"2026-10-01T10:52:40.1596958-04:00","0.01","107.4","178.1","638","17"
"2026-10-01T10:52:45.1704729-04:00","0.019","107.4","178.1","638","17"
"2026-10-01T10:52:50.1778609-04:00","0.01","107.4","178.1","638","17"
"2026-10-01T10:52:55.1874287-04:00","0.019","107.4","178.1","638","17"
"2026-10-01T10:53:00.1987128-04:00","0.019","107.4","178.1","638","17"
"2026-10-01T10:53:05.2076121-04:00","0.01","107.4","178.1","638","17"
"2026-10-01T10:53:10.2202513-04:00","0.01","107.4","178.1","638","17"
"2026-10-01T10:53:15.2352583-04:00","0.01","107.4","178.1","638","17"
"2026-10-01T10:53:20.2450540-04:00","0.01","107.4","178.1","638","17"
"2026-10-01T10:53:25.2516998-04:00","0","107.5","178.1","644","19"
"2026-10-01T10:53:30.2642704-04:00","0","107.5","178.1","644","19"
"2026-10-01T10:53:35.2779772-04:00","0.019","107.5","178.1","644","19"
"2026-10-01T10:53:40.2872711-04:00","0.01","107.5","178.1","644","19"
"2026-10-01T10:53:45.3003052-04:00","0.019","107.4","178.1","644","17"
"2026-10-01T10:53:50.3107584-04:00","0.01","107.4","178.1","644","17"
"2026-10-01T10:53:55.3202171-04:00","0.019","107.4","178.1","644","17"
"2026-10-01T10:54:00.3285365-04:00","0","107.4","178.1","644","17"
"2026-10-01T10:54:05.3390713-04:00","0.019","107.4","178.1","644","17"
"2026-10-01T10:54:10.3467157-04:00","0.01","107.4","178.1","644","17"
"2026-10-01T10:54:15.3582832-04:00","0.01","107.4","178.1","647","18"
"2026-10-01T10:54:20.3703634-04:00","0.01","107.4","178.1","647","18"
"2026-10-01T10:54:25.3770024-04:00","0.01","107.4","178.1","647","18"
"2026-10-01T10:54:30.3893256-04:00","0.019","107.4","178.1","647","18"
"2026-10-01T10:54:35.4034237-04:00","0.019","107.4","178.1","647","18"
"2026-10-01T10:54:40.4181020-04:00","0.01","107.4","178.1","647","18"
"2026-10-01T10:54:45.4296846-04:00","0.01","107.4","178.1","647","18"
"2026-10-01T10:54:50.4347342-04:00","0","107.4","178.1","647","18"
"2026-10-01T10:54:55.4469807-04:00","0.01","107.4","178.1","647","18"
"2026-10-01T10:55:00.4531905-04:00","0","107.4","178.1","647","18"
"2026-10-01T10:55:05.4620943-04:00","0.01","107.4","178.1","647","18"
"2026-10-01T10:55:10.4732266-04:00","0.01","107.4","178.1","647","18"
"2026-10-01T10:55:15.4866190-04:00","0.01","107.4","178.1","647","17"
"2026-10-01T10:55:20.4938952-04:00","0.01","107.4","178.1","647","17"
"2026-10-01T10:55:25.5031659-04:00","0.019","107.4","178.1","647","17"
"2026-10-01T10:55:30.5202625-04:00","0","107.4","178.1","647","17"
"2026-10-01T10:55:35.5287517-04:00","0.01","107.4","178.1","650","18"
"2026-10-01T10:55:40.5490180-04:00","0.019","107.4","178.1","650","18"
"2026-10-01T10:55:45.5620427-04:00","0.019","107.4","178.1","650","18"
"2026-10-01T10:55:50.5699967-04:00","0.01","107.4","178.1","650","18"
"2026-10-01T10:55:55.5892669-04:00","0.01","107.4","178.1","650","17"
"2026-10-01T10:56:00.6153386-04:00","0.019","107.4","178.1","650","17"
"2026-10-01T10:56:05.6244287-04:00","0.01","107.4","178.1","650","17"
"2026-10-01T10:56:10.6337813-04:00","0","107.4","178.1","650","17"
"2026-10-01T10:56:15.6442312-04:00","0.019","107.4","178.1","566","17"
"2026-10-01T10:56:20.6549991-04:00","0.01","107.4","178.1","566","17"
"2026-10-01T10:56:25.6660322-04:00","0.01","107.4","178.1","566","17"
"2026-10-01T10:56:30.6734808-04:00","0.02","107.4","178.1","566","17"
"2026-10-01T10:56:35.6841851-04:00","0.01","107.4","178.1","566","17"
"2026-10-01T10:56:40.7046894-04:00","0.019","107.4","178.1","566","17"
"2026-10-01T10:56:45.7196106-04:00","0.01","107.4","178.1","566","17"
"2026-10-01T10:56:50.7288171-04:00","0.01","107.4","178.1","566","17"
"2026-10-01T10:56:55.7420095-04:00","0","107.4","178.1","566","17"
"2026-10-01T10:57:00.7566365-04:00","0.01","107.4","178.1","566","17"
"2026-10-01T10:57:05.7708266-04:00","0.019","107.5","178.1","569","18"
"2026-10-01T10:57:10.7817662-04:00","0.019","107.5","178.1","569","18"
"2026-10-01T10:57:15.7911255-04:00","0.01","107.5","178.1","569","18"
"2026-10-01T10:57:20.8018831-04:00","0.01","107.5","178.1","569","18"
"2026-10-01T10:57:25.8085940-04:00","0.02","107.5","178.1","569","18"
"2026-10-01T10:57:30.8185903-04:00","0.01","107.5","178.1","569","18"
"2026-10-01T10:57:35.8288458-04:00","0.029","107.5","178.1","569","18"
"2026-10-01T10:57:40.8432916-04:00","0.01","107.4","178.1","569","17"
"2026-10-01T10:57:45.8535635-04:00","0","107.4","178.1","569","17"
"2026-10-01T10:57:50.8646630-04:00","0.01","107.4","178.1","569","17"
"2026-10-01T10:57:55.8781504-04:00","0.019","107.4","178.1","569","17"
"2026-10-01T10:58:00.8956984-04:00","0","107.4","178.1","569","17"
"2026-10-01T10:58:05.9096133-04:00","0.019","107.4","178.1","569","17"
"2026-10-01T10:58:10.9280712-04:00","0.01","107.4","178.1","569","17"
"2026-10-01T10:58:15.9482244-04:00","0.01","107.4","178.1","569","17"
"2026-10-01T10:58:20.9620254-04:00","0.01","107.4","178.1","569","17"
"2026-10-01T10:58:25.9789388-04:00","0.019","107.4","178.1","569","17"
"2026-10-01T10:58:30.9872930-04:00","0.019","107.4","178.1","569","17"
"2026-10-01T10:58:35.9922100-04:00","0.02","107.4","178.1","569","17"
"2026-10-01T10:58:41.0027617-04:00","0.019","107.4","178.1","569","17"
"2026-10-01T10:58:46.0164844-04:00","0.01","107.4","178.1","569","17"
"2026-10-01T10:58:51.0301494-04:00","0.01","107.4","178.1","569","17"
"2026-10-01T10:58:56.0360687-04:00","0","107.4","178.1","569","17"
"2026-10-01T10:59:01.0447916-04:00","0.019","107.4","178.1","569","17"
"2026-10-01T10:59:06.0570825-04:00","0.01","107.4","178.1","569","17"
"2026-10-01T10:59:11.0668560-04:00","0.01","107.4","178.1","569","17"
"2026-10-01T10:59:16.0754987-04:00","0.019","107.4","178.1","569","17"
"2026-10-01T10:59:21.0865332-04:00","0.019","107.4","178.1","569","17"
"2026-10-01T10:59:26.0958203-04:00","0","107.4","178.1","569","17"
"2026-10-01T10:59:31.1072045-04:00","0.01","107.4","178.1","569","17"
"2026-10-01T10:59:36.1153699-04:00","0","107.4","178.1","569","17"
"2026-10-01T10:59:41.1300533-04:00","0.01","107.4","178.1","569","17"
"2026-10-01T10:59:46.1378175-04:00","0.02","107.4","178.1","569","17"
"2026-10-01T10:59:51.1512570-04:00","0.01","107.4","178.1","569","17"
"2026-10-01T10:59:56.1591803-04:00","0","107.4","178.1","569","17"
"2026-10-01T11:00:01.1687124-04:00","0.019","107.4","178.1","569","17"
"2026-10-01T11:00:06.1873026-04:00","0","107.4","178.1","569","17"
"2026-10-01T11:00:11.1990339-04:00","0.01","107.4","178.1","569","17"
"2026-10-01T11:00:16.2092728-04:00","0.01","107.4","178.1","569","17"
"2026-10-01T11:00:21.2295230-04:00","0.019","107.4","178.1","569","17"
"2026-10-01T11:00:26.2402836-04:00","0.01","107.4","178.1","569","17"
"2026-10-01T11:00:31.2521017-04:00","0.019","107.4","178.1","569","17"
"2026-10-01T11:00:36.2621471-04:00","0.019","107.4","178.1","569","17"
"2026-10-01T11:00:41.2697571-04:00","0.01","107.4","178.1","569","17"
"2026-10-01T11:00:46.2814796-04:00","0.01","107.4","178.1","569","17"
"2026-10-01T11:00:51.3011570-04:00","0.019","107.4","178.1","569","17"
"2026-10-01T11:00:56.3345025-04:00","0.019","107.4","178.1","569","17"
"2026-10-01T11:01:01.3445182-04:00","0.019","107.4","178.1","569","17"
"2026-10-01T11:01:06.3549423-04:00","0.01","107.4","178.1","569","17"
"2026-10-01T11:01:11.3647471-04:00","0.019","107.4","178.1","569","17"
"2026-10-01T11:01:16.3743853-04:00","0","107.4","178.1","569","17"
"2026-10-01T11:01:21.3854312-04:00","0.029","107.4","178.1","569","17"
"2026-10-01T11:01:26.3966156-04:00","0.01","107.4","178.1","569","17"
"2026-10-01T11:01:31.4132974-04:00","0.01","107.4","178.1","569","17"
"2026-10-01T11:01:36.4293376-04:00","0.01","107.4","178.1","569","17"
"2026-10-01T11:01:41.4445651-04:00","0.01","107.4","178.1","569","17"
"2026-10-01T11:01:46.4542295-04:00","0","107.4","178.1","569","17"
"2026-10-01T11:01:51.4616624-04:00","0.029","107.4","178.1","569","17"
"2026-10-01T11:01:56.4761967-04:00","0.01","107.4","178.1","569","17"
"2026-10-01T11:02:01.4877839-04:00","0.01","107.4","178.1","569","17"
"2026-10-01T11:02:06.4975835-04:00","0.01","107.4","178.1","569","17"
"2026-10-01T11:02:11.5057194-04:00","0.01","107.4","178.1","569","17"
"2026-10-01T11:02:16.5140929-04:00","0","107.4","178.1","569","17"
"2026-10-01T11:02:21.5334254-04:00","0.019","107.4","178.1","569","17"
"2026-10-01T11:02:26.5424762-04:00","0","107.4","178.1","569","17"
"2026-10-01T11:02:31.5581331-04:00","0.01","107.4","178.1","569","17"
"2026-10-01T11:02:36.5775479-04:00","0.01","107.4","178.1","569","17"
"2026-10-01T11:02:41.5966096-04:00","0.029","107.4","178.1","569","17"
"2026-10-01T11:02:46.6038739-04:00","0","107.4","178.1","569","17"
"2026-10-01T11:02:51.6128751-04:00","0.019","107.4","178.1","569","17"
"2026-10-01T11:02:56.6331972-04:00","0","107.4","178.1","569","17"
"2026-10-01T11:03:01.6432770-04:00","0.019","107.4","178.1","569","17"
"2026-10-01T11:03:06.6554877-04:00","0","107.4","178.1","569","17"
"2026-10-01T11:03:11.6625603-04:00","0.02","107.4","178.1","569","17"
"2026-10-01T11:03:16.6714869-04:00","0","107.4","178.1","569","17"
"2026-10-01T11:03:21.6810031-04:00","0.01","107.4","178.1","569","17"
"2026-10-01T11:03:26.6863513-04:00","0.01","108.2","178.9","569","17"
"2026-10-01T11:03:31.7060816-04:00","0.019","107.5","178.1","572","18"
"2026-10-01T11:03:36.7199942-04:00","0.01","107.5","178.1","572","18"
"2026-10-01T11:03:41.7365255-04:00","0.01","107.5","178.1","572","18"
"2026-10-01T11:03:46.7460457-04:00","0.01","107.5","178.1","572","18"
"2026-10-01T11:03:51.7577244-04:00","0.01","107.4","178.1","572","17"
"2026-10-01T11:03:56.7769135-04:00","0.019","107.4","178.1","572","17"
"2026-10-01T11:04:01.8042281-04:00","0.01","107.5","178.1","575","18"
"2026-10-01T11:04:06.8175117-04:00","0.019","107.5","178.1","575","18"
"2026-10-01T11:04:11.8285856-04:00","0.019","107.5","178.1","575","18"
"2026-10-01T11:04:16.8355954-04:00","0.01","107.5","178.1","575","18"
"2026-10-01T11:04:21.8420546-04:00","0.02","107.4","178.1","575","17"
"2026-10-01T11:04:26.8528565-04:00","0.019","107.4","178.1","575","17"
"2026-10-01T11:04:31.8632007-04:00","0.019","107.4","178.1","575","17"
"2026-10-01T11:04:36.8708300-04:00","0.02","107.4","178.1","575","17"
"2026-10-01T11:04:41.8774574-04:00","0.01","107.4","178.1","575","17"
"2026-10-01T11:04:46.8863403-04:00","0.019","107.4","178.1","575","17"
"2026-10-01T11:04:51.8976270-04:00","0","107.4","178.1","575","17"
"2026-10-01T11:04:56.9059204-04:00","0.019","107.4","178.1","575","17"
"2026-10-01T11:05:01.9143508-04:00","0","107.4","178.1","575","17"
"2026-10-01T11:05:06.9339037-04:00","0.029","107.4","178.1","575","17"
"2026-10-01T11:05:11.9422065-04:00","0.01","107.4","178.1","575","17"
"2026-10-01T11:05:16.9521857-04:00","0.039","107.4","178.1","575","17"
"2026-10-01T11:05:21.9629113-04:00","0.019","107.4","178.1","575","17"
"2026-10-01T11:05:26.9824391-04:00","0.019","107.4","178.1","575","17"
"2026-10-01T11:05:31.9939410-04:00","0.01","107.4","178.1","575","17"
"2026-10-01T11:05:36.9991466-04:00","0.029","107.5","178.1","578","18"
"2026-10-01T11:05:42.0070600-04:00","0","107.5","178.1","578","18"
"2026-10-01T11:05:47.0261688-04:00","0.029","107.5","178.1","578","18"
"2026-10-01T11:05:52.0359981-04:00","0","107.5","178.1","578","18"
"2026-10-01T11:05:57.0492633-04:00","0.019","107.4","178.1","578","17"
"2026-10-01T11:06:02.0637129-04:00","0.01","107.4","178.1","578","17"
"2026-10-01T11:06:07.0755051-04:00","0.01","107.4","178.1","578","17"
"2026-10-01T11:06:12.0873741-04:00","0.01","107.4","178.1","578","17"
"2026-10-01T11:06:17.0947584-04:00","0","107.4","178.1","578","17"
"2026-10-01T11:06:22.1002001-04:00","0.01","107.4","178.1","578","17"
"2026-10-01T11:06:27.1069481-04:00","0.02","107.4","178.1","578","17"
"2026-10-01T11:06:32.1129956-04:00","0","107.4","178.1","578","17"
"2026-10-01T11:06:37.1256304-04:00","0.01","107.4","178.1","578","17"
"2026-10-01T11:06:42.1339361-04:00","0.01","107.4","178.1","578","17"
"2026-10-01T11:06:47.1435852-04:00","0.029","107.4","178.1","578","17"
"2026-10-01T11:06:52.1492221-04:00","0.02","107.4","178.1","581","18"
"2026-10-01T11:06:57.1545589-04:00","0.01","107.4","178.1","581","18"
"2026-10-01T11:07:02.1667659-04:00","0.01","107.4","178.1","581","18"
"2026-10-01T11:07:07.1959706-04:00","0.019","107.4","178.1","581","18"
"2026-10-01T11:07:12.2038983-04:00","0.01","107.4","178.1","581","17"
"2026-10-01T11:07:17.2110305-04:00","0.02","107.4","178.1","581","17"
"2026-10-01T11:07:22.2248183-04:00","0","107.4","178.1","581","17"
"2026-10-01T11:07:27.2453865-04:00","0.029","107.4","178.1","581","17"
"2026-10-01T11:07:32.2542036-04:00","0.01","107.4","178.1","581","17"
"2026-10-01T11:07:37.2639238-04:00","0.029","107.4","178.1","581","17"
"2026-10-01T11:07:42.2840442-04:00","0","107.4","178.1","581","17"
"2026-10-01T11:07:47.2950597-04:00","0.019","107.4","178.1","581","17"
"2026-10-01T11:07:52.3136940-04:00","0","107.4","178.1","581","17"
"2026-10-01T11:07:57.3256774-04:00","0.019","107.4","178.1","581","17"
"2026-10-01T11:08:02.3411845-04:00","0.01","107.4","178.1","581","17"
"2026-10-01T11:08:07.3595100-04:00","0","107.4","178.1","581","17"
"2026-10-01T11:08:12.3690996-04:00","0.01","107.4","178.1","581","17"
"2026-10-01T11:08:17.3863506-04:00","0","107.4","178.1","581","17"
"2026-10-01T11:08:22.3959571-04:00","0.01","107.4","178.1","581","17"
"2026-10-01T11:08:27.4041677-04:00","0.01","107.4","178.1","584","18"
"2026-10-01T11:08:32.4180638-04:00","0.019","107.4","178.1","584","18"
"2026-10-01T11:08:37.4318971-04:00","0.01","107.4","178.1","584","18"
"2026-10-01T11:08:42.4460841-04:00","0.019","107.4","178.1","584","18"
"2026-10-01T11:08:47.4525744-04:00","0.01","107.4","178.1","584","17"
"2026-10-01T11:08:52.4708664-04:00","0.019","107.4","178.1","584","17"
"2026-10-01T11:08:57.4882720-04:00","0.019","107.4","178.1","584","17"
"2026-10-01T11:09:02.5012579-04:00","0.01","107.4","178.1","584","17"
"2026-10-01T11:09:07.5200590-04:00","0.019","107.4","178.1","584","17"
"2026-10-01T11:09:12.5302557-04:00","0","107.4","178.1","584","17"
"2026-10-01T11:09:17.5405223-04:00","0.019","107.4","178.1","584","17"
"2026-10-01T11:09:22.5512048-04:00","0.01","107.4","178.1","584","17"
"2026-10-01T11:09:27.5880963-04:00","0","107.4","178.1","584","17"
"2026-10-01T11:09:32.6285257-04:00","0.019","107.4","178.1","584","17"
"2026-10-01T11:09:37.6387598-04:00","0","107.4","178.1","584","17"
"2026-10-01T11:09:42.6449315-04:00","0.02","107.4","178.1","584","17"
"2026-10-01T11:09:47.6551153-04:00","0.01","107.4","178.1","584","17"
"2026-10-01T11:09:52.6649013-04:00","0.01","107.4","178.1","584","17"
"2026-10-01T11:09:57.6755365-04:00","0.019","107.4","178.1","584","17"
"2026-10-01T11:10:02.6848040-04:00","0","108.2","178.9","584","17"
"2026-10-01T11:10:07.7024987-04:00","0.029","107.4","178.1","584","17"
"2026-10-01T11:10:12.7139194-04:00","0.01","107.4","178.1","584","17"
"2026-10-01T11:10:17.7194798-04:00","0.02","107.4","178.1","584","17"
"2026-10-01T11:10:22.7270770-04:00","0.01","107.4","178.1","587","18"
"2026-10-01T11:10:27.7373105-04:00","0.01","107.4","178.1","587","18"
"2026-10-01T11:10:32.7496613-04:00","0.01","107.4","178.1","587","18"
"2026-10-01T11:10:37.7601549-04:00","0.01","107.4","178.1","587","18"
"2026-10-01T11:10:42.7691745-04:00","0.019","107.4","178.1","587","17"
"2026-10-01T11:10:47.7811106-04:00","0.01","107.4","178.1","587","17"
"2026-10-01T11:10:52.8016656-04:00","0.01","107.4","178.1","587","17"
"2026-10-01T11:10:57.8101860-04:00","0.019","107.4","178.1","587","17"
"2026-10-01T11:11:02.8201455-04:00","0.019","107.4","178.1","587","17"
"2026-10-01T11:11:07.8282216-04:00","0.019","107.4","178.1","587","17"
"2026-10-01T11:11:12.8487443-04:00","0","107.4","178.1","587","17"
"2026-10-01T11:11:17.8583881-04:00","0.019","107.4","178.1","590","18"
"2026-10-01T11:11:22.8674179-04:00","0","107.4","178.1","590","18"
"2026-10-01T11:11:27.8793436-04:00","0.019","107.4","178.1","590","18"
"2026-10-01T11:11:32.8864991-04:00","0.02","107.4","178.1","590","18"
"2026-10-01T11:11:37.9007778-04:00","0.01","107.4","178.1","590","18"
"2026-10-01T11:11:42.9204138-04:00","0.029","107.4","178.1","590","18"
"2026-10-01T11:11:47.9305100-04:00","0.01","107.4","178.1","590","18"
"2026-10-01T11:11:52.9451753-04:00","0.019","107.4","178.1","590","17"
"2026-10-01T11:11:57.9594982-04:00","0.01","107.4","178.1","590","17"
"2026-10-01T11:12:02.9744795-04:00","0.01","107.4","178.1","593","18"
"2026-10-01T11:12:07.9814728-04:00","0.02","107.4","178.1","593","18"
"2026-10-01T11:12:13.0001228-04:00","0.019","107.4","178.1","593","18"
"2026-10-01T11:12:18.0073687-04:00","0","107.4","178.1","593","18"
"2026-10-01T11:12:23.0276960-04:00","0.029","107.4","178.1","593","17"
"2026-10-01T11:12:28.0405360-04:00","0.01","107.4","178.1","593","17"
"2026-10-01T11:12:33.0475124-04:00","0.01","107.4","178.1","593","17"
"2026-10-01T11:12:38.0554236-04:00","0.01","107.4","178.1","596","18"
"2026-10-01T11:12:43.0648918-04:00","0.01","107.4","178.1","596","18"
"2026-10-01T11:12:48.0737791-04:00","0.019","107.4","178.1","596","18"
"2026-10-01T11:12:53.0860899-04:00","0.01","107.4","178.1","596","18"
"2026-10-01T11:12:58.0927704-04:00","0.01","107.4","178.1","596","17"
"2026-10-01T11:13:03.1005607-04:00","0.02","107.4","178.1","596","17"
"2026-10-01T11:13:08.1183653-04:00","0.019","107.4","178.1","596","17"
"2026-10-01T11:13:13.1277303-04:00","0","107.4","178.1","596","17"
"2026-10-01T11:13:18.1388688-04:00","0.019","107.4","178.1","596","17"
"2026-10-01T11:13:23.1525625-04:00","0.01","107.4","178.1","596","17"
"2026-10-01T11:13:28.1592170-04:00","0","107.4","178.1","599","18"
"2026-10-01T11:13:33.1710684-04:00","0.01","107.4","178.1","599","18"
"2026-10-01T11:13:38.1854379-04:00","0.01","107.4","178.1","599","18"
"2026-10-01T11:13:43.1967696-04:00","0.01","107.4","178.1","599","18"
"2026-10-01T11:13:48.2093536-04:00","0.01","107.4","178.1","599","17"
"2026-10-01T11:13:53.2164993-04:00","0.01","107.4","178.1","599","17"
"2026-10-01T11:13:58.2250208-04:00","0.01","107.4","178.1","599","17"
"2026-10-01T11:14:03.2319781-04:00","0.01","107.4","178.1","602","18"
"2026-10-01T11:14:08.2411662-04:00","0.01","107.4","178.1","602","18"
"2026-10-01T11:14:13.2516581-04:00","0.01","107.4","178.1","602","18"
"2026-10-01T11:14:18.2600902-04:00","0.01","107.4","178.1","602","18"
"2026-10-01T11:14:23.2683337-04:00","0.01","107.4","178.1","602","17"
"2026-10-01T11:14:28.2867143-04:00","0.019","107.4","178.1","605","18"
"2026-10-01T11:14:33.3007581-04:00","0.01","107.4","178.1","605","18"
"2026-10-01T11:14:38.3123961-04:00","0.01","107.4","178.1","605","18"
"2026-10-01T11:14:43.3183735-04:00","0.02","107.4","178.1","605","18"
"2026-10-01T11:14:48.3262005-04:00","0.01","107.4","178.1","605","17"
"2026-10-01T11:14:53.3371388-04:00","0.01","107.4","178.1","605","17"
"2026-10-01T11:14:58.3450296-04:00","0","107.4","178.1","605","17"
"2026-10-01T11:15:03.3654374-04:00","0.019","107.4","178.1","605","17"
"2026-10-01T11:15:08.3864768-04:00","0","107.4","178.1","605","17"
"2026-10-01T11:15:13.4064020-04:00","0.01","107.4","178.1","605","17"
"2026-10-01T11:15:18.4119538-04:00","0.02","107.4","178.1","605","17"
"2026-10-01T11:15:23.4238725-04:00","0.01","107.4","178.1","605","17"
"2026-10-01T11:15:28.4329701-04:00","0.01","107.4","178.1","605","17"
"2026-10-01T11:15:33.4383538-04:00","0.02","107.4","178.1","605","17"
"2026-10-01T11:15:38.4532839-04:00","0.01","107.4","178.1","605","17"
"2026-10-01T11:15:43.4691636-04:00","0.019","107.4","178.1","605","17"
"2026-10-01T11:15:48.4772426-04:00","0.01","107.4","178.1","605","17"
"2026-10-01T11:15:53.4888099-04:00","0.01","107.4","178.1","605","17"
"2026-10-01T11:15:58.5015210-04:00","0","107.4","178.1","605","17"
"2026-10-01T11:16:03.5096886-04:00","0.01","107.4","178.1","605","17"
"2026-10-01T11:16:08.5225822-04:00","0.019","107.4","178.1","605","17"
"2026-10-01T11:16:13.5425651-04:00","0","107.4","178.1","605","17"
"2026-10-01T11:16:18.5602938-04:00","0.01","107.4","178.1","605","17"
"2026-10-01T11:16:23.5677832-04:00","0.029","107.4","178.1","605","17"
"2026-10-01T11:16:28.5745253-04:00","0","107.4","178.1","605","17"
"2026-10-01T11:16:33.5811929-04:00","0.029","107.4","178.1","605","17"
"2026-10-01T11:16:38.5890984-04:00","0.01","107.4","178.1","605","17"
"2026-10-01T11:16:43.5991654-04:00","0.019","107.4","178.1","605","17"
"2026-10-01T11:16:48.6126418-04:00","0.01","107.4","178.1","605","17"
"2026-10-01T11:16:53.6315333-04:00","0","107.4","178.1","605","17"
"2026-10-01T11:16:58.6386010-04:00","0","107.4","178.1","605","17"
"2026-10-01T11:17:03.6468645-04:00","0.019","107.4","178.1","605","17"
"2026-10-01T11:17:08.6559447-04:00","0.01","107.4","178.1","605","17"
"2026-10-01T11:17:13.6705358-04:00","0.019","107.4","178.1","605","17"
"2026-10-01T11:17:18.6811691-04:00","0.01","108.2","178.9","605","17"
"2026-10-01T11:17:23.6916766-04:00","0.01","107.4","178.1","608","18"
"2026-10-01T11:17:28.7027282-04:00","0.019","107.4","178.1","608","18"
"2026-10-01T11:17:33.7226283-04:00","0","107.4","178.1","608","18"
"2026-10-01T11:17:38.7351092-04:00","0.019","107.4","178.1","608","18"
"2026-10-01T11:17:43.7417494-04:00","0","107.4","178.1","608","18"
"2026-10-01T11:17:48.7567362-04:00","0.01","107.4","178.1","608","18"
"2026-10-01T11:17:53.7673539-04:00","0.01","107.4","178.1","608","18"
"2026-10-01T11:17:58.7757375-04:00","0.01","107.4","178.1","608","18"
"2026-10-01T11:18:03.7905630-04:00","0","107.4","178.1","608","18"
"2026-10-01T11:18:08.8017289-04:00","0.01","107.4","178.1","608","18"
"2026-10-01T11:18:13.8100490-04:00","0.019","107.4","178.1","608","18"
"2026-10-01T11:18:18.8205632-04:00","0","107.4","178.1","608","17"
"2026-10-01T11:18:23.8306157-04:00","0.01","107.4","178.1","608","17"
"2026-10-01T11:18:28.8434028-04:00","0.019","107.4","178.1","608","17"
"2026-10-01T11:18:33.8490012-04:00","0","107.4","178.1","611","18"
"2026-10-01T11:18:38.8682134-04:00","0.01","107.4","178.1","611","18"
"2026-10-01T11:18:43.8770090-04:00","0.01","107.4","178.1","611","18"
"2026-10-01T11:18:48.8863580-04:00","0.01","107.4","178.1","611","18"
"2026-10-01T11:18:53.8929136-04:00","0.02","107.4","178.1","611","18"
"2026-10-01T11:18:58.9052554-04:00","0.01","107.4","178.1","611","18"
"2026-10-01T11:19:03.9115899-04:00","0","107.4","178.1","611","18"
"2026-10-01T11:19:08.9205969-04:00","0.029","107.4","178.1","611","18"
"2026-10-01T11:19:13.9303144-04:00","0","107.4","178.1","611","17"
"2026-10-01T11:19:18.9433432-04:00","0.019","107.4","178.1","611","17"
"2026-10-01T11:19:23.9597795-04:00","0","107.4","178.1","611","17"
"2026-10-01T11:19:28.9714551-04:00","0.01","107.4","178.1","611","17"
"2026-10-01T11:19:33.9912668-04:00","0.01","107.4","178.1","611","17"
"2026-10-01T11:19:38.9981332-04:00","0.029","107.4","178.1","611","17"
"2026-10-01T11:19:44.0080834-04:00","0","107.4","178.1","611","17"
"2026-10-01T11:19:49.0178580-04:00","0.019","107.4","178.1","611","17"
"2026-10-01T11:19:54.0297479-04:00","0.01","107.4","178.1","611","17"
"2026-10-01T11:19:59.0381160-04:00","0.01","107.4","178.1","611","17"
"2026-10-01T11:20:04.0533472-04:00","0.01","107.4","178.1","611","17"
"2026-10-01T11:20:09.0728879-04:00","0.029","107.4","178.1","611","17"
"2026-10-01T11:20:14.0796745-04:00","0.01","107.4","178.1","614","18"
"2026-10-01T11:20:19.0905221-04:00","0.01","107.4","178.1","614","18"
"2026-10-01T11:20:24.1005453-04:00","0","107.4","178.1","614","18"
"2026-10-01T11:20:29.1061329-04:00","0.02","107.4","178.1","614","18"
"2026-10-01T11:20:34.1254050-04:00","0","107.4","178.1","614","18"
"2026-10-01T11:20:39.1340553-04:00","0.019","107.4","178.1","614","18"
"2026-10-01T11:20:44.1455292-04:00","0","107.4","178.1","617","18"
"2026-10-01T11:20:49.1720782-04:00","0.01","107.4","178.1","617","18"
"2026-10-01T11:20:54.1835692-04:00","0.019","107.4","178.1","617","18"
"2026-10-01T11:20:59.1961779-04:00","0.019","107.4","178.1","617","18"
"2026-10-01T11:21:04.2017791-04:00","0","107.4","178.1","617","18"
"2026-10-01T11:21:09.2102623-04:00","0.019","107.4","178.1","617","17"
"2026-10-01T11:21:14.2188773-04:00","0","107.4","178.1","620","18"
"2026-10-01T11:21:19.2384023-04:00","0.019","107.4","178.1","620","18"
"2026-10-01T11:21:24.2518005-04:00","0.01","107.4","178.1","620","18"
"2026-10-01T11:21:29.2594448-04:00","0.02","107.4","178.1","620","18"
"2026-10-01T11:21:34.2683432-04:00","0","107.4","178.1","623","18"
"2026-10-01T11:21:39.2756975-04:00","0.02","107.4","178.1","623","18"
"2026-10-01T11:21:44.2807945-04:00","0","107.4","178.1","623","18"
"2026-10-01T11:21:49.2959968-04:00","0.019","107.4","178.1","623","18"
"2026-10-01T11:21:54.3070878-04:00","0","107.4","178.1","623","18"
"2026-10-01T11:21:59.3135797-04:00","0.01","107.4","178.1","623","18"
"2026-10-01T11:22:04.3234917-04:00","0.019","107.4","178.1","623","18"
"2026-10-01T11:22:09.3345252-04:00","0.019","107.4","178.1","623","18"
"2026-10-01T11:22:14.3447579-04:00","0","107.4","178.1","623","18"
"2026-10-01T11:22:19.3511264-04:00","0.029","107.4","178.1","623","18"
"2026-10-01T11:22:24.3632555-04:00","0","107.4","178.1","623","18"
"2026-10-01T11:22:29.3843025-04:00","0.019","107.4","178.1","623","18"
"2026-10-01T11:22:34.3964322-04:00","0.01","107.4","178.1","623","17"
"2026-10-01T11:22:39.4095989-04:00","0.01","107.4","178.1","623","17"
"2026-10-01T11:22:44.4189924-04:00","0.01","107.4","178.1","623","17"
"2026-10-01T11:22:49.4301257-04:00","0.01","107.4","178.1","623","17"
"2026-10-01T11:22:54.4360874-04:00","0","107.4","178.1","623","17"
"2026-10-01T11:22:59.4469939-04:00","0.019","107.4","178.1","623","17"
"2026-10-01T11:23:04.4530826-04:00","0.01","107.4","178.1","623","17"
"2026-10-01T11:23:09.4616328-04:00","0.019","107.4","178.1","626","18"
"2026-10-01T11:23:14.4720336-04:00","0.01","107.4","178.1","626","18"
"2026-10-01T11:23:19.4916875-04:00","0.029","107.4","178.1","626","18"
"2026-10-01T11:23:24.5023885-04:00","0","107.4","178.1","626","18"
"2026-10-01T11:23:29.5155035-04:00","0.019","107.4","178.1","626","18"
"2026-10-01T11:23:34.5263887-04:00","0.01","107.4","178.1","626","18"
"2026-10-01T11:23:39.5691711-04:00","0.01","107.4","178.1","626","18"
"2026-10-01T11:23:44.5782237-04:00","0.01","107.4","178.1","626","18"
"2026-10-01T11:23:49.5911498-04:00","0.019","107.4","178.1","626","18"
"2026-10-01T11:23:54.6001880-04:00","0.019","107.4","178.1","626","18"
"2026-10-01T11:23:59.6097365-04:00","0.019","107.4","178.1","626","18"
"2026-10-01T11:24:04.6197714-04:00","0","107.4","178.1","626","18"
"2026-10-01T11:24:09.6302474-04:00","0.019","107.4","178.1","626","18"
"2026-10-01T11:24:14.6481450-04:00","0.01","107.4","178.1","626","18"
"2026-10-01T11:24:19.6593457-04:00","0.01","107.4","178.1","626","18"
"2026-10-01T11:24:24.6696256-04:00","0","107.4","178.1","626","18"
"2026-10-01T11:24:29.6861059-04:00","0.029","107.4","178.1","626","18"
"2026-10-01T11:24:34.7049299-04:00","0.029","107.4","178.1","626","18"
"2026-10-01T11:24:39.7126470-04:00","0","107.4","178.1","626","18"
"2026-10-01T11:24:44.7206112-04:00","0.01","107.4","178.1","626","18"
"2026-10-01T11:24:49.7301697-04:00","0","107.4","178.1","626","18"
"2026-10-01T11:24:54.7447268-04:00","0.019","107.4","178.1","626","17"
"2026-10-01T11:24:59.7640252-04:00","0.019","107.4","178.1","626","17"
"2026-10-01T11:25:04.7765548-04:00","0.01","107.4","178.1","626","17"
"2026-10-01T11:25:09.7832623-04:00","0.01","107.4","178.1","626","17"
"2026-10-01T11:25:14.7915793-04:00","0.01","107.4","178.1","626","17"
"2026-10-01T11:25:19.8016053-04:00","0.01","107.4","178.1","626","17"
"2026-10-01T11:25:24.8075090-04:00","0.01","107.4","178.1","626","17"
"2026-10-01T11:25:29.8166859-04:00","0.01","107.4","178.1","626","17"
"2026-10-01T11:25:34.8236707-04:00","0.01","107.4","178.1","626","17"
"2026-10-01T11:25:39.8391545-04:00","0.01","107.4","178.1","626","17"
"2026-10-01T11:25:44.8498615-04:00","0","107.4","178.1","626","17"
"2026-10-01T11:25:49.8584801-04:00","0.019","107.4","178.1","626","17"
"2026-10-01T11:25:54.8696123-04:00","0.01","107.4","178.1","629","18"
"2026-10-01T11:25:59.8785098-04:00","0.01","107.4","178.1","629","18"
"2026-10-01T11:26:04.8855325-04:00","0.02","107.4","178.1","629","18"
"2026-10-01T11:26:09.8924861-04:00","0.01","107.4","178.1","629","18"
"2026-10-01T11:26:14.9013253-04:00","0.01","107.4","178.1","629","18"
"2026-10-01T11:26:19.9089566-04:00","0.01","107.4","178.1","629","18"
"2026-10-01T11:26:24.9242795-04:00","0.01","107.4","178.1","629","18"
"2026-10-01T11:26:29.9312221-04:00","0.01","107.4","178.1","629","18"
"2026-10-01T11:26:34.9361405-04:00","0.02","107.4","178.1","629","18"
"2026-10-01T11:26:39.9430205-04:00","0","107.4","178.1","629","18"
"2026-10-01T11:26:44.9599436-04:00","0.019","107.4","178.1","629","17"
"2026-10-01T11:26:49.9689315-04:00","0.01","107.4","178.1","629","17"
"2026-10-01T11:26:54.9821095-04:00","0.01","107.4","178.1","632","18"
"2026-10-01T11:26:59.9897297-04:00","0.01","107.4","178.1","632","18"
"2026-10-01T11:27:05.0018072-04:00","0.01","107.4","178.1","632","18"
"2026-10-01T11:27:10.0114670-04:00","0.019","107.4","178.1","632","18"
"2026-10-01T11:27:15.0259986-04:00","0.019","107.4","178.1","632","18"
"2026-10-01T11:27:20.0341882-04:00","0","107.4","178.1","632","18"
"2026-10-01T11:27:25.0436162-04:00","0.019","107.4","178.1","632","18"
"2026-10-01T11:27:30.0570947-04:00","0.01","107.4","178.1","632","17"
"2026-10-01T11:27:35.0640673-04:00","0","107.4","178.1","635","18"
"2026-10-01T11:27:40.0743931-04:00","0.019","107.4","178.1","635","18"
"2026-10-01T11:27:45.0896039-04:00","0.01","107.4","178.1","635","18"
"2026-10-01T11:27:50.0956044-04:00","0","107.4","178.1","635","18"
"2026-10-01T11:27:55.1031249-04:00","0.02","107.4","178.1","635","17"
"2026-10-01T11:28:00.1105221-04:00","0","107.4","178.1","635","17"
"2026-10-01T11:28:05.1265522-04:00","0","107.4","178.1","635","17"
"2026-10-01T11:28:10.1381204-04:00","0.019","107.4","178.1","638","18"
"2026-10-01T11:28:15.1517295-04:00","0.01","107.4","178.1","638","18"
"2026-10-01T11:28:20.1582134-04:00","0","107.5","178.1","641","19"
"2026-10-01T11:28:25.1697617-04:00","0.01","107.5","178.1","641","19"
"2026-10-01T11:28:30.1838962-04:00","0.019","107.5","178.1","641","19"
"2026-10-01T11:28:35.1960903-04:00","0.01","107.5","178.1","641","19"
"2026-10-01T11:28:40.2048860-04:00","0","107.4","178.1","641","18"
"2026-10-01T11:28:45.2198932-04:00","0.01","107.4","178.1","641","17"
"2026-10-01T11:28:50.2328417-04:00","0.01","107.4","178.1","641","17"
"2026-10-01T11:28:55.2470940-04:00","0.01","107.4","178.1","644","18"
"2026-10-01T11:29:00.2537909-04:00","0","107.4","178.1","644","18"
"2026-10-01T11:29:05.2653573-04:00","0.019","107.4","178.1","644","18"
"2026-10-01T11:29:10.2723446-04:00","0.01","107.4","178.1","644","18"
"2026-10-01T11:29:15.2803382-04:00","0.01","107.4","178.1","644","17"
"2026-10-01T11:29:20.2861196-04:00","0.01","107.4","178.1","644","17"
"2026-10-01T11:29:25.2915201-04:00","0.01","107.4","178.1","644","17"
"2026-10-01T11:29:30.2980107-04:00","0","107.4","178.1","647","18"
"2026-10-01T11:29:35.3096283-04:00","0.01","107.4","178.1","647","18"
"2026-10-01T11:29:40.3227503-04:00","0.019","107.4","178.1","647","18"
"2026-10-01T11:29:45.3430816-04:00","0","107.4","178.1","647","18"
"2026-10-01T11:29:50.3564625-04:00","0.01","107.4","178.1","647","18"
"2026-10-01T11:29:55.3665909-04:00","0.01","107.4","178.1","647","18"
"2026-10-01T11:30:00.3733813-04:00","0","107.4","178.1","647","17"
"2026-10-01T11:30:05.3812423-04:00","0.01","107.4","178.1","647","17"
"2026-10-01T11:30:10.3901334-04:00","0","107.4","178.1","647","17"
"2026-10-01T11:30:15.3980746-04:00","0.01","107.4","178.1","647","17"
"2026-10-01T11:30:20.4121282-04:00","0","107.4","178.1","647","17"
"2026-10-01T11:30:25.4275427-04:00","0.029","107.4","178.1","647","17"
"2026-10-01T11:30:30.4344176-04:00","0","107.4","178.1","575","17"
"2026-10-01T11:30:35.4437800-04:00","0.019","107.4","178.1","575","17"
"2026-10-01T11:30:40.4518761-04:00","0","107.4","178.1","575","17"
"2026-10-01T11:30:45.4635758-04:00","0.019","107.4","178.1","575","17"
"2026-10-01T11:30:50.4768689-04:00","0.01","107.4","178.1","575","17"
"2026-10-01T11:30:55.4845317-04:00","0.01","107.4","178.1","575","17"
"2026-10-01T11:31:00.4965406-04:00","0.01","107.4","178.1","575","17"
"2026-10-01T11:31:05.5072747-04:00","0.019","107.4","178.1","575","17"
"2026-10-01T11:31:10.5164713-04:00","0.01","107.5","178.1","578","18"
"2026-10-01T11:31:15.5227609-04:00","0.02","107.5","178.1","578","18"
"2026-10-01T11:31:20.5323576-04:00","0.019","107.5","178.1","578","18"
"2026-10-01T11:31:25.5423081-04:00","0.01","107.5","178.1","578","18"
"2026-10-01T11:31:30.5524822-04:00","0.01","107.4","178.1","578","17"
"2026-10-01T11:31:35.5664425-04:00","0.01","107.4","178.1","578","17"
"2026-10-01T11:31:40.5734436-04:00","0.01","107.4","178.1","578","17"
"2026-10-01T11:31:45.5822866-04:00","0.019","107.4","178.1","578","17"
"2026-10-01T11:31:50.5928424-04:00","0.01","107.4","178.1","578","17"
"2026-10-01T11:31:55.5998180-04:00","0.02","107.4","178.1","578","17"
"2026-10-01T11:32:00.6090379-04:00","0.01","107.4","178.1","578","17"
"2026-10-01T11:32:05.6194961-04:00","0.01","107.4","178.1","581","18"
"2026-10-01T11:32:10.6254241-04:00","0.02","107.4","178.1","581","18"
"2026-10-01T11:32:15.6332508-04:00","0.01","107.4","178.1","581","18"
"2026-10-01T11:32:20.6392135-04:00","0","107.4","178.1","581","18"
"2026-10-01T11:32:25.6524968-04:00","0.01","107.4","178.1","581","17"
"2026-10-01T11:32:30.6627171-04:00","0.01","107.4","178.1","581","17"
"2026-10-01T11:32:35.6826494-04:00","0","107.4","178.1","581","17"
"2026-10-01T11:32:40.6946726-04:00","0.019","108.2","178.9","581","17"
"2026-10-01T11:32:45.7152270-04:00","0.019","107.4","178.1","581","17"
"2026-10-01T11:32:50.7242381-04:00","0.01","107.4","178.1","581","17"
"2026-10-01T11:32:55.7422518-04:00","0.01","107.4","178.1","581","17"
"2026-10-01T11:33:00.7482067-04:00","0.02","107.4","178.1","581","17"
"2026-10-01T11:33:05.7583257-04:00","0","107.4","178.1","581","17"
"2026-10-01T11:33:10.7693058-04:00","0.01","107.4","178.1","584","18"
"2026-10-01T11:33:15.7757526-04:00","0.01","107.4","178.1","584","18"
"2026-10-01T11:33:20.7871989-04:00","0.01","107.4","178.1","584","18"
"2026-10-01T11:33:25.7936528-04:00","0.01","107.4","178.1","584","18"
"2026-10-01T11:33:30.8066116-04:00","0.019","107.4","178.1","584","17"
"2026-10-01T11:33:35.8171905-04:00","0","107.4","178.1","587","18"
"2026-10-01T11:33:40.8267982-04:00","0.01","107.4","178.1","587","18"
"2026-10-01T11:33:45.8393889-04:00","0","107.4","178.1","587","18"
"2026-10-01T11:33:50.8504462-04:00","0.01","107.4","178.1","587","18"
"2026-10-01T11:33:55.8568298-04:00","0.01","107.4","178.1","587","18"
"2026-10-01T11:34:00.8701803-04:00","0.01","107.4","178.1","587","18"
"2026-10-01T11:34:05.8786956-04:00","0.01","107.4","178.1","587","18"
"2026-10-01T11:34:10.8881343-04:00","0.019","107.4","178.1","587","18"
"2026-10-01T11:34:15.8968468-04:00","0","107.4","178.1","587","17"
"2026-10-01T11:34:20.9070701-04:00","0.019","107.4","178.1","587","17"
"2026-10-01T11:34:25.9169793-04:00","0.01","107.4","178.1","587","17"
"2026-10-01T11:34:30.9374795-04:00","0.019","107.4","178.1","587","17"
"2026-10-01T11:34:35.9563282-04:00","0","107.4","178.1","587","17"
"2026-10-01T11:34:40.9675391-04:00","0.019","107.4","178.1","587","17"
"2026-10-01T11:34:45.9826241-04:00","0.01","107.4","178.1","587","17"
"2026-10-01T11:34:50.9917292-04:00","0","107.4","178.1","587","17"
"2026-10-01T11:34:56.0056718-04:00","0.01","107.4","178.1","587","17"
"2026-10-01T11:35:01.0212600-04:00","0.01","107.4","178.1","587","17"
"2026-10-01T11:35:06.0319854-04:00","0.019","107.4","178.1","587","17"
"2026-10-01T11:35:11.0488656-04:00","0.01","107.4","178.1","587","17"
"2026-10-01T11:35:16.0642374-04:00","0.01","107.4","178.1","587","17"
"2026-10-01T11:35:21.0749998-04:00","0.01","107.4","178.1","590","18"
"2026-10-01T11:35:26.0898550-04:00","0.019","107.4","178.1","590","18"
"2026-10-01T11:35:31.1008579-04:00","0.01","107.4","178.1","590","18"
"2026-10-01T11:35:36.1100725-04:00","0.01","107.4","178.1","590","18"
"2026-10-01T11:35:41.1223738-04:00","0.019","107.4","178.1","590","17"
"2026-10-01T11:35:46.1313379-04:00","0.01","107.4","178.1","590","17"
"2026-10-01T11:35:51.1405217-04:00","0.019","107.4","178.1","590","17"
"2026-10-01T11:35:56.1523679-04:00","0.019","107.4","178.1","590","17"
"2026-10-01T11:36:01.1594706-04:00","0","107.4","178.1","590","17"
"2026-10-01T11:36:06.1644271-04:00","0.02","107.4","178.1","590","17"
"2026-10-01T11:36:11.1737245-04:00","0.01","107.4","178.1","590","17"
"2026-10-01T11:36:16.1943490-04:00","0.019","107.4","178.1","590","17"
"2026-10-01T11:36:21.2019742-04:00","0.01","107.4","178.1","593","18"
"2026-10-01T11:36:26.2110287-04:00","0.01","107.4","178.1","593","18"
"2026-10-01T11:36:31.2197337-04:00","0.01","107.4","178.1","593","18"
"2026-10-01T11:36:36.2349338-04:00","0","107.4","178.1","593","18"
"2026-10-01T11:36:41.2460512-04:00","0.01","107.4","178.1","593","17"
"2026-10-01T11:36:46.2577958-04:00","0.019","107.4","178.1","593","17"
"2026-10-01T11:36:51.2742980-04:00","0.019","107.4","178.1","593","17"
"2026-10-01T11:36:56.2817096-04:00","0","107.4","178.1","593","17"
"2026-10-01T11:37:01.2938163-04:00","0.019","107.4","178.1","596","18"
"2026-10-01T11:37:06.3054938-04:00","0.019","107.4","178.1","596","18"
"2026-10-01T11:37:11.3181148-04:00","0.01","107.4","178.1","596","18"
"2026-10-01T11:37:16.3316947-04:00","0","107.4","178.1","596","18"
"2026-10-01T11:37:21.3413838-04:00","0.01","107.4","178.1","596","17"
"2026-10-01T11:37:26.3477851-04:00","0.02","107.4","178.1","596","17"
"2026-10-01T11:37:31.3620943-04:00","0.019","107.4","178.1","596","17"
"2026-10-01T11:37:36.3771170-04:00","0","107.4","178.1","596","17"
"2026-10-01T11:37:41.3843272-04:00","0.02","107.4","178.1","596","17"
"2026-10-01T11:37:46.3935980-04:00","0.01","107.4","178.1","596","17"
"2026-10-01T11:37:51.4017219-04:00","0.01","107.4","178.1","596","17"
"2026-10-01T11:37:56.4111160-04:00","0.01","107.4","178.1","596","17"
"2026-10-01T11:38:01.4314401-04:00","0.019","107.4","178.1","599","18"
"2026-10-01T11:38:06.4398647-04:00","0.01","107.4","178.1","599","18"
"2026-10-01T11:38:11.4465820-04:00","0.01","107.4","178.1","599","18"
"2026-10-01T11:38:16.4624139-04:00","0.01","107.4","178.1","599","18"
"2026-10-01T11:38:21.5020575-04:00","0.019","107.4","178.1","599","18"
"2026-10-01T11:38:26.5124941-04:00","0.01","107.4","178.1","599","18"
"2026-10-01T11:38:31.5227748-04:00","0.029","107.4","178.1","599","18"
"2026-10-01T11:38:36.5304324-04:00","0","107.4","178.1","599","18"
"2026-10-01T11:38:41.5416628-04:00","0.019","107.4","178.1","599","18"
"2026-10-01T11:38:46.5488199-04:00","0.01","107.4","178.1","599","18"
"2026-10-01T11:38:51.5597940-04:00","0.01","107.4","178.1","599","18"
"2026-10-01T11:38:56.5756146-04:00","0.01","107.4","178.1","599","18"
"2026-10-01T11:39:01.5848014-04:00","0.019","107.4","178.1","599","17"
"2026-10-01T11:39:06.5965576-04:00","0.01","107.4","178.1","599","17"
"2026-10-01T11:39:11.6049009-04:00","0.019","107.4","178.1","599","17"
"2026-10-01T11:39:16.6112953-04:00","0.01","107.4","178.1","599","17"
"2026-10-01T11:39:21.6207564-04:00","0.01","107.4","178.1","599","17"
"2026-10-01T11:39:26.6269587-04:00","0.01","107.4","178.1","599","17"
"2026-10-01T11:39:31.6362797-04:00","0.01","107.4","178.1","599","17"
"2026-10-01T11:39:36.6435079-04:00","0.01","107.4","178.1","599","17"
"2026-10-01T11:39:41.6632226-04:00","0","107.4","178.1","602","18"
"2026-10-01T11:39:46.6728441-04:00","0.01","107.4","178.1","602","18"
"2026-10-01T11:39:51.6832223-04:00","0.01","107.4","178.1","602","18"
"2026-10-01T11:39:56.7019024-04:00","0.029","107.4","178.1","602","17"
"2026-10-01T11:40:01.7154877-04:00","0.01","107.4","178.1","602","17"
"2026-10-01T11:40:06.7239865-04:00","0.019","107.4","178.1","602","17"
"2026-10-01T11:40:11.7435314-04:00","0","107.4","178.1","605","18"
"2026-10-01T11:40:16.7612813-04:00","0.019","107.4","178.1","605","18"
"2026-10-01T11:40:21.7730286-04:00","0","107.4","178.1","605","18"
"2026-10-01T11:40:26.7845656-04:00","0.01","107.4","178.1","605","18"
"2026-10-01T11:40:31.7958382-04:00","0.01","107.4","178.1","605","17"
"2026-10-01T11:40:36.8043662-04:00","0.01","107.4","178.1","605","17"
"2026-10-01T11:40:41.8103817-04:00","0.02","107.4","178.1","605","17"
"2026-10-01T11:40:46.8226525-04:00","0.019","107.4","178.1","605","17"
"2026-10-01T11:40:51.8328845-04:00","0","107.4","178.1","605","17"
"2026-10-01T11:40:56.8441846-04:00","0.01","107.4","178.1","605","17"
"2026-10-01T11:41:01.8509462-04:00","0","107.4","178.1","605","17"
"2026-10-01T11:41:06.8706608-04:00","0.019","107.4","178.1","605","17"
"2026-10-01T11:41:11.9097963-04:00","0.01","107.4","178.1","605","17"
"2026-10-01T11:41:16.9237269-04:00","0.01","107.4","178.1","605","17"
"2026-10-01T11:41:21.9416547-04:00","0.019","107.4","178.1","605","17"
"2026-10-01T11:41:26.9581973-04:00","0.01","107.4","178.1","605","17"
"2026-10-01T11:41:31.9670534-04:00","0.019","107.4","178.1","605","17"
"2026-10-01T11:41:36.9801673-04:00","0.01","107.4","178.1","605","17"
"2026-10-01T11:41:41.9876752-04:00","0","107.4","178.1","605","17"
"2026-10-01T11:41:46.9963333-04:00","0.01","107.4","178.1","605","17"
"2026-10-01T11:41:52.0119869-04:00","0.01","107.4","178.1","605","17"
"2026-10-01T11:41:57.0244366-04:00","0.019","107.4","178.1","605","17"
"2026-10-01T11:42:02.0311394-04:00","0.01","107.4","178.1","605","17"
"2026-10-01T11:42:07.0411938-04:00","0.019","107.4","178.1","605","17"
"2026-10-01T11:42:12.0514933-04:00","0","107.4","178.1","605","17"
"2026-10-01T11:42:17.0621104-04:00","0.019","107.4","178.1","605","17"
"2026-10-01T11:42:22.0752666-04:00","0.019","107.4","178.1","605","17"
"2026-10-01T11:42:27.0832614-04:00","0","107.4","178.1","608","18"
"2026-10-01T11:42:32.0983538-04:00","0","107.4","178.1","608","18"
"2026-10-01T11:42:37.1091757-04:00","0.019","107.4","178.1","608","18"
"2026-10-01T11:42:42.1278727-04:00","0","107.4","178.1","608","18"
"2026-10-01T11:42:47.1349959-04:00","0.029","107.4","178.1","608","17"
"2026-10-01T11:42:52.1531765-04:00","0.01","107.4","178.1","608","17"
"2026-10-01T11:42:57.1695495-04:00","0.01","107.4","178.1","608","17"
"2026-10-01T11:43:02.1774098-04:00","0","107.4","178.1","608","17"
"2026-10-01T11:43:07.1869492-04:00","0.019","107.4","178.1","608","17"
"2026-10-01T11:43:12.1933598-04:00","0","107.4","178.1","608","17"
"2026-10-01T11:43:17.2071291-04:00","0.029","107.4","178.1","608","17"
"2026-10-01T11:43:22.2180825-04:00","0.029","107.4","178.1","608","17"
"2026-10-01T11:43:27.2292167-04:00","0.019","107.4","178.1","608","17"
"2026-10-01T11:43:32.2482050-04:00","0","107.4","178.1","608","17"
"2026-10-01T11:43:37.2594134-04:00","0.019","107.4","178.1","608","17"
"2026-10-01T11:43:42.2690584-04:00","0","107.4","178.1","608","17"
"2026-10-01T11:43:47.3106883-04:00","0.01","107.4","178.1","608","17"
"2026-10-01T11:43:52.3184265-04:00","0.02","107.4","178.1","608","17"
"2026-10-01T11:43:57.3377081-04:00","0.029","107.4","178.1","608","17"
"2026-10-01T11:44:02.3465436-04:00","0","107.4","178.1","608","17"
"2026-10-01T11:44:07.3538364-04:00","0.02","107.4","178.1","608","17"
"2026-10-01T11:44:12.3665331-04:00","0.01","107.4","178.1","608","17"
"2026-10-01T11:44:17.3758792-04:00","0.01","107.4","178.1","608","17"
"2026-10-01T11:44:22.3823389-04:00","0.02","107.4","178.1","608","17"
"2026-10-01T11:44:27.3955496-04:00","0.019","107.4","178.1","608","17"
"2026-10-01T11:44:32.4140945-04:00","0.01","107.4","178.1","608","17"
"2026-10-01T11:44:37.4231312-04:00","0.01","107.4","178.1","608","17"
"2026-10-01T11:44:42.4344045-04:00","0.019","107.4","178.1","611","18"
"2026-10-01T11:44:47.4456081-04:00","0.01","107.4","178.1","611","18"
"2026-10-01T11:44:52.4515284-04:00","0","107.4","178.1","611","18"
"2026-10-01T11:44:57.4717602-04:00","0.029","107.4","178.1","611","18"
"2026-10-01T11:45:02.4808987-04:00","0","107.4","178.1","611","17"
"2026-10-01T11:45:07.4932832-04:00","0.019","107.4","178.1","611","17"
"2026-10-01T11:45:12.5035335-04:00","0.01","107.4","178.1","611","17"
"2026-10-01T11:45:17.5115719-04:00","0.01","107.4","178.1","611","17"
"2026-10-01T11:45:22.5188510-04:00","0.01","107.4","178.1","611","17"
"2026-10-01T11:45:27.5282302-04:00","0.01","107.4","178.1","611","17"
"2026-10-01T11:45:32.5391086-04:00","0.01","107.4","178.1","611","17"
"2026-10-01T11:45:37.5538725-04:00","0.019","107.4","178.1","611","17"
"2026-10-01T11:45:42.5745944-04:00","0","107.4","178.1","611","17"
"2026-10-01T11:45:47.5864418-04:00","0.019","107.4","178.1","611","17"
"2026-10-01T11:45:52.5958110-04:00","0.01","107.4","178.1","611","17"
"2026-10-01T11:45:57.6074856-04:00","0.019","107.4","178.1","611","17"
"2026-10-01T11:46:02.6512533-04:00","0.01","107.4","178.1","611","17"
"2026-10-01T11:46:07.6652768-04:00","0.01","107.4","178.1","611","17"
"2026-10-01T11:46:12.6737818-04:00","0.01","107.4","178.1","611","17"
"2026-10-01T11:46:17.6863119-04:00","0.019","107.4","178.1","611","17"
"2026-10-01T11:46:22.7038098-04:00","0.019","107.4","178.1","611","17"
"2026-10-01T11:46:27.7123292-04:00","0","107.4","178.1","611","17"
"2026-10-01T11:46:32.7237216-04:00","0.019","107.4","178.1","611","17"
"2026-10-01T11:46:37.7346187-04:00","0.019","107.4","178.1","611","17"
"2026-10-01T11:46:42.7465586-04:00","0.01","107.4","178.1","614","18"
"2026-10-01T11:46:47.7565638-04:00","0.01","107.4","178.1","614","18"
"2026-10-01T11:46:52.7687028-04:00","0.019","107.4","178.1","614","18"
"2026-10-01T11:46:57.7761948-04:00","0","107.4","178.1","614","18"
"2026-10-01T11:47:02.7860572-04:00","0.01","107.4","178.1","617","18"
"2026-10-01T11:47:07.7931440-04:00","0.01","107.4","178.1","617","18"
"2026-10-01T11:47:12.8030456-04:00","0.01","107.4","178.1","617","18"
"2026-10-01T11:47:17.8134981-04:00","0.019","107.4","178.1","617","18"
"2026-10-01T11:47:22.8240998-04:00","0.019","107.4","178.1","617","17"
"2026-10-01T11:47:27.8368300-04:00","0","107.4","178.1","620","18"
"2026-10-01T11:47:32.8438186-04:00","0.029","107.4","178.1","620","18"
"2026-10-01T11:47:37.8574578-04:00","0.01","107.4","178.1","620","18"
"2026-10-01T11:47:42.8643724-04:00","0.01","107.4","178.1","620","18"
"2026-10-01T11:47:47.8717837-04:00","0.01","107.4","178.1","620","18"
"2026-10-01T11:47:52.8808911-04:00","0.01","107.4","178.1","620","18"
"2026-10-01T11:47:57.8875308-04:00","0.02","107.4","178.1","620","18"
"2026-10-01T11:48:02.8967870-04:00","0","107.4","178.1","620","18"
"2026-10-01T11:48:07.9126524-04:00","0.01","107.4","178.1","620","18"
"2026-10-01T11:48:12.9325568-04:00","0.029","107.4","178.1","620","18"
"2026-10-01T11:48:17.9388381-04:00","0.01","107.4","178.1","620","18"
"2026-10-01T11:48:22.9457308-04:00","0.02","107.4","178.1","620","17"
"2026-10-01T11:48:27.9538154-04:00","0.019","107.4","178.1","620","17"
"2026-10-01T11:48:32.9672696-04:00","0.019","107.4","178.1","620","17"
"2026-10-01T11:48:37.9737861-04:00","0","107.4","178.1","620","17"
"2026-10-01T11:48:42.9835964-04:00","0.019","107.4","178.1","623","18"
"2026-10-01T11:48:47.9947189-04:00","0.01","107.4","178.1","623","18"
"2026-10-01T11:48:53.0056859-04:00","0.019","107.4","178.1","623","18"
"2026-10-01T11:48:58.0121494-04:00","0.02","107.4","178.1","623","18"
"2026-10-01T11:49:03.0223771-04:00","0.01","107.4","178.1","623","18"
"2026-10-01T11:49:08.0293696-04:00","0.02","107.4","178.1","623","17"
"2026-10-01T11:49:13.0367637-04:00","0.01","107.4","178.1","623","17"
"2026-10-01T11:49:18.0442947-04:00","0.02","107.4","178.1","623","17"
"2026-10-01T11:49:23.0533608-04:00","0.01","107.4","178.1","623","17"
"2026-10-01T11:49:28.0681196-04:00","0.01","107.4","178.1","623","17"
"2026-10-01T11:49:33.0878777-04:00","0.029","107.4","178.1","623","17"
"2026-10-01T11:49:38.0939638-04:00","0","107.4","178.1","623","17"
"2026-10-01T11:49:43.1143932-04:00","0.01","107.4","178.1","623","17"
"2026-10-01T11:49:48.1222416-04:00","0.02","107.4","178.1","623","17"
"2026-10-01T11:49:53.1302046-04:00","0","107.4","178.1","623","17"
"2026-10-01T11:49:58.1407140-04:00","0.01","107.4","178.1","623","17"
"2026-10-01T11:50:03.1502487-04:00","0.01","107.4","178.1","623","17"
"2026-10-01T11:50:08.1570251-04:00","0.01","107.4","178.1","623","17"
"2026-10-01T11:50:13.1661458-04:00","0.019","107.4","178.1","623","17"
"2026-10-01T11:50:18.1722483-04:00","0","107.4","178.1","623","17"
"2026-10-01T11:50:23.1837804-04:00","0.01","107.4","178.1","623","17"
"2026-10-01T11:50:28.1927341-04:00","0","107.4","178.1","623","17"
"2026-10-01T11:50:33.2097285-04:00","0.019","107.4","178.1","623","17"
"2026-10-01T11:50:38.2294791-04:00","0","107.4","178.1","623","17"
"2026-10-01T11:50:43.2472482-04:00","0","107.4","178.1","623","17"
"2026-10-01T11:50:48.2583102-04:00","0.01","107.4","178.1","623","17"
"2026-10-01T11:50:53.2661767-04:00","0","107.4","178.1","623","17"
"2026-10-01T11:50:58.2766357-04:00","0.01","107.4","178.1","623","17"
"2026-10-01T11:51:03.2845255-04:00","0","107.4","178.1","623","17"
"2026-10-01T11:51:08.3040447-04:00","0.019","107.4","178.1","623","17"
"2026-10-01T11:51:13.3100659-04:00","0.01","107.4","178.1","623","17"
"2026-10-01T11:51:18.3158974-04:00","0","107.4","178.1","623","17"
"2026-10-01T11:51:23.3225046-04:00","0.02","107.4","178.1","623","17"
"2026-10-01T11:51:28.3304305-04:00","0","107.4","178.1","623","17"
"2026-10-01T11:51:33.3407289-04:00","0.019","107.4","178.1","623","17"
"2026-10-01T11:51:38.3531614-04:00","0.01","107.4","178.1","626","18"
"2026-10-01T11:51:43.3645988-04:00","0.019","107.4","178.1","626","18"
"2026-10-01T11:51:48.3801892-04:00","0","107.4","178.1","626","18"
"2026-10-01T11:51:53.3922701-04:00","0","107.4","178.1","626","18"
"2026-10-01T11:51:58.3993140-04:00","0.01","107.4","178.1","626","17"
"2026-10-01T11:52:03.4105157-04:00","0.01","107.4","178.1","626","17"
"2026-10-01T11:52:08.4195488-04:00","0.01","107.4","178.1","626","17"
"2026-10-01T11:52:13.4270314-04:00","0.02","107.4","178.1","626","17"
"2026-10-01T11:52:18.4320798-04:00","0","107.4","178.1","626","17"
"2026-10-01T11:52:23.4411762-04:00","0.019","107.4","178.1","626","17"
"2026-10-01T11:52:28.4601649-04:00","0","107.4","178.1","626","17"
"2026-10-01T11:52:33.4760043-04:00","0.019","107.4","178.1","626","17"
"2026-10-01T11:52:38.4834506-04:00","0","107.4","178.1","629","18"
"2026-10-01T11:52:43.4967679-04:00","0.019","107.4","178.1","629","18"
"2026-10-01T11:52:48.5058765-04:00","0.019","107.4","178.1","629","18"
"2026-10-01T11:52:53.5132472-04:00","0","107.4","178.1","629","18"
"2026-10-01T11:52:58.5199194-04:00","0.02","107.4","178.1","629","17"
"2026-10-01T11:53:03.5307072-04:00","0.01","107.4","178.1","629","17"
"2026-10-01T11:53:08.5381541-04:00","0.01","107.4","178.1","629","17"
"2026-10-01T11:53:13.5433495-04:00","0.01","107.4","178.1","629","17"
"2026-10-01T11:53:18.5485606-04:00","0.02","107.4","178.1","629","17"
"2026-10-01T11:53:23.5596200-04:00","0.01","107.4","178.1","632","18"
"2026-10-01T11:53:28.5759697-04:00","0.01","107.4","178.1","632","18"
"2026-10-01T11:53:33.5854200-04:00","0.029","107.4","178.1","632","18"
"2026-10-01T11:53:38.5931670-04:00","0","107.4","178.1","632","18"
"2026-10-01T11:53:43.6109578-04:00","0.029","107.4","178.1","632","18"
"2026-10-01T11:53:48.6203717-04:00","0","107.4","178.1","632","18"
"2026-10-01T11:53:53.6306917-04:00","0.019","107.4","178.1","632","18"
"2026-10-01T11:53:58.6413366-04:00","0.01","107.4","178.1","632","18"
"2026-10-01T11:54:03.6601911-04:00","0.019","107.4","178.1","632","18"
"2026-10-01T11:54:08.6731347-04:00","0","107.4","178.1","632","18"
"2026-10-01T11:54:13.6789065-04:00","0.01","107.4","178.1","635","18"
"2026-10-01T11:54:18.6893136-04:00","0.01","108.2","178.9","635","18"
"2026-10-01T11:54:23.6963657-04:00","0.01","107.4","178.1","635","18"
"2026-10-01T11:54:28.7163165-04:00","0.01","107.4","178.1","635","18"
"2026-10-01T11:54:33.7264872-04:00","0.01","107.4","178.1","635","18"
"2026-10-01T11:54:38.7402236-04:00","0.01","107.4","178.1","635","18"
"2026-10-01T11:54:43.7488127-04:00","0.01","107.4","178.1","635","18"
"2026-10-01T11:54:48.7622441-04:00","0.01","107.4","178.1","635","18"
"2026-10-01T11:54:53.7784830-04:00","0.01","107.4","178.1","635","17"
"2026-10-01T11:54:58.7881034-04:00","0.01","107.4","178.1","635","17"
"2026-10-01T11:55:03.7991817-04:00","0.01","107.4","178.1","635","17"
"2026-10-01T11:55:08.8059494-04:00","0.01","107.4","178.1","635","17"
"2026-10-01T11:55:13.8211509-04:00","0","107.4","178.1","635","17"
"2026-10-01T11:55:18.8262224-04:00","0.029","107.4","178.1","635","17"
"2026-10-01T11:55:23.8370187-04:00","0.01","107.4","178.1","635","17"
"2026-10-01T11:55:28.8536993-04:00","0.019","107.4","178.1","635","17"
"2026-10-01T11:55:33.8649115-04:00","0.01","107.4","178.1","635","17"
"2026-10-01T11:55:38.8721757-04:00","0.029","107.4","178.1","635","17"
"2026-10-01T11:55:43.8814089-04:00","0","107.4","178.1","635","17"
"2026-10-01T11:55:48.8905297-04:00","0.019","107.4","178.1","635","17"
"2026-10-01T11:55:53.9047894-04:00","0","107.4","178.1","635","17"
"2026-10-01T11:55:58.9232623-04:00","0","107.4","178.1","635","17"
"2026-10-01T11:56:03.9307228-04:00","0.02","107.4","178.1","635","17"
"2026-10-01T11:56:08.9448590-04:00","0.019","107.4","178.1","635","17"
"2026-10-01T11:56:13.9560800-04:00","0.01","107.4","178.1","635","17"
"2026-10-01T11:56:18.9761384-04:00","0.01","107.4","178.1","638","18"
"2026-10-01T11:56:23.9946906-04:00","0.019","107.4","178.1","638","18"
"2026-10-01T11:56:29.0015269-04:00","0.01","107.4","178.1","638","18"
"2026-10-01T11:56:34.0101869-04:00","0.01","107.4","178.1","638","18"
"2026-10-01T11:56:39.0167014-04:00","0.02","107.4","178.1","638","18"
"2026-10-01T11:56:44.0287830-04:00","0.01","107.4","178.1","638","18"
"2026-10-01T11:56:49.0380161-04:00","0.01","107.4","178.1","638","18"
"2026-10-01T11:56:54.0469825-04:00","0.01","107.4","178.1","638","18"
"2026-10-01T11:56:59.0589439-04:00","0.019","107.4","178.1","638","18"
"2026-10-01T11:57:04.0722804-04:00","0.01","107.4","178.1","638","17"
"2026-10-01T11:57:09.0918421-04:00","0.01","107.4","178.1","638","17"
"2026-10-01T11:57:14.1067908-04:00","0.019","107.4","178.1","641","18"
"2026-10-01T11:57:19.1164812-04:00","0.019","107.4","178.1","641","18"
"2026-10-01T11:57:24.1363223-04:00","0.01","107.4","178.1","641","18"
"2026-10-01T11:57:29.1438687-04:00","0","107.4","178.1","641","17"
"2026-10-01T11:57:34.1523482-04:00","0.019","107.4","178.1","641","17"
"2026-10-01T11:57:39.1681273-04:00","0.01","107.4","178.1","641","17"
"2026-10-01T11:57:44.1788585-04:00","0","107.4","178.1","644","18"
"2026-10-01T11:57:49.1869523-04:00","0.01","107.4","178.1","644","18"
"2026-10-01T11:57:54.1993133-04:00","0.019","107.4","178.1","644","18"
"2026-10-01T11:57:59.2062875-04:00","0.02","107.4","178.1","644","18"
"2026-10-01T11:58:04.2139584-04:00","0.02","107.4","178.1","644","17"
"2026-10-01T11:58:09.2239216-04:00","0.01","107.4","178.1","644","17"
"2026-10-01T11:58:14.2327145-04:00","0","107.4","178.1","644","17"
"2026-10-01T11:58:19.2428863-04:00","0","107.4","178.1","644","17"
"2026-10-01T11:58:24.2534040-04:00","0","107.4","178.1","647","18"
"2026-10-01T11:58:29.2768566-04:00","0.019","107.4","178.1","647","18"
"2026-10-01T11:58:34.2888582-04:00","0.019","107.4","178.1","647","18"
"2026-10-01T11:58:39.2977287-04:00","0.01","107.4","178.1","647","18"
"2026-10-01T11:58:44.3069546-04:00","0.01","107.4","178.1","650","18"
"2026-10-01T11:58:49.3192674-04:00","0.019","107.4","178.1","650","18"
"2026-10-01T11:58:54.3323161-04:00","0","107.4","178.1","650","18"
"2026-10-01T11:58:59.3389039-04:00","0.01","107.4","178.1","650","18"
"2026-10-01T11:59:04.3472891-04:00","0.01","107.4","178.1","650","18"
"2026-10-01T11:59:09.3525968-04:00","0.029","107.4","178.1","650","18"
"2026-10-01T11:59:14.3612494-04:00","0.01","107.4","178.1","653","18"
"2026-10-01T11:59:19.3675326-04:00","0.01","107.4","178.1","653","18"
"2026-10-01T11:59:24.3741254-04:00","0","107.4","178.1","653","18"
"2026-10-01T11:59:29.3810019-04:00","0.029","107.4","178.1","653","18"
"2026-10-01T11:59:34.3889021-04:00","0","107.4","178.1","653","18"
"2026-10-01T11:59:39.4024594-04:00","0.01","107.4","178.1","653","18"
"2026-10-01T11:59:44.4096900-04:00","0.01","107.4","178.1","656","18"
"2026-10-01T11:59:49.4202018-04:00","0.039","107.4","178.1","656","18"
"2026-10-01T11:59:54.4333315-04:00","0.01","107.4","178.1","656","18"
"2026-10-01T11:59:59.4391366-04:00","0.01","107.4","178.1","656","18"
"2026-10-01T12:00:04.4471821-04:00","0.01","107.4","178.1","656","17"
"2026-10-01T12:00:09.4608138-04:00","0.01","107.4","178.1","656","17"
"2026-10-01T12:00:14.4721762-04:00","0.01","107.4","178.1","656","17"
"2026-10-01T12:00:19.4843884-04:00","0.019","107.4","178.1","656","17"
"2026-10-01T12:00:24.4966427-04:00","0.01","107.4","178.1","656","17"
"2026-10-01T12:00:29.5084838-04:00","0.019","107.4","178.1","659","18"
"2026-10-01T12:00:34.5199480-04:00","0.01","107.4","178.1","659","18"
"2026-10-01T12:00:39.5278938-04:00","0","107.4","178.1","659","18"
"2026-10-01T12:00:44.5341625-04:00","0.02","107.4","178.1","659","18"
"2026-10-01T12:00:49.5445833-04:00","0.01","107.4","178.1","659","17"
"2026-10-01T12:00:54.5652377-04:00","0.019","107.4","178.1","659","17"
"2026-10-01T12:00:59.5723079-04:00","0.01","107.4","178.1","659","17"
"2026-10-01T12:01:04.5811220-04:00","0.019","107.4","178.1","659","17"
"2026-10-01T12:01:09.5920892-04:00","0.019","107.4","178.1","659","17"
"2026-10-01T12:01:14.6020243-04:00","0.01","107.4","178.1","659","17"
"2026-10-01T12:01:19.6204487-04:00","0","107.4","178.1","659","17"
"2026-10-01T12:01:24.6279800-04:00","0.02","107.4","178.1","659","17"
"2026-10-01T12:01:29.6364445-04:00","0","107.4","178.1","659","17"
"2026-10-01T12:01:34.6573991-04:00","0.019","107.4","178.1","659","17"
"2026-10-01T12:01:39.6668010-04:00","0.01","107.4","178.1","662","18"
"2026-10-01T12:01:44.6860386-04:00","0.019","108.2","178.9","662","18"
"2026-10-01T12:01:49.6971818-04:00","0.029","107.4","178.1","662","18"
"2026-10-01T12:01:54.7100375-04:00","0.019","107.4","178.1","662","18"
"2026-10-01T12:01:59.7185267-04:00","0.01","107.4","178.1","662","17"
"2026-10-01T12:02:04.7302553-04:00","0.019","107.4","178.1","662","17"
"2026-10-01T12:02:09.7400826-04:00","0.01","107.4","178.1","662","17"
"2026-10-01T12:02:14.7481662-04:00","0.019","107.4","178.1","665","18"
"2026-10-01T12:02:19.7615158-04:00","0.01","107.4","178.1","665","18"
"2026-10-01T12:02:24.7720866-04:00","0.01","107.4","178.1","665","18"
"2026-10-01T12:02:29.7810083-04:00","0.019","107.4","178.1","665","18"
"2026-10-01T12:02:34.7978745-04:00","0.019","107.4","178.1","665","17"
"2026-10-01T12:02:39.8084959-04:00","0.01","107.4","178.1","665","17"
"2026-10-01T12:02:44.8180881-04:00","0.01","107.4","178.1","668","18"
"2026-10-01T12:02:49.8280678-04:00","0.019","107.4","178.1","668","18"
"2026-10-01T12:02:54.8375580-04:00","0.01","107.4","178.1","668","18"
"2026-10-01T12:02:59.8454513-04:00","0.02","107.4","178.1","668","18"
"2026-10-01T12:03:04.8517177-04:00","0.01","107.4","178.1","668","18"
"2026-10-01T12:03:09.8717448-04:00","0.019","107.4","178.1","668","18"
"2026-10-01T12:03:14.8811903-04:00","0.019","107.4","178.1","668","17"
"2026-10-01T12:03:19.8965383-04:00","0.01","107.4","178.1","668","17"
"2026-10-01T12:03:24.9109605-04:00","0","107.4","178.1","668","17"
"2026-10-01T12:03:29.9185922-04:00","0.01","107.4","178.1","668","17"
"2026-10-01T12:03:34.9250294-04:00","0.01","107.4","178.1","668","17"
"2026-10-01T12:03:39.9366750-04:00","0.01","107.4","178.1","668","17"
"2026-10-01T12:03:44.9428885-04:00","0","107.4","178.1","671","18"
"2026-10-01T12:03:49.9523765-04:00","0.01","107.4","178.1","671","18"
"2026-10-01T12:03:54.9600727-04:00","0","107.4","178.1","671","18"
"2026-10-01T12:03:59.9707606-04:00","0.01","107.4","178.1","671","18"
"2026-10-01T12:04:04.9802519-04:00","0.019","107.4","178.1","671","18"
"2026-10-01T12:04:09.9937659-04:00","0.01","107.4","178.1","671","18"
"2026-10-01T12:04:15.0044330-04:00","0.01","107.4","178.1","671","18"
"2026-10-01T12:04:20.0105825-04:00","0.02","107.4","178.1","671","18"
"2026-10-01T12:04:25.0505435-04:00","0.01","107.4","178.1","671","18"
"2026-10-01T12:04:30.0590518-04:00","0.019","107.4","178.1","671","18"
"2026-10-01T12:04:35.0677231-04:00","0","107.4","178.1","671","18"
"2026-10-01T12:04:40.0765820-04:00","0.01","107.4","178.1","671","18"
"2026-10-01T12:04:45.0909783-04:00","0.019","107.4","178.1","671","18"
"2026-10-01T12:04:50.1046133-04:00","0.01","107.4","178.1","671","18"
"2026-10-01T12:04:55.1208819-04:00","0.01","107.5","178.1","587","18"
"2026-10-01T12:05:00.1374797-04:00","0.01","107.5","178.1","587","18"
"2026-10-01T12:05:05.1555010-04:00","0","107.5","178.1","587","18"
"2026-10-01T12:05:10.1675344-04:00","0.01","107.5","178.1","587","18"
"2026-10-01T12:05:15.1760961-04:00","0.01","107.5","178.1","587","18"
"2026-10-01T12:05:20.1959897-04:00","0.019","107.5","178.1","587","18"
"2026-10-01T12:05:25.2135119-04:00","0.01","107.5","178.1","587","18"
"2026-10-01T12:05:30.2196748-04:00","0","107.5","178.1","587","18"
"2026-10-01T12:05:35.2281070-04:00","0.019","107.4","178.1","587","17"
"2026-10-01T12:05:40.2380212-04:00","0.01","107.4","178.1","587","17"
"2026-10-01T12:05:45.2478913-04:00","0.019","107.4","178.1","587","17"
"2026-10-01T12:05:50.2541886-04:00","0.01","107.4","178.1","587","17"
"2026-10-01T12:05:55.2625779-04:00","0.019","107.4","178.1","587","17"
"2026-10-01T12:06:00.2812708-04:00","0","107.5","178.1","590","18"
"2026-10-01T12:06:05.2899326-04:00","0.01","107.5","178.1","590","18"
"2026-10-01T12:06:10.2985891-04:00","0","107.5","178.1","590","18"
"2026-10-01T12:06:15.3071132-04:00","0.01","107.5","178.1","590","18"
"2026-10-01T12:06:20.3211478-04:00","0.01","107.4","178.1","590","17"
"2026-10-01T12:06:25.3301287-04:00","0","107.4","178.1","590","17"
"2026-10-01T12:06:30.3495487-04:00","0.019","107.4","178.1","590","17"
"2026-10-01T12:06:35.3572752-04:00","0.01","107.4","178.1","590","17"
"2026-10-01T12:06:40.3628566-04:00","0.01","107.4","178.1","590","17"
"2026-10-01T12:06:45.3829895-04:00","0.029","107.4","178.1","590","17"
"2026-10-01T12:06:50.3944991-04:00","0.01","107.4","178.1","590","17"
"2026-10-01T12:06:55.4128442-04:00","0.019","107.4","178.1","590","17"
"2026-10-01T12:07:00.4505394-04:00","0","107.4","178.1","590","17"
"2026-10-01T12:07:05.4640131-04:00","0.019","107.4","178.1","590","17"
"2026-10-01T12:07:10.4757688-04:00","0.01","107.4","178.1","590","17"
"2026-10-01T12:07:15.4861013-04:00","0.01","107.4","178.1","590","17"
"2026-10-01T12:07:20.4949453-04:00","0.019","107.4","178.1","590","17"
"2026-10-01T12:07:25.5039704-04:00","0.019","107.4","178.1","590","17"
"2026-10-01T12:07:30.5173321-04:00","0.01","107.4","178.1","590","17"
"2026-10-01T12:07:35.5357326-04:00","0.019","107.4","178.1","593","18"
"2026-10-01T12:07:40.5464306-04:00","0.01","107.4","178.1","593","18"
"2026-10-01T12:07:45.5608545-04:00","0.019","107.4","178.1","593","18"
"2026-10-01T12:07:50.5673129-04:00","0.02","107.4","178.1","593","18"
"2026-10-01T12:07:55.5765796-04:00","0","107.4","178.1","593","17"
"2026-10-01T12:08:00.5856593-04:00","0.019","107.4","178.1","593","17"
"2026-10-01T12:08:05.5937492-04:00","0.01","107.4","178.1","596","18"
"2026-10-01T12:08:10.6108986-04:00","0.019","107.4","178.1","596","18"
"2026-10-01T12:08:15.6260232-04:00","0.019","107.4","178.1","596","18"
"2026-10-01T12:08:20.6350451-04:00","0","107.4","178.1","596","18"
"2026-10-01T12:08:25.6462058-04:00","0.01","107.4","178.1","596","17"
"2026-10-01T12:08:30.6603123-04:00","0","107.4","178.1","596","17"
"2026-10-01T12:08:35.6715691-04:00","0.01","107.4","178.1","599","18"
"2026-10-01T12:08:40.6862449-04:00","0.01","108.2","178.9","599","18"
"2026-10-01T12:08:45.6952109-04:00","0.01","107.4","178.1","599","18"
"2026-10-01T12:08:50.7131502-04:00","0.01","107.4","178.1","599","17"
"2026-10-01T12:08:55.7249751-04:00","0.019","107.4","178.1","599","17"
"2026-10-01T12:09:00.7307774-04:00","0.01","107.4","178.1","599","17"
"2026-10-01T12:09:05.7391151-04:00","0.01","107.4","178.1","599","17"
"2026-10-01T12:09:10.7585102-04:00","0","107.4","178.1","599","17"
"2026-10-01T12:09:15.7805329-04:00","0.019","107.4","178.1","599","17"
"2026-10-01T12:09:20.7915120-04:00","0.019","107.4","178.1","599","17"
"2026-10-01T12:09:25.7974458-04:00","0.029","107.4","178.1","602","18"
"2026-10-01T12:09:30.8141287-04:00","0.01","107.4","178.1","602","18"
"2026-10-01T12:09:35.8576468-04:00","0.01","107.4","178.1","602","18"
"2026-10-01T12:09:40.8771792-04:00","0.01","107.4","178.1","602","18"
"2026-10-01T12:09:45.8958497-04:00","0","107.4","178.1","602","17"
"2026-10-01T12:09:50.9080314-04:00","0.019","107.4","178.1","602","17"
"2026-10-01T12:09:55.9196014-04:00","0.01","107.4","178.1","602","17"
"2026-10-01T12:10:00.9253871-04:00","0.01","107.4","178.1","602","17"
"2026-10-01T12:10:05.9354707-04:00","0.019","107.4","178.1","602","17"
"2026-10-01T12:10:10.9463150-04:00","0.019","107.4","178.1","602","17"
"2026-10-01T12:10:15.9568456-04:00","0.01","107.4","178.1","602","17"
"2026-10-01T12:10:20.9638252-04:00","0.02","107.4","178.1","602","17"
"2026-10-01T12:10:25.9699051-04:00","0.01","107.4","178.1","602","17"
"2026-10-01T12:10:30.9800256-04:00","0.019","107.4","178.1","602","17"
"2026-10-01T12:10:35.9912421-04:00","0.01","107.4","178.1","602","17"
"2026-10-01T12:10:40.9994359-04:00","0.019","107.4","178.1","605","18"
"2026-10-01T12:10:46.0089925-04:00","0.01","107.4","178.1","605","18"
"2026-10-01T12:10:51.0174757-04:00","0.01","107.4","178.1","605","18"
"2026-10-01T12:10:56.0291856-04:00","0.01","107.4","178.1","605","18"
"2026-10-01T12:11:01.0429185-04:00","0.019","107.4","178.1","605","18"
"2026-10-01T12:11:06.0508945-04:00","0","107.4","178.1","605","18"
"2026-10-01T12:11:11.0587276-04:00","0.029","107.4","178.1","605","18"
"2026-10-01T12:11:16.0876873-04:00","0.01","107.4","178.1","605","18"
"2026-10-01T12:11:21.0985151-04:00","0.019","107.4","178.1","605","18"
"2026-10-01T12:11:26.1084393-04:00","0.019","107.4","178.1","605","18"
"2026-10-01T12:11:31.1145794-04:00","0.01","107.4","178.1","605","17"
"2026-10-01T12:11:36.1250786-04:00","0.019","107.4","178.1","605","17"
"2026-10-01T12:11:41.1373308-04:00","0.01","107.4","178.1","605","17"
"2026-10-01T12:11:46.1494448-04:00","0.01","107.4","178.1","605","17"
"2026-10-01T12:11:51.1614834-04:00","0.019","107.4","178.1","605","17"
"2026-10-01T12:11:56.1733882-04:00","0.01","107.4","178.1","605","17"
"2026-10-01T12:12:01.1810679-04:00","0.02","107.4","178.1","608","18"
"2026-10-01T12:12:06.1932581-04:00","0","107.4","178.1","608","18"
"2026-10-01T12:12:11.1983020-04:00","0.01","107.4","178.1","608","18"
"2026-10-01T12:12:16.2071665-04:00","0","107.4","178.1","608","18"
"2026-10-01T12:12:21.2193026-04:00","0.01","107.4","178.1","608","17"
"2026-10-01T12:12:26.2297248-04:00","0.019","107.4","178.1","608","17"
"2026-10-01T12:12:31.2437424-04:00","0.019","107.4","178.1","608","17"
"2026-10-01T12:12:36.2536110-04:00","0.01","107.4","178.1","608","17"
"2026-10-01T12:12:41.2676276-04:00","0.01","107.4","178.1","608","17"
"2026-10-01T12:12:46.2876529-04:00","0.019","107.4","178.1","608","17"
"2026-10-01T12:12:51.2956286-04:00","0.01","107.4","178.1","608","17"
"2026-10-01T12:12:56.3094389-04:00","0.019","107.4","178.1","608","17"
"2026-10-01T12:13:01.3182566-04:00","0.019","107.4","178.1","608","17"
"2026-10-01T12:13:06.3327543-04:00","0","107.4","178.1","608","17"
"2026-10-01T12:13:11.3498983-04:00","0.019","107.4","178.1","608","17"
"2026-10-01T12:13:16.3614462-04:00","0.01","107.4","178.1","608","17"
"2026-10-01T12:13:21.3731272-04:00","0.019","107.4","178.1","611","18"
"2026-10-01T12:13:26.3883927-04:00","0.01","107.4","178.1","611","18"
"2026-10-01T12:13:31.3977596-04:00","0.029","107.4","178.1","611","18"
"2026-10-01T12:13:36.4127382-04:00","0.01","107.4","178.1","611","18"
"2026-10-01T12:13:41.4245089-04:00","0.019","107.4","178.1","611","18"
"2026-10-01T12:13:46.4301383-04:00","0.02","107.4","178.1","611","18"
"2026-10-01T12:13:51.4401175-04:00","0.01","107.4","178.1","611","18"
"2026-10-01T12:13:56.4520783-04:00","0.019","107.4","178.1","611","18"
"2026-10-01T12:14:01.4671193-04:00","0.01","107.4","178.1","614","18"
"2026-10-01T12:14:06.4726176-04:00","0.02","107.4","178.1","614","18"
"2026-10-01T12:14:11.4853959-04:00","0.01","107.4","178.1","614","18"
"2026-10-01T12:14:16.4984684-04:00","0.01","107.4","178.1","614","18"
"2026-10-01T12:14:21.5079223-04:00","0.029","107.4","178.1","614","17"
"2026-10-01T12:14:26.5209470-04:00","0","107.4","178.1","614","17"
"2026-10-01T12:14:31.5290883-04:00","0","107.4","178.1","614","17"
"2026-10-01T12:14:36.5366022-04:00","0.02","107.4","178.1","614","17"
"2026-10-01T12:14:41.5490119-04:00","0.01","107.4","178.1","614","17"
"2026-10-01T12:14:46.5575107-04:00","0.01","107.4","178.1","614","17"
"2026-10-01T12:14:51.5647501-04:00","0.02","107.4","178.1","614","17"
"2026-10-01T12:14:56.5710643-04:00","0","107.4","178.1","614","17"
"2026-10-01T12:15:01.5769667-04:00","0","107.4","178.1","614","17"
"2026-10-01T12:15:06.5877109-04:00","0.01","107.4","178.1","614","17"
"2026-10-01T12:15:11.5985327-04:00","0.019","107.4","178.1","614","17"
"2026-10-01T12:15:16.6068075-04:00","0","107.4","178.1","614","17"
"2026-10-01T12:15:21.6237625-04:00","0.01","107.4","178.1","614","17"
"2026-10-01T12:15:26.6356960-04:00","0.01","107.4","178.1","614","17"
"2026-10-01T12:15:31.6444657-04:00","0.019","107.4","178.1","614","17"
"2026-10-01T12:15:36.6549206-04:00","0.01","107.4","178.1","614","17"
"2026-10-01T12:15:41.6695167-04:00","0.019","107.4","178.1","614","17"
"2026-10-01T12:15:46.6828646-04:00","0.01","108.2","178.9","614","17"
"2026-10-01T12:15:51.6917811-04:00","0.01","107.4","178.1","614","17"
"2026-10-01T12:15:56.7012719-04:00","0.01","107.4","178.1","614","17"
"2026-10-01T12:16:01.7123075-04:00","0","107.4","178.1","614","17"
"2026-10-01T12:16:06.7302477-04:00","0.029","107.4","178.1","614","17"
"2026-10-01T12:16:11.7412623-04:00","0","107.4","178.1","617","18"
"2026-10-01T12:16:16.7601136-04:00","0.01","107.4","178.1","617","18"
"2026-10-01T12:16:21.7796979-04:00","0.019","107.4","178.1","617","18"
"2026-10-01T12:16:26.7907704-04:00","0.019","107.4","178.1","617","18"
"2026-10-01T12:16:31.8049098-04:00","0.01","107.4","178.1","617","18"
"2026-10-01T12:16:36.8136939-04:00","0.019","107.4","178.1","617","18"
"2026-10-01T12:16:41.8203803-04:00","0","107.4","178.1","617","18"
"2026-10-01T12:16:46.8296433-04:00","0.01","107.4","178.1","617","18"
"2026-10-01T12:16:51.8442495-04:00","0.01","107.4","178.1","617","17"
"2026-10-01T12:16:56.8609003-04:00","0.01","107.4","178.1","617","17"
"2026-10-01T12:17:01.8797145-04:00","0","107.4","178.1","617","17"
"2026-10-01T12:17:06.8926351-04:00","0.01","107.4","178.1","617","17"
"2026-10-01T12:17:11.9001140-04:00","0.01","107.4","178.1","617","17"
"2026-10-01T12:17:16.9097217-04:00","0.019","107.4","178.1","617","17"
"2026-10-01T12:17:21.9248395-04:00","0.01","107.4","178.1","617","17"
"2026-10-01T12:17:26.9327368-04:00","0.01","107.4","178.1","617","17"
"2026-10-01T12:17:31.9485188-04:00","0.019","107.4","178.1","617","17"
"2026-10-01T12:17:36.9610041-04:00","0.019","107.4","178.1","617","17"
"2026-10-01T12:17:41.9769448-04:00","0","107.4","178.1","617","17"
"2026-10-01T12:17:46.9836441-04:00","0.02","107.4","178.1","617","17"
"2026-10-01T12:17:51.9914197-04:00","0","107.4","178.1","617","17"
"2026-10-01T12:17:56.9991550-04:00","0.01","107.4","178.1","617","17"
"2026-10-01T12:18:02.0083209-04:00","0.01","107.4","178.1","620","18"
"2026-10-01T12:18:07.0309211-04:00","0.01","107.4","178.1","620","18"
"2026-10-01T12:18:12.0437107-04:00","0.01","107.4","178.1","620","18"
"2026-10-01T12:18:17.0533948-04:00","0.01","107.4","178.1","620","18"
"2026-10-01T12:18:22.0613190-04:00","0.02","107.4","178.1","623","18"
"2026-10-01T12:18:27.0712964-04:00","0.019","107.4","178.1","623","18"
"2026-10-01T12:18:32.0864627-04:00","0.01","107.4","178.1","623","18"
"2026-10-01T12:18:37.1015818-04:00","0.019","107.4","178.1","623","18"
"2026-10-01T12:18:42.1128443-04:00","0.029","107.4","178.1","623","18"
"2026-10-01T12:18:47.1186111-04:00","0.02","107.4","178.1","623","18"
"2026-10-01T12:18:52.1291320-04:00","0","107.4","178.1","623","18"
"2026-10-01T12:18:57.1355824-04:00","0","107.4","178.1","623","17"
"2026-10-01T12:19:02.1505098-04:00","0.01","107.4","178.1","626","18"
"2026-10-01T12:19:07.1573832-04:00","0","107.4","178.1","626","18"
"2026-10-01T12:19:12.1655881-04:00","0.019","107.4","178.1","626","18"
"2026-10-01T12:19:17.1720602-04:00","0.01","107.4","178.1","626","18"
"2026-10-01T12:19:22.1818539-04:00","0.019","107.4","178.1","626","18"
"2026-10-01T12:19:27.1955316-04:00","0.01","107.4","178.1","626","18"
"2026-10-01T12:19:32.2034518-04:00","0","107.4","178.1","626","18"
"2026-10-01T12:19:37.2101805-04:00","0.02","107.4","178.1","626","18"
"2026-10-01T12:19:42.2250891-04:00","0","107.4","178.1","626","18"
"2026-10-01T12:19:47.2311262-04:00","0.01","107.4","178.1","626","18"
"2026-10-01T12:19:52.2409777-04:00","0.01","107.4","178.1","626","17"
"2026-10-01T12:19:57.2480478-04:00","0.01","107.4","178.1","626","17"
"2026-10-01T12:20:02.2612858-04:00","0.01","107.4","178.1","626","17"
"2026-10-01T12:20:07.2736108-04:00","0.019","107.4","178.1","626","17"
"2026-10-01T12:20:12.2843188-04:00","0","107.4","178.1","629","18"
"2026-10-01T12:20:17.2950486-04:00","0.01","107.4","178.1","629","18"
"2026-10-01T12:20:22.3018254-04:00","0.01","107.4","178.1","629","18"
"2026-10-01T12:20:27.3154963-04:00","0.019","107.4","178.1","629","18"
"2026-10-01T12:20:32.3241537-04:00","0.019","107.4","178.1","629","18"
"2026-10-01T12:20:37.3298727-04:00","0","107.4","178.1","629","18"
"2026-10-01T12:20:42.3435409-04:00","0.01","107.4","178.1","629","17"
"2026-10-01T12:20:47.3501164-04:00","0.02","107.4","178.1","629","17"
"2026-10-01T12:20:52.3570239-04:00","0","107.4","178.1","632","18"
"2026-10-01T12:20:57.3658095-04:00","0.029","107.4","178.1","632","18"
"2026-10-01T12:21:02.3812889-04:00","0.01","107.4","178.1","632","18"
"2026-10-01T12:21:07.4002531-04:00","0.019","107.4","178.1","632","18"
"2026-10-01T12:21:12.4286236-04:00","0.01","107.4","178.1","632","18"
"2026-10-01T12:21:17.4403274-04:00","0.01","107.4","178.1","632","18"
"2026-10-01T12:21:22.4531166-04:00","0.01","107.4","178.1","632","18"
"2026-10-01T12:21:27.4624470-04:00","0.019","107.4","178.1","632","17"
"2026-10-01T12:21:32.4764479-04:00","0.01","107.4","178.1","632","17"
"2026-10-01T12:21:37.4861576-04:00","0.01","107.4","178.1","632","17"
"2026-10-01T12:21:42.4991089-04:00","0","107.4","178.1","632","17"
"2026-10-01T12:21:47.5106975-04:00","0.01","107.4","178.1","635","18"
"2026-10-01T12:21:52.5189496-04:00","0.01","107.4","178.1","635","18"
"2026-10-01T12:21:57.5372730-04:00","0.019","107.4","178.1","635","18"
"2026-10-01T12:22:02.5444756-04:00","0","107.4","178.1","635","18"
"2026-10-01T12:22:07.5525512-04:00","0.019","107.4","178.1","635","18"
"2026-10-01T12:22:12.5611616-04:00","0","107.4","178.1","635","18"
"2026-10-01T12:22:17.5729857-04:00","0.01","107.4","178.1","635","18"
"2026-10-01T12:22:22.5843865-04:00","0.01","107.4","178.1","635","18"
"2026-10-01T12:22:27.5924561-04:00","0.01","107.4","178.1","635","18"
"2026-10-01T12:22:32.6055931-04:00","0.01","107.4","178.1","635","17"
"2026-10-01T12:22:37.6155686-04:00","0.01","107.4","178.1","635","17"
"2026-10-01T12:22:42.6250296-04:00","0","107.4","178.1","635","17"
"2026-10-01T12:22:47.6376458-04:00","0.01","107.4","178.1","635","17"
"2026-10-01T12:22:52.6461406-04:00","0.019","107.4","178.1","635","17"
"2026-10-01T12:22:57.6555261-04:00","0.019","107.4","178.1","635","17"
"2026-10-01T12:23:02.6622777-04:00","0","107.4","178.1","638","18"
"2026-10-01T12:23:07.6679520-04:00","0","107.4","178.1","638","18"
"2026-10-01T12:23:12.6785099-04:00","0.01","107.4","178.1","638","18"
"2026-10-01T12:23:17.6838842-04:00","0.01","107.4","178.1","638","18"
"2026-10-01T12:23:22.7009108-04:00","0.029","107.4","178.1","638","17"
"2026-10-01T12:23:27.7099539-04:00","0.01","107.4","178.1","638","17"
"2026-10-01T12:23:32.7240900-04:00","0.019","107.4","178.1","638","17"
"2026-10-01T12:23:37.7302945-04:00","0.01","107.4","178.1","638","17"
"2026-10-01T12:23:42.7396088-04:00","0.039","107.4","178.1","638","17"
"2026-10-01T12:23:47.7482835-04:00","0.01","107.4","178.1","638","17"
"2026-10-01T12:23:52.7594214-04:00","0.01","107.4","178.1","638","17"
"2026-10-01T12:23:57.7791917-04:00","0.019","107.4","178.1","638","17"
"2026-10-01T12:24:02.8194133-04:00","0","107.4","178.1","638","17"
"2026-10-01T12:24:07.8262572-04:00","0.02","107.4","178.1","638","17"
"2026-10-01T12:24:12.8404652-04:00","0.01","107.4","178.1","638","17"
"2026-10-01T12:24:17.8496472-04:00","0","107.4","178.1","638","17"
"2026-10-01T12:24:22.8581562-04:00","0.029","107.4","178.1","638","17"
"2026-10-01T12:24:27.8678826-04:00","0","107.4","178.1","638","17"
"2026-10-01T12:24:32.8819095-04:00","0.01","107.4","178.1","638","17"
"2026-10-01T12:24:37.8903581-04:00","0.029","107.4","178.1","638","17"
"2026-10-01T12:24:42.8983716-04:00","0.01","107.4","178.1","638","17"
"2026-10-01T12:24:47.9108763-04:00","0.01","107.4","178.1","638","17"
"2026-10-01T12:24:52.9299219-04:00","0.019","107.4","178.1","638","17"
"2026-10-01T12:24:57.9358986-04:00","0.02","107.4","178.1","638","17"
"2026-10-01T12:25:02.9491251-04:00","0.01","107.4","178.1","641","18"
"2026-10-01T12:25:07.9572811-04:00","0","107.4","178.1","641","18"
"2026-10-01T12:25:12.9647932-04:00","0.02","107.4","178.1","641","18"
"2026-10-01T12:25:17.9812313-04:00","0.01","107.4","178.1","641","18"
"2026-10-01T12:25:22.9943575-04:00","0.01","107.4","178.1","641","17"
"2026-10-01T12:25:28.0155327-04:00","0.01","107.4","178.1","641","17"
"2026-10-01T12:25:33.0234656-04:00","0.02","107.4","178.1","641","17"
"2026-10-01T12:25:38.0414811-04:00","0.019","107.4","178.1","641","17"
"2026-10-01T12:25:43.0565391-04:00","0.019","107.4","178.1","644","18"
"2026-10-01T12:25:48.0620611-04:00","0","107.4","178.1","644","18"
"2026-10-01T12:25:53.0808486-04:00","0","107.4","178.1","644","18"
"2026-10-01T12:25:58.0911036-04:00","0.029","107.4","178.1","644","18"
"2026-10-01T12:26:03.0986121-04:00","0.01","107.4","178.1","644","18"
"2026-10-01T12:26:08.1100281-04:00","0.01","107.4","178.1","644","18"
"2026-10-01T12:26:13.1227512-04:00","0.01","107.4","178.1","644","17"
"2026-10-01T12:26:18.1362027-04:00","0.019","107.4","178.1","644","17"
"2026-10-01T12:26:23.1473074-04:00","0.01","107.4","178.1","647","18"
"2026-10-01T12:26:28.1678825-04:00","0.019","107.4","178.1","647","18"
"2026-10-01T12:26:33.1821480-04:00","0.01","107.4","178.1","647","18"
"2026-10-01T12:26:38.1915453-04:00","0","107.4","178.1","647","18"
"2026-10-01T12:26:43.1964116-04:00","0.029","107.4","178.1","647","17"
"2026-10-01T12:26:48.2028167-04:00","0","107.4","178.1","647","17"
"2026-10-01T12:26:53.2175480-04:00","0.039","107.4","178.1","647","17"
"2026-10-01T12:26:58.2275655-04:00","0.019","107.4","178.1","650","18"
"2026-10-01T12:27:03.2341397-04:00","0.01","107.4","178.1","650","18"
"2026-10-01T12:27:08.2419428-04:00","0.02","107.4","178.1","650","18"
"2026-10-01T12:27:13.2487948-04:00","0.02","107.4","178.1","650","18"
"2026-10-01T12:27:18.2561564-04:00","0.01","107.4","178.1","650","18"
"2026-10-01T12:27:23.2656599-04:00","0.01","107.4","178.1","650","18"
"2026-10-01T12:27:28.2763815-04:00","0.019","107.4","178.1","650","18"
"2026-10-01T12:27:33.2824515-04:00","0.01","107.4","178.1","650","17"
"2026-10-01T12:27:38.2909422-04:00","0.019","107.4","178.1","650","17"
"2026-10-01T12:27:43.3034819-04:00","0.01","107.4","178.1","653","18"
"2026-10-01T12:27:48.3123430-04:00","0","107.4","178.1","653","18"
"2026-10-01T12:27:53.3238437-04:00","0.01","107.4","178.1","653","18"
"2026-10-01T12:27:58.3319419-04:00","0.01","107.4","178.1","653","18"
"2026-10-01T12:28:03.3428207-04:00","0.01","107.4","178.1","653","18"
"2026-10-01T12:28:08.3588501-04:00","0.01","107.4","178.1","653","18"
"2026-10-01T12:28:13.3695097-04:00","0.01","107.4","178.1","653","18"
"2026-10-01T12:28:18.3832716-04:00","0.019","107.4","178.1","653","18"
"2026-10-01T12:28:23.3935298-04:00","0.01","107.4","178.1","656","18"
"2026-10-01T12:28:28.4031722-04:00","0.01","107.4","178.1","656","18"
"2026-10-01T12:28:33.4120539-04:00","0.01","107.4","178.1","656","18"
"2026-10-01T12:28:38.4232071-04:00","0","107.4","178.1","656","18"
"2026-10-01T12:28:43.4346303-04:00","0.019","107.4","178.1","656","18"
"2026-10-01T12:28:48.4442695-04:00","0.019","107.4","178.1","656","18"
"2026-10-01T12:28:53.4583388-04:00","0.01","107.4","178.1","656","18"
"2026-10-01T12:28:58.4641499-04:00","0","107.4","178.1","656","18"
"2026-10-01T12:29:03.4747670-04:00","0.019","107.4","178.1","656","18"
"2026-10-01T12:29:08.4816663-04:00","0","107.4","178.1","656","18"
"2026-10-01T12:29:13.4941749-04:00","0.019","107.4","178.1","656","18"
"2026-10-01T12:29:18.5036116-04:00","0.01","107.4","178.1","656","18"
"2026-10-01T12:29:23.5165634-04:00","0.01","107.4","178.1","656","17"
"2026-10-01T12:29:28.5301731-04:00","0","107.4","178.1","656","17"
"2026-10-01T12:29:33.5376868-04:00","0.02","107.4","178.1","659","18"
"2026-10-01T12:29:38.5503560-04:00","0.01","107.4","178.1","659","18"
"2026-10-01T12:29:43.5629809-04:00","0.019","107.4","178.1","659","18"
"2026-10-01T12:29:48.5716450-04:00","0.01","107.4","178.1","659","18"
"2026-10-01T12:29:53.5770175-04:00","0.01","107.4","178.1","659","18"
"2026-10-01T12:29:58.6025417-04:00","0.01","107.4","178.1","659","18"
"2026-10-01T12:30:03.6175279-04:00","0.01","107.4","178.1","659","18"
"2026-10-01T12:30:08.6283484-04:00","0.01","107.4","178.1","659","18"
"2026-10-01T12:30:13.6411722-04:00","0.01","107.4","178.1","659","17"
"2026-10-01T12:30:18.6553094-04:00","0","107.4","178.1","659","17"
"2026-10-01T12:30:23.6756197-04:00","0.019","107.4","178.1","662","18"
"2026-10-01T12:30:28.6861892-04:00","0","108.2","178.9","662","18"
"2026-10-01T12:30:33.6997304-04:00","0.019","107.4","178.1","662","18"
"2026-10-01T12:30:38.7077887-04:00","0.019","107.4","178.1","662","18"
"2026-10-01T12:30:43.7125302-04:00","0.02","107.4","178.1","662","18"
"2026-10-01T12:30:48.7233194-04:00","0.019","107.4","178.1","662","18"
"2026-10-01T12:30:53.7335993-04:00","0.01","107.4","178.1","662","17"
"2026-10-01T12:30:58.7443141-04:00","0.019","107.4","178.1","662","17"
"2026-10-01T12:31:03.7592212-04:00","0.01","107.4","178.1","665","18"
"2026-10-01T12:31:08.7685618-04:00","0.019","107.4","178.1","665","18"
"2026-10-01T12:31:13.7779207-04:00","0.01","107.4","178.1","665","18"
"2026-10-01T12:31:18.7938113-04:00","0.01","107.4","178.1","665","18"
"2026-10-01T12:31:23.8013946-04:00","0.01","107.4","178.1","665","18"
"2026-10-01T12:31:28.8092036-04:00","0.02","107.4","178.1","665","18"
"2026-10-01T12:31:33.8216478-04:00","0","107.4","178.1","665","18"
"2026-10-01T12:31:38.8300268-04:00","0.01","107.4","178.1","665","18"
"2026-10-01T12:31:43.8440629-04:00","0.01","107.4","178.1","665","18"
"2026-10-01T12:31:48.8534099-04:00","0.01","107.4","178.1","665","17"
"2026-10-01T12:31:53.8654916-04:00","0.01","107.4","178.1","665","17"
"2026-10-01T12:31:58.8788898-04:00","0.049","107.4","178.1","665","17"
"2026-10-01T12:32:03.8895864-04:00","0.01","107.4","178.1","665","17"
"2026-10-01T12:32:08.9006117-04:00","0.01","107.4","178.1","665","17"
"2026-10-01T12:32:13.9092374-04:00","0.01","107.4","178.1","665","17"
"2026-10-01T12:32:18.9301282-04:00","0.019","107.4","178.1","665","17"
"2026-10-01T12:32:23.9421683-04:00","0.01","107.4","178.1","665","17"
"2026-10-01T12:32:28.9505254-04:00","0.029","107.4","178.1","665","17"
"2026-10-01T12:32:33.9931824-04:00","0","107.4","178.1","665","17"
"2026-10-01T12:32:39.0132392-04:00","0.019","107.4","178.1","665","17"
"2026-10-01T12:32:44.0228266-04:00","0.01","107.4","178.1","668","18"
"2026-10-01T12:32:49.0328928-04:00","0.01","107.4","178.1","668","18"
"2026-10-01T12:32:54.0506004-04:00","0.01","107.4","178.1","668","18"
"2026-10-01T12:32:59.0688468-04:00","0.019","107.4","178.1","668","18"
"2026-10-01T12:33:04.0779101-04:00","0.019","107.4","178.1","668","18"
"2026-10-01T12:33:09.0982763-04:00","0.01","107.4","178.1","668","18"
"2026-10-01T12:33:14.1188820-04:00","0.019","107.4","178.1","668","18"
"2026-10-01T12:33:19.1277449-04:00","0.01","107.4","178.1","668","17"
"2026-10-01T12:33:24.1343342-04:00","0.01","107.4","178.1","668","17"
"2026-10-01T12:33:29.1407632-04:00","0.01","107.4","178.1","668","17"
"2026-10-01T12:33:34.1462643-04:00","0","107.4","178.1","668","17"
"2026-10-01T12:33:39.1648056-04:00","0.029","107.4","178.1","671","18"
"2026-10-01T12:33:44.1710876-04:00","0","107.4","178.1","671","18"
"2026-10-01T12:33:49.1890730-04:00","0","107.4","178.1","671","18"
"2026-10-01T12:33:54.1988720-04:00","0.019","107.4","178.1","671","18"
"2026-10-01T12:33:59.2142638-04:00","0.01","107.4","178.1","671","17"
"2026-10-01T12:34:04.2222472-04:00","0.01","107.4","178.1","671","17"
"2026-10-01T12:34:09.2311333-04:00","0.019","107.4","178.1","671","17"
"2026-10-01T12:34:14.2432529-04:00","0.01","107.4","178.1","671","17"
"2026-10-01T12:34:19.2527720-04:00","0.01","107.4","178.1","671","17"
"2026-10-01T12:34:24.2583267-04:00","0.01","107.4","178.1","671","17"
"2026-10-01T12:34:29.2659780-04:00","0","107.4","178.1","671","17"
"2026-10-01T12:34:34.2760608-04:00","0.01","107.4","178.1","674","18"
"2026-10-01T12:34:39.2816506-04:00","0","107.4","178.1","674","18"
"2026-10-01T12:34:44.2909844-04:00","0.019","107.4","178.1","674","18"
"2026-10-01T12:34:49.2997088-04:00","0.01","107.4","178.1","674","18"
"2026-10-01T12:34:54.3081674-04:00","0.019","107.4","178.1","674","18"
"2026-10-01T12:34:59.3196988-04:00","0.019","107.4","178.1","674","18"
"2026-10-01T12:35:04.3316954-04:00","0.01","107.4","178.1","674","18"
"2026-10-01T12:35:09.3380757-04:00","0.02","107.4","178.1","674","18"
"2026-10-01T12:35:14.3542284-04:00","0","107.4","178.1","674","18"
"2026-10-01T12:35:19.3622536-04:00","0.019","107.4","178.1","674","18"
"2026-10-01T12:35:24.3851724-04:00","0.01","107.4","178.1","674","18"
"2026-10-01T12:35:29.4008636-04:00","0.01","107.4","178.1","674","18"
"2026-10-01T12:35:34.4173284-04:00","0.019","107.4","178.1","674","17"
"2026-10-01T12:35:39.4250368-04:00","0.01","107.4","178.1","674","17"
"2026-10-01T12:35:44.4328430-04:00","0.01","107.4","178.1","674","17"
"2026-10-01T12:35:49.4486657-04:00","0","107.4","178.1","674","17"
"2026-10-01T12:35:54.4686086-04:00","0","107.4","178.1","674","17"
"2026-10-01T12:35:59.4809243-04:00","0.01","107.4","178.1","674","17"
"2026-10-01T12:36:04.4927168-04:00","0.019","107.4","178.1","674","17"
"2026-10-01T12:36:09.5168131-04:00","0.01","107.4","178.1","674","17"
"2026-10-01T12:36:14.5239387-04:00","0.02","107.4","178.1","674","17"
"2026-10-01T12:36:19.5389772-04:00","0.019","107.4","178.1","674","17"
"2026-10-01T12:36:24.5445084-04:00","0.01","107.4","178.1","677","18"
"2026-10-01T12:36:29.5514851-04:00","0.029","107.4","178.1","677","18"
"2026-10-01T12:36:34.5620773-04:00","0","107.4","178.1","677","18"
"2026-10-01T12:36:39.5681441-04:00","0.02","107.4","178.1","677","18"
"2026-10-01T12:36:44.5755526-04:00","0","107.4","178.1","677","17"
"2026-10-01T12:36:49.5841192-04:00","0.029","107.4","178.1","677","17"
"2026-10-01T12:36:54.5966767-04:00","0.01","107.4","178.1","680","18"
"2026-10-01T12:36:59.6044674-04:00","0","107.4","178.1","680","18"
"2026-10-01T12:37:04.6226285-04:00","0.019","107.4","178.1","680","18"
"2026-10-01T12:37:09.6329859-04:00","0.019","107.4","178.1","680","18"
"2026-10-01T12:37:14.6411435-04:00","0.01","107.4","178.1","680","18"
"2026-10-01T12:37:19.6521489-04:00","0.01","107.4","178.1","680","18"
"2026-10-01T12:37:24.6628022-04:00","0.01","107.4","178.1","680","18"
"2026-10-01T12:37:29.6739243-04:00","0.019","107.4","178.1","680","18"
"2026-10-01T12:37:34.6798007-04:00","0","107.4","178.1","680","18"
"2026-10-01T12:37:39.6943783-04:00","0","107.4","178.1","680","18"
"2026-10-01T12:37:44.6994643-04:00","0.02","107.4","178.1","680","18"
"2026-10-01T12:37:49.7041065-04:00","0.02","107.4","178.1","680","18"
"2026-10-01T12:37:54.7127878-04:00","0","107.4","178.1","680","18"
"2026-10-01T12:37:59.7228262-04:00","0.01","107.4","178.1","680","18"
"2026-10-01T12:38:04.7313345-04:00","0.01","107.4","178.1","680","18"
"2026-10-01T12:38:09.7406220-04:00","0.01","107.4","178.1","680","18"
"2026-10-01T12:38:14.7781969-04:00","0.019","107.4","178.1","680","17"
"2026-10-01T12:38:19.7848368-04:00","0.01","107.4","178.1","680","17"
"2026-10-01T12:38:24.7968134-04:00","0.01","107.4","178.1","683","18"
"2026-10-01T12:38:29.8114410-04:00","0.01","107.4","178.1","683","18"
"2026-10-01T12:38:34.8222914-04:00","0.01","107.4","178.1","683","18"
"2026-10-01T12:38:39.8308545-04:00","0.019","107.4","178.1","683","18"
"2026-10-01T12:38:44.8392335-04:00","0.01","107.4","178.1","683","17"
"2026-10-01T12:38:49.8455630-04:00","0.01","107.4","178.1","683","17"
"2026-10-01T12:38:54.8656850-04:00","0","107.4","178.1","683","17"
"2026-10-01T12:38:59.8777447-04:00","0.01","107.4","178.1","686","18"
"2026-10-01T12:39:04.8868746-04:00","0.019","107.5","178.1","686","18"
"2026-10-01T12:39:09.8936516-04:00","0.01","107.5","178.1","599","18"
"2026-10-01T12:39:14.9029692-04:00","0.019","107.5","178.1","599","18"
"2026-10-01T12:39:19.9174304-04:00","0.01","107.5","178.1","599","18"
"2026-10-01T12:39:24.9253510-04:00","0.01","107.5","178.1","599","18"
"2026-10-01T12:39:29.9455321-04:00","0.019","107.5","178.1","599","18"
"2026-10-01T12:39:34.9570082-04:00","0.019","107.5","178.1","599","18"
"2026-10-01T12:39:39.9749724-04:00","0.01","107.5","178.1","599","18"
"2026-10-01T12:39:44.9953621-04:00","0.029","107.5","178.1","599","18"
"2026-10-01T12:39:50.0052133-04:00","0","107.4","178.1","599","17"
"2026-10-01T12:39:55.0114006-04:00","0.029","107.4","178.1","599","17"
"2026-10-01T12:40:00.0187573-04:00","0","107.4","178.1","599","17"
"2026-10-01T12:40:05.0331888-04:00","0.019","107.4","178.1","599","17"
"2026-10-01T12:40:10.0439952-04:00","0.01","107.4","178.1","599","17"
"2026-10-01T12:40:15.0520405-04:00","0.019","107.4","178.1","599","17"
"2026-10-01T12:40:20.0623073-04:00","0.019","107.4","178.1","599","17"
"2026-10-01T12:40:25.0712173-04:00","0.019","107.4","178.1","599","17"
"2026-10-01T12:40:30.0917165-04:00","0.029","107.4","178.1","599","17"
"2026-10-01T12:40:35.1122870-04:00","0.01","107.5","178.1","602","18"
"2026-10-01T12:40:40.1230967-04:00","0.01","107.5","178.1","602","18"
"2026-10-01T12:40:45.1320398-04:00","0.019","107.5","178.1","602","18"
"2026-10-01T12:40:50.1402078-04:00","0","107.5","178.1","602","18"
"2026-10-01T12:40:55.1496048-04:00","0.019","107.4","178.1","602","17"
"2026-10-01T12:41:00.1570876-04:00","0.01","107.4","178.1","602","17"
"2026-10-01T12:41:05.1624512-04:00","0.01","107.5","178.1","605","18"
"2026-10-01T12:41:10.1777195-04:00","0.01","107.5","178.1","605","18"
"2026-10-01T12:41:15.1889856-04:00","0.019","107.5","178.1","605","18"
"2026-10-01T12:41:20.2014603-04:00","0.01","107.5","178.1","605","18"
"2026-10-01T12:41:25.2119757-04:00","0.019","107.4","178.1","605","17"
"2026-10-01T12:41:30.2172114-04:00","0","107.4","178.1","605","17"
"2026-10-01T12:41:35.2279427-04:00","0.01","107.4","178.1","605","17"
"2026-10-01T12:41:40.2476975-04:00","0","107.4","178.1","605","17"
"2026-10-01T12:41:45.2602858-04:00","0.01","107.4","178.1","605","17"
"2026-10-01T12:41:50.2771546-04:00","0","107.4","178.1","605","17"
"2026-10-01T12:41:55.2996783-04:00","0.01","107.4","178.1","605","17"
"2026-10-01T12:42:00.3131366-04:00","0.01","107.4","178.1","605","17"
"2026-10-01T12:42:05.3193137-04:00","0.029","107.4","178.1","605","17"
"2026-10-01T12:42:10.3254746-04:00","0.01","107.4","178.1","605","17"
"2026-10-01T12:42:15.3445814-04:00","0.019","107.4","178.1","605","17"
"2026-10-01T12:42:20.3518550-04:00","0.02","107.4","178.1","605","17"
"2026-10-01T12:42:25.3645179-04:00","0.01","107.4","178.1","605","17"
"2026-10-01T12:42:30.3703152-04:00","0.02","107.4","178.1","605","17"
"2026-10-01T12:42:35.3811117-04:00","0.01","107.4","178.1","605","17"
"2026-10-01T12:42:40.3951067-04:00","0.01","107.4","178.1","605","17"
"2026-10-01T12:42:45.4041030-04:00","0.019","107.5","178.1","608","18"
"2026-10-01T12:42:50.4106872-04:00","0.01","107.5","178.1","608","18"
"2026-10-01T12:42:55.4206778-04:00","0.01","107.5","178.1","608","18"
"2026-10-01T12:43:00.4348024-04:00","0.01","107.5","178.1","608","18"
"2026-10-01T12:43:05.4552298-04:00","0.019","107.4","178.1","608","17"
"2026-10-01T12:43:10.4662047-04:00","0.01","107.4","178.1","608","17"
"2026-10-01T12:43:15.4737133-04:00","0.02","107.4","178.1","608","17"
"2026-10-01T12:43:20.4790711-04:00","0","107.4","178.1","608","17"
"2026-10-01T12:43:25.4894841-04:00","0.019","107.4","178.1","608","17"
"2026-10-01T12:43:30.5011008-04:00","0","107.4","178.1","608","17"
"2026-10-01T12:43:35.5073358-04:00","0.02","107.4","178.1","608","17"
"2026-10-01T12:43:40.5196315-04:00","0.01","107.4","178.1","608","17"
"2026-10-01T12:43:45.5265100-04:00","0.01","107.4","178.1","608","17"
"2026-10-01T12:43:50.5381106-04:00","0.01","107.4","178.1","608","17"
"2026-10-01T12:43:55.5655570-04:00","0.01","107.4","178.1","608","17"
"2026-10-01T12:44:00.5727059-04:00","0","107.4","178.1","608","17"
"2026-10-01T12:44:05.5797334-04:00","0.02","107.4","178.1","608","17"
"2026-10-01T12:44:10.5896256-04:00","0","107.4","178.1","608","17"
"2026-10-01T12:44:15.6008796-04:00","0.019","107.4","178.1","608","17"
"2026-10-01T12:44:20.6206058-04:00","0","107.4","178.1","608","17"
"2026-10-01T12:44:25.6336737-04:00","0.019","107.4","178.1","608","17"
"2026-10-01T12:44:30.6395947-04:00","0.01","107.4","178.1","608","17"
"2026-10-01T12:44:35.6540395-04:00","0.01","107.4","178.1","608","17"
"2026-10-01T12:44:40.6639809-04:00","0.01","107.4","178.1","608","17"
"2026-10-01T12:44:45.6731942-04:00","0.019","107.4","178.1","608","17"
"2026-10-01T12:44:50.6840211-04:00","0.01","108.2","178.9","608","17"
"2026-10-01T12:44:55.7001318-04:00","0.019","107.4","178.1","608","17"
"2026-10-01T12:45:00.7102875-04:00","0.01","107.5","178.1","611","18"
"2026-10-01T12:45:05.7211125-04:00","0.019","107.5","178.1","611","18"
"2026-10-01T12:45:10.7304640-04:00","0.01","107.5","178.1","611","18"
"2026-10-01T12:45:15.7384503-04:00","0.01","107.5","178.1","611","18"
"2026-10-01T12:45:20.7472805-04:00","0.019","107.4","178.1","611","17"
"2026-10-01T12:45:25.7582799-04:00","0","107.4","178.1","611","17"
"2026-10-01T12:45:30.7638862-04:00","0.02","107.4","178.1","611","17"
"2026-10-01T12:45:35.7755693-04:00","0.01","107.4","178.1","611","17"
"2026-10-01T12:45:40.7923594-04:00","0.029","107.5","178.1","614","18"
"2026-10-01T12:45:45.8022216-04:00","0.01","107.5","178.1","614","18"
"2026-10-01T12:45:50.8160106-04:00","0.01","107.5","178.1","614","18"
"2026-10-01T12:45:55.8292048-04:00","0.01","107.5","178.1","614","18"
"2026-10-01T12:46:00.8405315-04:00","0.01","107.5","178.1","614","18"
"2026-10-01T12:46:05.8519276-04:00","0","107.4","178.1","614","17"
"2026-10-01T12:46:10.8640458-04:00","0.019","107.4","178.1","617","18"
"2026-10-01T12:46:15.8794093-04:00","0.01","107.4","178.1","617","18"
"2026-10-01T12:46:20.8881838-04:00","0.029","107.4","178.1","617","18"
"2026-10-01T12:46:25.9013866-04:00","0.01","107.4","178.1","617","18"
"2026-10-01T12:46:30.9083788-04:00","0.02","107.4","178.1","617","18"
"2026-10-01T12:46:35.9202713-04:00","0.019","107.4","178.1","617","18"
"2026-10-01T12:46:40.9283275-04:00","0.01","107.4","178.1","617","18"
"2026-10-01T12:46:45.9476346-04:00","0.019","107.4","178.1","617","18"
"2026-10-01T12:46:50.9589715-04:00","0.01","107.4","178.1","617","17"
"2026-10-01T12:46:55.9643895-04:00","0.02","107.4","178.1","617","17"
"2026-10-01T12:47:00.9764461-04:00","0.01","107.4","178.1","617","17"
"2026-10-01T12:47:05.9890827-04:00","0.01","107.4","178.1","617","17"
"2026-10-01T12:47:10.9982153-04:00","0.019","107.4","178.1","617","17"
"2026-10-01T12:47:16.0118321-04:00","0.01","107.4","178.1","617","17"
"2026-10-01T12:47:21.0202491-04:00","0.01","107.4","178.1","617","17"
"2026-10-01T12:47:26.0299973-04:00","0.019","107.4","178.1","617","17"
"2026-10-01T12:47:31.0421773-04:00","0.01","107.4","178.1","617","17"
"2026-10-01T12:47:36.0615176-04:00","0.01","107.4","178.1","617","17"
"2026-10-01T12:47:41.0818625-04:00","0.01","107.4","178.1","617","17"
"2026-10-01T12:47:46.0917667-04:00","0.01","107.4","178.1","620","18"
"2026-10-01T12:47:51.1013263-04:00","0.019","107.4","178.1","620","18"
"2026-10-01T12:47:56.1108379-04:00","0.01","107.4","178.1","620","18"
"2026-10-01T12:48:01.1197603-04:00","0.029","107.4","178.1","620","18"
"2026-10-01T12:48:06.1407764-04:00","0","107.4","178.1","620","18"
"2026-10-01T12:48:11.1519218-04:00","0.019","107.4","178.1","620","18"
"2026-10-01T12:48:16.1675379-04:00","0.01","107.4","178.1","620","18"
"2026-10-01T12:48:21.1772977-04:00","0.01","107.4","178.1","620","18"
"2026-10-01T12:48:26.1839764-04:00","0.01","107.4","178.1","620","18"
"2026-10-01T12:48:31.1960760-04:00","0.019","107.4","178.1","620","18"
"2026-10-01T12:48:36.2046144-04:00","0","107.4","178.1","620","18"
"2026-10-01T12:48:41.2205334-04:00","0.01","107.4","178.1","620","18"
"2026-10-01T12:48:46.2281929-04:00","0.02","107.4","178.1","620","18"
"2026-10-01T12:48:51.2473814-04:00","0.019","107.4","178.1","623","18"
"2026-10-01T12:48:56.2622016-04:00","0.019","107.4","178.1","623","18"
"2026-10-01T12:49:01.2685354-04:00","0.01","107.4","178.1","623","18"
"2026-10-01T12:49:06.2815835-04:00","0.01","107.4","178.1","623","18"
"2026-10-01T12:49:11.2942337-04:00","0.01","107.4","178.1","623","17"
"2026-10-01T12:49:16.3011298-04:00","0.02","107.4","178.1","623","17"
"2026-10-01T12:49:21.3152053-04:00","0.01","107.4","178.1","626","18"
"2026-10-01T12:49:26.3263416-04:00","0.01","107.4","178.1","626","18"
"2026-10-01T12:49:31.3345389-04:00","0.019","107.4","178.1","626","18"
"2026-10-01T12:49:36.3539502-04:00","0.039","107.4","178.1","626","18"
"2026-10-01T12:49:41.3643629-04:00","0.019","107.4","178.1","626","18"
"2026-10-01T12:49:46.3765220-04:00","0.019","107.4","178.1","626","17"
"2026-10-01T12:49:51.3914185-04:00","0.029","107.4","178.1","626","17"
"2026-10-01T12:49:56.4045171-04:00","0.019","107.4","178.1","626","17"
"2026-10-01T12:50:01.4193743-04:00","0.01","107.4","178.1","629","18"
"2026-10-01T12:50:06.4312491-04:00","0.01","107.4","178.1","629","18"
"2026-10-01T12:50:11.4499547-04:00","0","107.4","178.1","629","18"
"2026-10-01T12:50:16.4662570-04:00","0.01","107.4","178.1","629","18"
"2026-10-01T12:50:21.4893112-04:00","0.029","107.4","178.1","629","18"
"2026-10-01T12:50:26.5095442-04:00","0","107.4","178.1","629","18"
"2026-10-01T12:50:31.5251422-04:00","0.01","107.5","178.1","632","19"
"2026-10-01T12:50:36.5371750-04:00","0.01","107.5","178.1","632","19"
"2026-10-01T12:50:41.5480497-04:00","0.01","107.5","178.1","632","19"
"2026-10-01T12:50:46.5571383-04:00","0.01","107.5","178.1","632","19"
"2026-10-01T12:50:51.5640729-04:00","0.02","107.4","178.1","632","17"
"2026-10-01T12:50:56.5700323-04:00","0.02","107.4","178.1","632","17"
"2026-10-01T12:51:01.5778251-04:00","0.02","107.4","178.1","632","17"
"2026-10-01T12:51:06.5926989-04:00","0","107.4","178.1","632","17"
"2026-10-01T12:51:11.6024038-04:00","0.019","107.4","178.1","635","18"
"2026-10-01T12:51:16.6133413-04:00","0.01","107.4","178.1","635","18"
"2026-10-01T12:51:21.6260821-04:00","0.01","107.4","178.1","635","18"
"2026-10-01T12:51:26.6364509-04:00","0.01","107.4","178.1","635","18"
"2026-10-01T12:51:31.6511025-04:00","0.019","107.4","178.1","638","18"
"2026-10-01T12:51:36.6654782-04:00","0.01","107.4","178.1","638","18"
"2026-10-01T12:51:41.6833029-04:00","0.01","107.4","178.1","638","18"
"2026-10-01T12:51:46.6996678-04:00","0.019","107.4","178.1","638","18"
"2026-10-01T12:51:51.7168098-04:00","0.01","107.4","178.1","638","17"
"2026-10-01T12:51:56.7612358-04:00","0.01","107.4","178.1","638","17"
"2026-10-01T12:52:01.7796290-04:00","0.01","107.4","178.1","638","17"
"2026-10-01T12:52:06.7986482-04:00","0","107.4","178.1","638","17"
"2026-10-01T12:52:11.8233296-04:00","0.01","107.4","178.1","638","17"
"2026-10-01T12:52:16.8380638-04:00","0.019","107.4","178.1","638","17"
"2026-10-01T12:52:21.8529866-04:00","0.01","107.4","178.1","641","18"
"2026-10-01T12:52:26.8644990-04:00","0.039","110.5","180.5","644","19"
"2026-10-01T12:52:31.8755690-04:00","0.019","110.4","180.5","641","18"
"2026-10-01T12:52:36.8872588-04:00","0.019","107.3","178.2","641","18"
"2026-10-01T12:52:41.8955426-04:00","0.01","107.3","178.2","641","18"
"2026-10-01T12:52:46.9149954-04:00","0.01","107.3","178.2","641","18"
"2026-10-01T12:52:51.9237907-04:00","0.019","107.3","178.2","641","17"
"2026-10-01T12:52:56.9294942-04:00","0.01","107.3","178.2","641","17"
"2026-10-01T12:53:01.9369930-04:00","0.02","107.3","178.2","641","17"
"2026-10-01T12:53:06.9496870-04:00","0.01","107.3","178.2","641","17"
"2026-10-01T12:53:11.9628453-04:00","0.01","107.3","178.2","641","17"
"2026-10-01T12:53:16.9771830-04:00","0.029","107.3","178.2","641","17"
"2026-10-01T12:53:21.9891823-04:00","0","107.3","178.2","644","18"
"2026-10-01T12:53:26.9991281-04:00","0.019","107.3","178.2","644","18"
"2026-10-01T12:53:32.0105916-04:00","0.01","107.3","178.2","644","18"
"2026-10-01T12:53:37.0244365-04:00","0.01","107.3","178.2","644","18"
"2026-10-01T12:53:42.0421899-04:00","0","107.3","178.2","644","18"
"2026-10-01T12:53:47.0555385-04:00","0.01","107.3","178.2","644","18"
"2026-10-01T12:53:52.0640039-04:00","0","107.3","178.2","647","18"
"2026-10-01T12:53:57.0736729-04:00","0.019","107.3","178.2","647","18"
"2026-10-01T12:54:02.0859765-04:00","0.01","107.3","178.2","647","18"
"2026-10-01T12:54:07.0932484-04:00","0.02","107.3","178.2","647","18"
"2026-10-01T12:54:12.1001903-04:00","0.02","107.3","178.2","647","17"
"2026-10-01T12:54:17.1148084-04:00","0.019","107.3","178.2","650","18"
"2026-10-01T12:54:22.1300465-04:00","0.01","107.3","178.2","650","18"
"2026-10-01T12:54:27.1359918-04:00","0.029","107.3","178.2","650","18"
"2026-10-01T12:54:32.1513906-04:00","0.019","107.3","178.2","650","18"
"2026-10-01T12:54:37.1670305-04:00","0.01","107.3","178.2","650","17"
"2026-10-01T12:54:42.1775248-04:00","0.01","107.3","178.2","650","17"
"2026-10-01T12:54:47.1885934-04:00","0.01","107.3","178.2","653","18"
"2026-10-01T12:54:52.2017337-04:00","0.01","107.3","178.2","653","18"
"2026-10-01T12:54:57.2120851-04:00","0.01","107.3","178.2","653","18"
"2026-10-01T12:55:02.2212689-04:00","0","107.3","178.2","653","18"
"2026-10-01T12:55:07.2327004-04:00","0.019","107.3","178.2","653","18"
"2026-10-01T12:55:12.2453453-04:00","0.019","107.3","178.2","653","18"
"2026-10-01T12:55:17.2537850-04:00","0.019","107.3","178.2","653","18"
"2026-10-01T12:55:22.2627380-04:00","0","107.3","178.2","653","18"
"2026-10-01T12:55:27.2999754-04:00","0.01","107.3","178.2","653","18"
"2026-10-01T12:55:32.3055259-04:00","0.01","107.3","178.2","653","18"
"2026-10-01T12:55:37.3157484-04:00","0.01","107.3","178.2","653","18"
"2026-10-01T12:55:42.3250049-04:00","0.01","107.3","178.2","653","18"
"2026-10-01T12:55:47.3352139-04:00","0.019","107.3","178.2","653","18"
"2026-10-01T12:55:52.3468725-04:00","0","107.3","178.2","653","18"
"2026-10-01T12:55:57.3618530-04:00","0.019","107.3","178.2","653","18"
"2026-10-01T12:56:02.3681415-04:00","0","107.3","178.2","653","17"
"2026-10-01T12:56:07.3774928-04:00","0.01","107.3","178.2","653","17"
"2026-10-01T12:56:12.3869024-04:00","0.01","107.3","178.2","656","18"
"2026-10-01T12:56:17.3962657-04:00","0.019","107.3","178.2","656","18"
"2026-10-01T12:56:22.4056902-04:00","0","107.3","178.2","656","18"
"2026-10-01T12:56:27.4233544-04:00","0.019","107.3","178.2","656","18"
"2026-10-01T12:56:32.4378770-04:00","0.01","107.3","178.2","656","18"
"2026-10-01T12:56:37.4568967-04:00","0.019","107.3","178.2","656","18"
"2026-10-01T12:56:42.4704600-04:00","0.01","107.3","178.2","656","17"
"2026-10-01T12:56:47.4848755-04:00","0.019","107.3","178.2","656","17"
"2026-10-01T12:56:52.5037840-04:00","0.01","107.4","178.2","662","19"
"2026-10-01T12:56:57.5177661-04:00","0.029","107.4","178.2","662","19"
"2026-10-01T12:57:02.5319261-04:00","0","107.4","178.2","662","19"
"2026-10-01T12:57:07.5551487-04:00","0.01","107.4","178.2","662","19"
"2026-10-01T12:57:12.5654653-04:00","0.01","107.3","178.2","662","17"
"2026-10-01T12:57:17.5768022-04:00","0.019","107.3","178.2","662","17"
"2026-10-01T12:57:22.5893052-04:00","0.01","107.3","178.2","665","18"
"2026-10-01T12:57:27.6032451-04:00","0.019","107.3","178.2","665","18"
"2026-10-01T12:57:32.6169998-04:00","0.019","107.3","178.2","665","18"
"2026-10-01T12:57:37.6257389-04:00","0.019","107.3","178.2","665","18"
"2026-10-01T12:57:42.6337375-04:00","0.01","107.3","178.2","665","17"
"2026-10-01T12:57:47.6495871-04:00","0.01","107.3","178.2","665","17"
"2026-10-01T12:57:52.6601357-04:00","0.019","107.3","178.2","668","18"
"2026-10-01T12:57:57.6732046-04:00","0.01","107.3","178.2","668","18"
"2026-10-01T12:58:02.6827941-04:00","0","108.2","179.1","668","18"
"2026-10-01T12:58:07.6911637-04:00","0.019","107.3","178.2","668","18"
"2026-10-01T12:58:12.6977246-04:00","0.01","107.3","178.2","668","18"
"2026-10-01T12:58:17.7053627-04:00","0.02","107.3","178.2","668","18"
"2026-10-01T12:58:22.7188164-04:00","0.01","107.3","178.2","668","18"
"2026-10-01T12:58:27.7244540-04:00","0.01","107.3","178.2","668","18"
"2026-10-01T12:58:32.7325751-04:00","0.019","107.3","178.2","668","17"
"2026-10-01T12:58:37.7425622-04:00","0","107.3","178.2","668","17"
"2026-10-01T12:58:42.7515688-04:00","0.019","107.3","178.2","668","17"
"2026-10-01T12:58:47.7668714-04:00","0.019","107.3","178.2","668","17"
"2026-10-01T12:58:52.7736540-04:00","0.01","107.3","178.2","668","17"
"2026-10-01T12:58:57.7827996-04:00","0.019","107.3","178.2","668","17"
"2026-10-01T12:59:02.7931214-04:00","0.019","107.3","178.2","668","17"
"2026-10-01T12:59:07.8055759-04:00","0","107.3","178.2","668","17"
"2026-10-01T12:59:12.8120118-04:00","0.029","107.3","178.2","668","17"
"2026-10-01T12:59:17.8252060-04:00","0.01","107.3","178.2","668","17"
"2026-10-01T12:59:22.8412766-04:00","0.029","107.3","178.2","668","17"
"2026-10-01T12:59:27.8539420-04:00","0.01","107.3","178.2","668","17"
"2026-10-01T12:59:32.8598472-04:00","0.029","107.3","178.2","668","17"
"2026-10-01T12:59:37.8676537-04:00","0","107.3","178.2","668","17"
"2026-10-01T12:59:42.8781140-04:00","0.01","107.3","178.2","668","17"
"2026-10-01T12:59:47.8860449-04:00","0","107.3","178.2","668","17"
"2026-10-01T12:59:52.8985845-04:00","0.019","107.3","178.2","671","18"
"2026-10-01T12:59:57.9145373-04:00","0","107.3","178.2","671","18"
"2026-10-01T13:00:02.9253988-04:00","0.019","107.3","178.2","671","18"
"2026-10-01T13:00:07.9418530-04:00","0.01","107.3","178.2","671","18"
"2026-10-01T13:00:12.9514780-04:00","0.019","107.3","178.2","671","18"
"2026-10-01T13:00:17.9648309-04:00","0.01","107.3","178.2","671","18"
"2026-10-01T13:00:22.9749135-04:00","0","107.3","178.2","671","18"
"2026-10-01T13:00:27.9840945-04:00","0.01","107.3","178.2","671","17"
"2026-10-01T13:00:32.9914071-04:00","0.01","107.3","178.2","671","17"
"2026-10-01T13:00:38.0117964-04:00","0.019","107.3","178.2","671","17"
"2026-10-01T13:00:43.0233113-04:00","0.01","107.3","178.2","671","17"
"2026-10-01T13:00:48.0602819-04:00","0.01","107.3","178.2","671","17"
"2026-10-01T13:00:53.0691927-04:00","0.01","107.3","178.2","671","17"
"2026-10-01T13:00:58.0792547-04:00","0.01","107.3","178.2","671","17"
"2026-10-01T13:01:03.0886221-04:00","0.019","107.3","178.2","671","17"
"2026-10-01T13:01:08.1017681-04:00","0.01","107.3","178.2","671","17"
"2026-10-01T13:01:13.1198795-04:00","0.019","107.3","178.2","671","17"
"2026-10-01T13:01:18.1292108-04:00","0.01","107.3","178.2","671","17"
"2026-10-01T13:01:23.1427067-04:00","0.019","107.3","178.2","674","18"
"2026-10-01T13:01:28.1534472-04:00","0.01","107.3","178.2","674","18"
"2026-10-01T13:01:33.1633011-04:00","0.01","107.3","178.2","674","18"
"2026-10-01T13:01:38.1770689-04:00","0","107.3","178.2","674","18"
"2026-10-01T13:01:43.1918966-04:00","0.019","107.3","178.2","677","18"
"2026-10-01T13:01:48.2020711-04:00","0.019","107.3","178.2","677","18"
"2026-10-01T13:01:53.2132815-04:00","0.01","107.3","178.2","677","18"
"2026-10-01T13:01:58.2365288-04:00","0","107.3","178.2","677","18"
"2026-10-01T13:02:03.2557121-04:00","0.029","107.3","178.2","677","17"
"2026-10-01T13:02:08.2614501-04:00","0","107.3","178.2","677","17"
"2026-10-01T13:02:13.2738472-04:00","0.019","107.3","178.2","677","17"
"2026-10-01T13:02:18.2885333-04:00","0.01","107.3","178.2","677","17"
"2026-10-01T13:02:23.2984574-04:00","0.019","107.3","178.2","680","18"
"2026-10-01T13:02:28.3096525-04:00","0.01","107.3","178.2","680","18"
"2026-10-01T13:02:33.3231910-04:00","0.01","107.3","178.2","680","18"
"2026-10-01T13:02:38.3334030-04:00","0.01","107.3","178.2","680","18"
"2026-10-01T13:02:43.3507627-04:00","0.019","107.3","178.2","680","18"
"2026-10-01T13:02:48.3659623-04:00","0.019","107.3","178.2","680","18"
"2026-10-01T13:02:53.3729659-04:00","0","107.3","178.2","680","18"
"2026-10-01T13:02:58.3832931-04:00","0.019","107.3","178.2","680","18"
"2026-10-01T13:03:03.3993562-04:00","0.019","107.3","178.2","680","18"
"2026-10-01T13:03:08.4128467-04:00","0.01","107.3","178.2","680","18"
"2026-10-01T13:03:13.4225024-04:00","0.01","107.3","178.2","683","18"
"2026-10-01T13:03:18.4323064-04:00","0.019","107.3","178.2","683","18"
"2026-10-01T13:03:23.4418238-04:00","0.01","107.3","178.2","683","18"
"2026-10-01T13:03:28.4569433-04:00","0.01","107.3","178.2","683","18"
"2026-10-01T13:03:33.4686074-04:00","0.019","107.3","178.2","683","18"
"2026-10-01T13:03:38.4800772-04:00","0.019","107.3","178.2","683","18"
"2026-10-01T13:03:43.4873926-04:00","0.02","107.3","178.2","683","18"
"2026-10-01T13:03:48.4996733-04:00","0","107.3","178.2","683","18"
"2026-10-01T13:03:53.5202812-04:00","0.029","107.3","178.2","683","18"
"2026-10-01T13:03:58.5365938-04:00","0.01","107.3","178.2","683","18"
"2026-10-01T13:04:03.5505818-04:00","0.01","107.3","178.2","683","18"
"2026-10-01T13:04:08.5655462-04:00","0.01","107.3","178.2","683","18"
"2026-10-01T13:04:13.5732165-04:00","0.02","107.3","178.2","683","18"
"2026-10-01T13:04:18.5856752-04:00","0.039","107.3","178.2","683","18"
"2026-10-01T13:04:23.6020488-04:00","0.01","107.3","178.2","683","18"
"2026-10-01T13:04:28.6157241-04:00","0.019","107.3","178.2","683","18"
"2026-10-01T13:04:33.6362561-04:00","0.01","107.3","178.2","686","18"
"2026-10-01T13:04:38.6455860-04:00","0.019","107.3","178.2","686","18"
"2026-10-01T13:04:43.6536635-04:00","0.019","107.3","178.2","686","18"
"2026-10-01T13:04:48.6621712-04:00","0.01","107.3","178.2","686","18"
"2026-10-01T13:04:53.6712060-04:00","0.019","107.3","178.2","686","17"
"2026-10-01T13:04:58.6827133-04:00","0","108.1","179.1","686","17"
"2026-10-01T13:05:03.6934510-04:00","0.01","107.3","178.2","686","17"
"2026-10-01T13:05:08.6993601-04:00","0.02","107.4","178.2","692","19"
"2026-10-01T13:05:13.7101367-04:00","0","107.3","178.2","689","18"
"2026-10-01T13:05:18.7235678-04:00","0.019","107.3","178.2","689","18"
"2026-10-01T13:05:23.7418860-04:00","0","107.3","178.2","689","18"
"2026-10-01T13:05:28.7488639-04:00","0.029","107.3","178.2","689","18"
"2026-10-01T13:05:33.7563625-04:00","0","107.3","178.2","689","18"
"2026-10-01T13:05:38.7619043-04:00","0.01","107.3","178.2","689","18"
"2026-10-01T13:05:43.7760471-04:00","0.01","107.3","178.2","689","17"
"2026-10-01T13:05:48.8014979-04:00","0.029","107.3","178.2","689","17"
"2026-10-01T13:05:53.8135426-04:00","0.019","107.3","178.2","689","17"
"2026-10-01T13:05:58.8352064-04:00","0","107.3","178.2","689","17"
"2026-10-01T13:06:03.8557402-04:00","0.019","107.3","178.2","689","17"
"2026-10-01T13:06:08.8646419-04:00","0","107.3","178.2","689","17"
"2026-10-01T13:06:13.8726914-04:00","0.019","107.3","178.2","689","17"
"2026-10-01T13:06:18.8850525-04:00","0.01","107.3","178.2","689","17"
"2026-10-01T13:06:23.8944105-04:00","0.01","107.4","178.2","692","18"
"2026-10-01T13:06:28.9096927-04:00","0.019","107.4","178.2","692","18"
"2026-10-01T13:06:33.9269983-04:00","0.01","107.4","178.2","692","18"
"2026-10-01T13:06:38.9354660-04:00","0.029","107.4","178.2","692","18"
"2026-10-01T13:06:43.9453873-04:00","0.01","107.4","178.2","695","18"
"2026-10-01T13:06:48.9559379-04:00","0.01","107.4","178.2","695","18"
"2026-10-01T13:06:53.9670562-04:00","0.019","107.4","178.2","695","18"
"2026-10-01T13:06:58.9811185-04:00","0.01","107.4","178.2","695","18"
"2026-10-01T13:07:03.9918588-04:00","0.01","107.4","178.2","695","17"
"2026-10-01T13:07:09.0034673-04:00","0.01","107.4","178.2","695","17"
"2026-10-01T13:07:14.0113382-04:00","0.01","107.4","178.2","695","17"
"2026-10-01T13:07:19.0208624-04:00","0.019","107.4","178.2","698","18"
"2026-10-01T13:07:24.0355529-04:00","0.01","107.4","178.2","698","18"
"2026-10-01T13:07:29.0452434-04:00","0.019","107.4","178.2","698","18"
"2026-10-01T13:07:34.0581638-04:00","0.01","107.4","178.2","698","18"
"2026-10-01T13:07:39.0797115-04:00","0","107.4","178.2","698","18"
"2026-10-01T13:07:44.0873940-04:00","0.02","107.4","178.2","698","18"
"2026-10-01T13:07:49.1036341-04:00","0.019","107.4","178.2","698","18"
"2026-10-01T13:07:54.1111716-04:00","0","107.4","178.2","698","18"
"2026-10-01T13:07:59.1439485-04:00","0.019","107.4","178.2","698","17"
"2026-10-01T13:08:04.1594816-04:00","0.01","107.4","178.2","701","18"
"2026-10-01T13:08:09.1673394-04:00","0.029","107.4","178.2","701","18"
"2026-10-01T13:08:14.1778368-04:00","0.01","107.4","178.2","701","18"
"2026-10-01T13:08:19.1912957-04:00","0.01","107.4","178.2","701","18"
"2026-10-01T13:08:24.2028319-04:00","0.01","107.4","178.2","701","18"
"2026-10-01T13:08:29.2165658-04:00","0","107.4","178.2","701","18"
"2026-10-01T13:08:34.2305135-04:00","0.01","107.4","178.2","701","17"
"2026-10-01T13:08:39.2458206-04:00","0.01","107.4","178.2","704","18"
"2026-10-01T13:08:44.2591656-04:00","0.01","107.4","178.2","704","18"
"2026-10-01T13:08:49.2745667-04:00","0.019","107.4","178.2","704","18"
"2026-10-01T13:08:54.2884977-04:00","0.01","107.4","178.2","704","18"
"2026-10-01T13:08:59.2994191-04:00","0.01","107.4","178.2","704","18"
"2026-10-01T13:09:04.3121629-04:00","0.01","107.4","178.2","704","18"
"2026-10-01T13:09:09.3214149-04:00","0.019","107.4","178.2","704","17"
"2026-10-01T13:09:14.3300114-04:00","0","107.4","178.2","704","17"
"2026-10-01T13:09:19.3397766-04:00","0.01","107.4","178.2","704","17"
"2026-10-01T13:09:24.3612153-04:00","0","107.4","178.2","704","17"
"2026-10-01T13:09:29.3745555-04:00","0.01","107.4","178.2","704","17"
"2026-10-01T13:09:34.3839678-04:00","0.019","107.4","178.2","704","17"
"2026-10-01T13:09:39.3928761-04:00","0.019","107.4","178.2","704","17"
"2026-10-01T13:09:44.4012556-04:00","0.019","107.4","178.2","704","17"
"2026-10-01T13:09:49.4101115-04:00","0.019","107.4","178.2","704","17"
"2026-10-01T13:09:54.4183657-04:00","0.01","107.4","178.2","704","17"
"2026-10-01T13:09:59.4291651-04:00","0.01","107.4","178.2","704","17"
"2026-10-01T13:10:04.4394878-04:00","0.01","107.4","178.2","704","17"
"2026-10-01T13:10:09.4482089-04:00","0.039","107.4","178.2","704","17"
"2026-10-01T13:10:14.4562064-04:00","0.02","107.4","178.2","704","17"
"2026-10-01T13:10:19.4648699-04:00","0.01","107.4","178.2","707","18"
"2026-10-01T13:10:24.4775234-04:00","0.019","107.4","178.2","707","18"
"2026-10-01T13:10:29.4855953-04:00","0.01","107.4","178.2","707","18"
"2026-10-01T13:10:34.4958705-04:00","0.01","107.4","178.2","707","18"
"2026-10-01T13:10:39.5149991-04:00","0.019","107.4","178.2","707","18"
"2026-10-01T13:10:44.5233375-04:00","0.01","107.4","178.2","707","18"
"2026-10-01T13:10:49.5342088-04:00","0.01","107.4","178.2","707","18"
"2026-10-01T13:10:54.5440262-04:00","0","107.4","178.2","707","18"
"2026-10-01T13:10:59.5543415-04:00","0.019","107.4","178.2","707","18"
"2026-10-01T13:11:04.5600075-04:00","0.01","107.4","178.2","707","18"
"2026-10-01T13:11:09.5680735-04:00","0.019","107.4","178.2","707","18"
"2026-10-01T13:11:14.5763547-04:00","0","107.4","178.2","707","18"
"2026-10-01T13:11:19.5868329-04:00","0.029","107.4","178.2","707","18"
"2026-10-01T13:11:24.5931306-04:00","0","107.4","178.2","707","18"
"2026-10-01T13:11:29.6056951-04:00","0.01","107.4","178.2","707","18"
"2026-10-01T13:11:34.6143566-04:00","0.019","107.4","178.2","707","17"
"2026-10-01T13:11:39.6306332-04:00","0.01","107.4","178.2","707","17"
"2026-10-01T13:11:44.6444511-04:00","0.01","107.4","178.2","710","18"
"2026-10-01T13:11:49.6571465-04:00","0.01","107.4","178.2","710","18"
"2026-10-01T13:11:54.6663447-04:00","0.01","107.4","178.2","710","18"
"2026-10-01T13:11:59.6787308-04:00","0.01","107.4","178.2","710","18"
"2026-10-01T13:12:04.6899304-04:00","0.01","108.2","179.1","710","18"
"2026-10-01T13:12:09.7018205-04:00","0.01","107.4","178.3","710","18"
"2026-10-01T13:12:14.7123761-04:00","0.01","107.4","178.3","611","18"
"2026-10-01T13:12:19.7244507-04:00","0.01","107.4","178.3","611","18"
"2026-10-01T13:12:24.7321023-04:00","0.02","108","178.8","614","18"
"2026-10-01T13:12:29.7440826-04:00","0.01","108","178.8","614","18"
"2026-10-01T13:12:34.7561802-04:00","0.01","108","178.8","614","18"
"2026-10-01T13:12:39.7688285-04:00","0.01","108","178.8","614","18"
"2026-10-01T13:12:44.7800695-04:00","0.019","107.9","178.8","614","17"
"2026-10-01T13:12:49.7905082-04:00","0","107.9","178.8","614","17"
"2026-10-01T13:12:54.7995990-04:00","0.01","107.9","178.8","614","17"
"2026-10-01T13:12:59.8192084-04:00","0","107.9","178.8","614","17"
"2026-10-01T13:13:04.8299109-04:00","0.019","107.9","178.8","614","17"
"2026-10-01T13:13:09.8447091-04:00","0.019","107.9","178.8","614","17"
"2026-10-01T13:13:14.8533776-04:00","0.019","108","178.8","617","18"
"2026-10-01T13:13:19.8661261-04:00","0.01","108","178.8","617","18"
"2026-10-01T13:13:24.8780924-04:00","0.019","108","178.8","617","18"
"2026-10-01T13:13:29.8854107-04:00","0.01","108","178.8","617","18"
"2026-10-01T13:13:34.8978077-04:00","0.019","108","178.8","617","18"
"2026-10-01T13:13:39.9420459-04:00","0.01","108","178.8","617","18"
"2026-10-01T13:13:44.9495004-04:00","0.029","108","178.8","617","18"
"2026-10-01T13:13:49.9595937-04:00","0.01","108","178.8","617","18"
"2026-10-01T13:13:54.9747040-04:00","0.019","108","178.8","617","18"
"2026-10-01T13:13:59.9864547-04:00","0.01","108","178.8","617","18"
"2026-10-01T13:14:04.9955607-04:00","0.019","107.9","178.8","617","17"
"2026-10-01T13:14:10.0140511-04:00","0.019","107.9","178.8","617","17"
"2026-10-01T13:14:15.0227036-04:00","0.01","108","178.8","620","18"
"2026-10-01T13:14:20.0324590-04:00","0.01","108","178.8","620","18"
"2026-10-01T13:14:25.0453345-04:00","0.01","108","178.8","620","18"
"2026-10-01T13:14:30.0548878-04:00","0.01","108","178.8","620","18"
"2026-10-01T13:14:35.0632753-04:00","0.01","108","178.8","620","18"
"2026-10-01T13:14:40.0698941-04:00","0.01","108","178.8","620","18"
"2026-10-01T13:14:45.0790475-04:00","0.01","108","178.8","620","18"
"2026-10-01T13:14:50.0905560-04:00","0.019","108","178.8","620","18"
"2026-10-01T13:14:55.1056127-04:00","0.01","108","178.8","623","18"
"2026-10-01T13:15:00.1159480-04:00","0.01","108","178.8","623","18"
"2026-10-01T13:15:05.1219089-04:00","0.02","108","178.8","623","18"
"2026-10-01T13:15:10.1332652-04:00","0.01","108","178.8","623","18"
"2026-10-01T13:15:15.1525091-04:00","0.029","107.9","178.8","623","17"
"2026-10-01T13:15:20.1631792-04:00","0.01","107.9","178.8","623","17"
"2026-10-01T13:15:25.1742319-04:00","0.019","107.9","178.8","623","17"
"2026-10-01T13:15:30.1852401-04:00","0.019","107.9","178.8","623","17"
"2026-10-01T13:15:35.1965371-04:00","0.029","107.9","178.8","623","17"
"2026-10-01T13:15:40.2060424-04:00","0","107.9","178.8","623","17"
"2026-10-01T13:15:45.2181719-04:00","0.019","107.9","178.8","623","17"
"2026-10-01T13:15:50.2258720-04:00","0.01","107.9","178.8","623","17"
"2026-10-01T13:15:55.2385971-04:00","0.019","107.9","178.8","623","17"
"2026-10-01T13:16:00.2508213-04:00","0.01","107.9","178.8","623","17"
"2026-10-01T13:16:05.2614185-04:00","0.01","107.9","178.8","623","17"
"2026-10-01T13:16:10.2802788-04:00","0","107.9","178.8","623","17"
"2026-10-01T13:16:15.3004329-04:00","0.019","107.9","178.8","623","17"
"2026-10-01T13:16:20.3201613-04:00","0.019","107.9","178.8","623","17"
"2026-10-01T13:16:25.3353438-04:00","0.01","108","178.8","626","18"
"2026-10-01T13:16:30.3447017-04:00","0.01","108","178.8","626","18"
"2026-10-01T13:16:35.3569801-04:00","0.01","108","178.8","626","18"
"2026-10-01T13:16:40.3696122-04:00","0.019","108","178.8","626","18"
"2026-10-01T13:16:45.3790245-04:00","0.01","107.9","178.8","629","18"
"2026-10-01T13:16:50.3881025-04:00","0","107.9","178.8","629","18"
"2026-10-01T13:16:55.4010263-04:00","0.01","107.9","178.8","629","18"
"2026-10-01T13:17:00.4127828-04:00","0.01","107.9","178.8","629","18"
"2026-10-01T13:17:05.4285213-04:00","0.01","107.9","178.8","629","17"
"2026-10-01T13:17:10.4391581-04:00","0.01","107.9","178.8","629","17"
"2026-10-01T13:17:15.4513310-04:00","0.019","107.9","178.8","632","18"
"2026-10-01T13:17:20.4594213-04:00","0.019","107.9","178.8","632","18"
"2026-10-01T13:17:25.4729842-04:00","0.01","107.9","178.8","632","18"
"2026-10-01T13:17:30.4862759-04:00","0.01","107.9","178.8","632","18"
"2026-10-01T13:17:35.4956896-04:00","0.01","107.9","178.8","635","18"
"2026-10-01T13:17:40.5048536-04:00","0.019","107.9","178.8","635","18"
"2026-10-01T13:17:45.5157935-04:00","0.01","107.9","178.8","635","18"
"2026-10-01T13:17:50.5282257-04:00","0.01","107.9","178.8","635","18"
"2026-10-01T13:17:55.5387407-04:00","0.01","107.9","178.8","635","17"
"2026-10-01T13:18:00.5540914-04:00","0.01","107.9","178.8","635","17"
"2026-10-01T13:18:05.5702371-04:00","0.01","107.9","178.8","635","17"
"2026-10-01T13:18:10.5782321-04:00","0.01","107.9","178.8","635","17"
"2026-10-01T13:18:15.5871871-04:00","0.01","107.9","178.8","638","18"
"2026-10-01T13:18:20.5954551-04:00","0.01","107.9","178.8","638","18"
"2026-10-01T13:18:25.6027493-04:00","0.01","107.9","178.8","638","18"
"2026-10-01T13:18:30.6155958-04:00","0.01","107.9","178.8","638","18"
"2026-10-01T13:18:35.6232232-04:00","0.01","107.9","178.8","638","17"
"2026-10-01T13:18:40.6314312-04:00","0.01","107.9","178.8","638","17"
"2026-10-01T13:18:45.6439011-04:00","0.01","107.9","178.8","638","17"
"2026-10-01T13:18:50.6530523-04:00","0","107.9","178.8","638","17"
"2026-10-01T13:18:55.6611031-04:00","0.029","107.9","178.8","638","17"
"2026-10-01T13:19:00.6719850-04:00","0.01","107.9","178.8","638","17"
"2026-10-01T13:19:05.6828303-04:00","0.01","107.9","178.8","638","17"
"2026-10-01T13:19:10.6911619-04:00","0.019","108.7","179.6","638","17"
"2026-10-01T13:19:15.6974833-04:00","0","107.9","178.8","638","17"
"2026-10-01T13:19:20.7212369-04:00","0.019","107.9","178.8","641","18"
"2026-10-01T13:19:25.7331633-04:00","0.01","107.9","178.8","641","18"
"2026-10-01T13:19:30.7395968-04:00","0.01","107.9","178.8","641","18"
"2026-10-01T13:19:35.7497264-04:00","0.019","107.9","178.8","641","18"
"2026-10-01T13:19:40.7595440-04:00","0.01","107.9","178.8","641","18"
"2026-10-01T13:19:45.7662912-04:00","0.01","107.9","178.8","641","18"
"2026-10-01T13:19:50.7790720-04:00","0.019","107.9","178.8","641","17"
"2026-10-01T13:19:55.7937560-04:00","0.01","107.9","178.8","641","17"
"2026-10-01T13:20:00.8080681-04:00","0.019","107.9","178.8","641","17"
"2026-10-01T13:20:05.8161067-04:00","0.01","107.9","178.8","641","17"
"2026-10-01T13:20:10.8265305-04:00","0.019","107.9","178.8","644","18"
"2026-10-01T13:20:15.8370422-04:00","0.01","107.9","178.8","644","18"
"2026-10-01T13:20:20.8572258-04:00","0.029","107.9","178.8","644","18"
"2026-10-01T13:20:25.8710313-04:00","0.01","107.9","178.8","644","18"
"2026-10-01T13:20:30.8919977-04:00","0.01","107.9","178.8","644","17"
"2026-10-01T13:20:35.9034319-04:00","0.01","107.9","178.8","644","17"
"2026-10-01T13:20:40.9155751-04:00","0.049","107.9","178.8","644","17"
"2026-10-01T13:20:45.9310496-04:00","0.01","107.9","178.8","644","17"
"2026-10-01T13:20:50.9376212-04:00","0.02","107.9","178.8","647","18"
"2026-10-01T13:20:55.9565974-04:00","0","107.9","178.8","647","18"
"2026-10-01T13:21:00.9669101-04:00","0.01","107.9","178.8","647","18"
"2026-10-01T13:21:05.9719709-04:00","0","107.9","178.8","647","18"
"2026-10-01T13:21:10.9811879-04:00","0.029","107.9","178.8","647","17"
"2026-10-01T13:21:15.9899297-04:00","0","107.9","178.8","647","17"
"2026-10-01T13:21:20.9981462-04:00","0.019","107.9","178.8","647","17"
"2026-10-01T13:21:26.0087138-04:00","0","107.9","178.8","647","17"
"2026-10-01T13:21:31.0296744-04:00","0.019","107.9","178.8","647","17"
"2026-10-01T13:21:36.0384823-04:00","0.01","107.9","178.8","647","17"
"2026-10-01T13:21:41.0524149-04:00","0.019","107.9","178.8","647","17"
"2026-10-01T13:21:46.0647448-04:00","0.01","107.9","178.8","647","17"
"2026-10-01T13:21:51.0750803-04:00","0.019","107.9","178.8","650","18"
"2026-10-01T13:21:56.1167207-04:00","0.01","107.9","178.8","650","18"
"2026-10-01T13:22:01.1224623-04:00","0.02","107.9","178.8","650","18"
"2026-10-01T13:22:06.1305268-04:00","0.01","107.9","178.8","650","18"
"2026-10-01T13:22:11.1467045-04:00","0.019","107.9","178.8","650","17"
"2026-10-01T13:22:16.1582073-04:00","0.01","107.9","178.8","650","17"
"2026-10-01T13:22:21.1659785-04:00","0.029","107.9","178.8","650","17"
"2026-10-01T13:22:26.1784255-04:00","0.01","108","178.8","650","20"
"2026-10-01T13:22:31.2043727-04:00","0.01","108.1","178.9","653","21"
"2026-10-01T13:22:36.2115873-04:00","0.02","108.1","178.9","653","21"
"2026-10-01T13:22:41.2251633-04:00","0.019","108.1","178.9","653","21"
"2026-10-01T13:22:46.2466195-04:00","0.01","108.1","178.9","653","21"
"2026-10-01T13:22:51.2618679-04:00","0.019","108","178.9","653","20"
"2026-10-01T13:22:56.2728592-04:00","0.01","108","178.9","653","20"
"2026-10-01T13:23:01.2852517-04:00","0.019","108","178.9","653","20"
"2026-10-01T13:23:06.2950042-04:00","0","108","178.9","653","20"
"2026-10-01T13:23:11.3159200-04:00","0.01","108","178.9","653","20"
"2026-10-01T13:23:16.3319516-04:00","0.01","108","178.9","653","20"
"2026-10-01T13:23:21.3479903-04:00","0.019","108","178.9","653","20"
"2026-10-01T13:23:26.3600236-04:00","0.01","108","178.9","653","20"
"2026-10-01T13:23:31.3727595-04:00","0.01","108","178.9","653","20"
"2026-10-01T13:23:36.3837666-04:00","0.019","108.1","178.9","656","21"
"2026-10-01T13:23:41.3907116-04:00","0.01","108.1","178.9","656","21"
"2026-10-01T13:23:46.4024578-04:00","0.01","107.9","178.8","656","18"
"2026-10-01T13:23:51.4123746-04:00","0.019","107.9","178.8","656","18"
"2026-10-01T13:23:56.4241355-04:00","0.01","107.9","178.8","656","17"
"2026-10-01T13:24:01.4336338-04:00","0.019","107.9","178.8","659","18"
"2026-10-01T13:24:06.4425276-04:00","0.01","107.9","178.8","659","18"
"2026-10-01T13:24:11.4540074-04:00","0.01","107.9","178.8","659","18"
"2026-10-01T13:24:16.4740687-04:00","0.019","107.9","178.8","659","18"
"2026-10-01T13:24:21.4817001-04:00","0.02","107.9","178.8","659","17"
"2026-10-01T13:24:26.4922278-04:00","0.019","107.9","178.8","659","17"
"2026-10-01T13:24:31.5032409-04:00","0.019","107.9","178.8","659","17"
"2026-10-01T13:24:36.5152407-04:00","0.019","107.9","178.8","662","18"
"2026-10-01T13:24:41.5275109-04:00","0.01","107.9","178.8","662","18"
"2026-10-01T13:24:46.5392271-04:00","0.019","107.9","178.8","662","18"
"2026-10-01T13:24:51.5519830-04:00","0.019","107.9","178.8","662","18"
"2026-10-01T13:24:56.5611687-04:00","0.01","107.9","178.8","662","18"
"2026-10-01T13:25:01.5722367-04:00","0.019","107.9","178.8","665","18"
"2026-10-01T13:25:06.5816376-04:00","0.019","107.9","178.8","665","18"
"2026-10-01T13:25:11.5934384-04:00","0.01","107.9","178.8","665","18"
"2026-10-01T13:25:16.6035993-04:00","0.019","107.9","178.8","665","18"
"2026-10-01T13:25:21.6120695-04:00","0.049","107.9","178.8","665","17"
"2026-10-01T13:25:26.6299788-04:00","0.01","107.9","178.8","665","17"
"2026-10-01T13:25:31.6440298-04:00","0.019","107.9","178.8","668","18"
"2026-10-01T13:25:36.6531486-04:00","0.01","107.9","178.8","668","18"
"2026-10-01T13:25:41.6634156-04:00","0.029","107.9","178.8","668","18"
"2026-10-01T13:25:46.6766628-04:00","0.019","107.9","178.8","668","18"
"2026-10-01T13:25:51.6945823-04:00","0.019","107.9","178.8","668","18"
"2026-10-01T13:25:56.7047467-04:00","0.019","107.9","178.8","668","18"
"2026-10-01T13:26:01.7131909-04:00","0","107.9","178.8","668","18"
"2026-10-01T13:26:06.7229771-04:00","0.01","107.9","178.8","668","18"
"2026-10-01T13:26:11.7354876-04:00","0.019","107.9","178.8","668","18"
"2026-10-01T13:26:16.7483236-04:00","0.01","107.9","178.8","668","18"
"2026-10-01T13:26:21.7548706-04:00","0.01","107.9","178.8","668","18"
"2026-10-01T13:26:26.7669746-04:00","0.01","107.9","178.8","668","18"
"2026-10-01T13:26:31.7773523-04:00","0.01","107.9","178.8","668","18"
"2026-10-01T13:26:36.7855485-04:00","0.01","107.9","178.8","668","18"
"2026-10-01T13:26:41.7986180-04:00","0.019","107.9","178.8","668","17"
"2026-10-01T13:26:46.8105127-04:00","0.01","107.9","178.8","668","17"
"2026-10-01T13:26:51.8224692-04:00","0","107.9","178.8","671","18"
"2026-10-01T13:26:56.8317676-04:00","0.019","107.9","178.8","671","18"
"2026-10-01T13:27:01.8453764-04:00","0.019","107.9","178.8","671","18"
"2026-10-01T13:27:06.8655385-04:00","0","107.9","178.8","671","18"
"2026-10-01T13:27:11.8737419-04:00","0.019","107.9","178.8","671","18"
"2026-10-01T13:27:16.8902935-04:00","0.019","107.9","178.8","671","18"
"2026-10-01T13:27:21.9144352-04:00","0","107.9","178.8","671","18"
"2026-10-01T13:27:26.9236465-04:00","0.019","107.9","178.8","671","18"
"2026-10-01T13:27:31.9328330-04:00","0.01","107.9","178.8","671","18"
"2026-10-01T13:27:36.9455397-04:00","0.019","107.9","178.8","671","18"
"2026-10-01T13:27:41.9604027-04:00","0.01","107.9","178.8","671","18"
"2026-10-01T13:27:46.9733586-04:00","0.01","107.9","178.8","674","18"
"2026-10-01T13:27:51.9893355-04:00","0","107.9","178.8","674","18"
"2026-10-01T13:27:57.0016564-04:00","0.01","107.9","178.8","674","18"
"2026-10-01T13:28:02.0093614-04:00","0.01","107.9","178.8","674","18"
"2026-10-01T13:28:07.0260075-04:00","0.01","107.9","178.8","674","18"
"2026-10-01T13:28:12.0347601-04:00","0.01","107.9","178.8","674","17"
"2026-10-01T13:28:17.0506398-04:00","0.019","107.9","178.8","674","17"
"2026-10-01T13:28:22.0559033-04:00","0.02","107.9","178.8","674","17"
"2026-10-01T13:28:27.0706913-04:00","0.029","107.9","178.8","674","17"
"2026-10-01T13:28:32.0777748-04:00","0.01","107.9","178.8","674","17"
"2026-10-01T13:28:37.0874589-04:00","0.019","107.9","178.8","674","17"
"2026-10-01T13:28:42.0955572-04:00","0","107.9","178.8","677","18"
"2026-10-01T13:28:47.1055820-04:00","0.01","107.9","178.8","677","18"
"2026-10-01T13:28:52.1166669-04:00","0.01","107.9","178.8","677","18"
"2026-10-01T13:28:57.1253243-04:00","0.019","107.9","178.8","677","18"
"2026-10-01T13:29:02.1336185-04:00","0.01","107.9","178.8","677","17"
"2026-10-01T13:29:07.1428140-04:00","0.01","107.9","178.8","677","17"
"2026-10-01T13:29:12.1586960-04:00","0.01","107.9","178.8","680","18"
"2026-10-01T13:29:17.1702159-04:00","0.01","107.9","178.8","680","18"
"2026-10-01T13:29:22.1804008-04:00","0.019","107.9","178.8","680","18"
"2026-10-01T13:29:27.1921327-04:00","0.019","107.9","178.8","680","18"
"2026-10-01T13:29:32.2064549-04:00","0.01","107.9","178.8","683","18"
"2026-10-01T13:29:37.2179105-04:00","0.019","107.9","178.8","683","18"
"2026-10-01T13:29:42.2451299-04:00","0.01","107.9","178.8","683","18"
"2026-10-01T13:29:47.2572627-04:00","0.019","107.9","178.8","683","18"
"2026-10-01T13:29:52.2658165-04:00","0","107.9","178.8","683","17"
"2026-10-01T13:29:57.3093725-04:00","0.01","107.9","178.8","683","17"
"2026-10-01T13:30:02.3215306-04:00","0.01","107.9","178.8","683","17"
"2026-10-01T13:30:07.3291441-04:00","0","107.9","178.8","683","17"
"2026-10-01T13:30:12.3425109-04:00","0.01","107.9","178.8","686","18"
"2026-10-01T13:30:17.3499594-04:00","0.029","107.9","178.8","686","18"
"2026-10-01T13:30:22.3568556-04:00","0","107.9","178.8","686","18"
"2026-10-01T13:30:27.3644728-04:00","0.02","107.9","178.8","686","18"
"2026-10-01T13:30:32.3834602-04:00","0","107.9","178.8","686","18"
"2026-10-01T13:30:37.3961687-04:00","0.01","107.9","178.8","686","18"
"2026-10-01T13:30:42.4084666-04:00","0.01","107.9","178.8","686","18"
"2026-10-01T13:30:47.4184475-04:00","0.01","107.9","178.8","686","18"
"2026-10-01T13:30:52.4334836-04:00","0.01","107.9","178.8","686","17"
"2026-10-01T13:30:57.4439005-04:00","0.019","107.9","178.8","686","17"
"2026-10-01T13:31:02.4498872-04:00","0","107.9","178.8","686","17"
"2026-10-01T13:31:07.4683979-04:00","0.019","107.9","178.8","686","17"
"2026-10-01T13:31:12.4874784-04:00","0.019","107.9","178.8","686","17"
"2026-10-01T13:31:17.4947680-04:00","0.039","107.9","178.8","686","17"
"2026-10-01T13:31:22.5126609-04:00","0.01","107.9","178.8","686","17"
"2026-10-01T13:31:27.5319994-04:00","0.019","107.9","178.8","686","17"
"2026-10-01T13:31:32.5452956-04:00","0.01","107.9","178.8","689","18"
"2026-10-01T13:31:37.5536183-04:00","0.029","107.9","178.8","689","18"
"2026-10-01T13:31:42.5597001-04:00","0","107.9","178.8","689","18"
"2026-10-01T13:31:47.5702294-04:00","0.01","107.9","178.8","689","18"
"2026-10-01T13:31:52.5884398-04:00","0","107.9","178.8","689","17"
"2026-10-01T13:31:57.6053866-04:00","0.019","107.9","178.8","689","17"
"2026-10-01T13:32:02.6161548-04:00","0.019","107.9","178.8","692","18"
"2026-10-01T13:32:07.6283148-04:00","0.019","107.9","178.8","692","18"
"2026-10-01T13:32:12.6414936-04:00","0.01","107.9","178.8","692","18"
"2026-10-01T13:32:17.6541969-04:00","0.019","107.9","178.8","692","18"
"2026-10-01T13:32:22.6665194-04:00","0.019","108","178.8","695","19"
"2026-10-01T13:32:27.6814764-04:00","0.019","108","178.8","695","19"
"2026-10-01T13:32:32.7049741-04:00","0.019","108","178.8","695","19"
"2026-10-01T13:32:37.7142191-04:00","0","108","178.8","695","19"
"2026-10-01T13:32:42.7217404-04:00","0.02","107.9","178.8","695","18"
"2026-10-01T13:32:47.7279327-04:00","0","107.9","178.8","695","18"
"2026-10-01T13:32:52.7368248-04:00","0.01","107.9","178.8","695","17"
"2026-10-01T13:32:57.7558431-04:00","0","107.9","178.8","695","17"
"2026-10-01T13:33:02.7646667-04:00","0.029","107.9","178.8","695","17"
"2026-10-01T13:33:07.7718566-04:00","0","107.9","178.8","695","17"
"2026-10-01T13:33:12.7792759-04:00","0.02","107.9","178.8","695","17"
"2026-10-01T13:33:17.7870644-04:00","0","107.9","178.8","695","17"
"2026-10-01T13:33:22.7968819-04:00","0.019","107.9","178.8","695","17"
"2026-10-01T13:33:27.8042668-04:00","0","107.9","178.8","695","17"
"2026-10-01T13:33:32.8113863-04:00","0.029","107.9","178.8","695","17"
"2026-10-01T13:33:37.8198024-04:00","0.01","107.9","178.8","695","17"
"2026-10-01T13:33:42.8298764-04:00","0.01","107.9","178.8","698","18"
"2026-10-01T13:33:47.8365235-04:00","0.01","107.9","178.8","698","18"
"2026-10-01T13:33:52.8483320-04:00","0.019","107.9","178.8","698","18"
"2026-10-01T13:33:57.8615763-04:00","0.01","107.9","178.8","698","18"
"2026-10-01T13:34:02.8769311-04:00","0.01","107.9","178.8","698","18"
"2026-10-01T13:34:07.8904893-04:00","0.019","107.9","178.8","698","18"
"2026-10-01T13:34:12.8991802-04:00","0.01","107.9","178.8","698","17"
"2026-10-01T13:34:17.9092686-04:00","0.01","107.9","178.8","698","17"
"2026-10-01T13:34:22.9236403-04:00","0.01","107.9","178.8","698","17"
"2026-10-01T13:34:27.9340434-04:00","0.01","107.9","178.8","698","17"
"2026-10-01T13:34:32.9463477-04:00","0.01","107.9","178.8","698","17"
"2026-10-01T13:34:37.9541387-04:00","0.02","107.9","178.8","698","17"
"2026-10-01T13:34:42.9597283-04:00","0.01","107.9","178.8","701","18"
"2026-10-01T13:34:47.9730747-04:00","0.01","107.9","178.8","701","18"
"2026-10-01T13:34:52.9883938-04:00","0.01","107.9","178.8","701","18"
"2026-10-01T13:34:57.9975940-04:00","0.01","107.9","178.8","701","18"
"2026-10-01T13:35:03.0077162-04:00","0.01","107.9","178.8","701","17"
"2026-10-01T13:35:08.0174636-04:00","0.01","107.9","178.8","701","17"
"2026-10-01T13:35:13.0238157-04:00","0.01","107.9","178.8","701","17"
"2026-10-01T13:35:18.0341617-04:00","0.01","107.9","178.8","701","17"
"2026-10-01T13:35:23.0405899-04:00","0.029","107.9","178.8","701","17"
"2026-10-01T13:35:28.0473522-04:00","0.01","107.9","178.8","704","18"
"2026-10-01T13:35:33.0545116-04:00","0.02","107.9","178.8","704","18"
"2026-10-01T13:35:38.0850978-04:00","0","107.9","178.8","704","18"
"2026-10-01T13:35:43.0969433-04:00","0.01","107.9","178.8","704","18"
"2026-10-01T13:35:48.1097025-04:00","0.01","107.9","178.8","704","17"
"2026-10-01T13:35:53.1175026-04:00","0.02","107.9","178.8","704","17"
"2026-10-01T13:35:58.1269603-04:00","0.01","107.9","178.8","704","17"
"2026-10-01T13:36:03.1371002-04:00","0.029","107.9","178.8","707","18"
"2026-10-01T13:36:08.1560635-04:00","0","107.9","178.8","707","18"
"2026-10-01T13:36:13.1680905-04:00","0.019","107.9","178.8","707","18"
"2026-10-01T13:36:18.1804381-04:00","0.01","107.9","178.8","707","18"
"2026-10-01T13:36:23.1898789-04:00","0.01","107.9","178.8","707","17"
"2026-10-01T13:36:28.2083565-04:00","0.019","107.9","178.8","707","17"
"2026-10-01T13:36:33.2157910-04:00","0.01","107.9","178.8","707","17"
"2026-10-01T13:36:38.2220162-04:00","0","107.9","178.8","707","17"
"2026-10-01T13:36:43.2336008-04:00","0.019","107.9","178.8","710","18"
"2026-10-01T13:36:48.2458534-04:00","0.019","107.9","178.8","710","18"
"2026-10-01T13:36:53.2560258-04:00","0.019","107.9","178.8","710","18"
"2026-10-01T13:36:58.2616685-04:00","0","107.9","178.8","710","18"
"2026-10-01T13:37:03.2740212-04:00","0.019","107.9","178.8","710","18"
"2026-10-01T13:37:08.2849767-04:00","0.019","107.9","178.8","710","18"
"2026-10-01T13:37:13.2963741-04:00","0.019","107.9","178.8","710","18"
"2026-10-01T13:37:18.3069724-04:00","0.019","107.9","178.8","710","18"
"2026-10-01T13:37:23.3195230-04:00","0.019","107.9","178.8","710","18"
"2026-10-01T13:37:28.3375523-04:00","0","107.9","178.8","710","18"
"2026-10-01T13:37:33.3477200-04:00","0.01","107.9","178.8","710","18"
"2026-10-01T13:37:38.3540938-04:00","0.01","107.9","178.8","710","18"
"2026-10-01T13:37:43.3639772-04:00","0.019","107.9","178.8","710","18"
"2026-10-01T13:37:48.3787124-04:00","0.01","107.9","178.8","710","17"
"2026-10-01T13:37:53.3899739-04:00","0.019","107.9","178.8","713","18"
"2026-10-01T13:37:58.4066248-04:00","0.01","107.9","178.8","713","18"
"2026-10-01T13:38:03.4191646-04:00","0.019","107.9","178.8","713","18"
"2026-10-01T13:38:08.4263098-04:00","0.02","107.9","178.8","713","18"
"2026-10-01T13:38:13.4378458-04:00","0.019","107.9","178.8","713","18"
"2026-10-01T13:38:18.4579178-04:00","0.019","107.9","178.8","713","18"
"2026-10-01T13:38:23.4713989-04:00","0.01","107.9","178.8","713","18"
"2026-10-01T13:38:28.4903689-04:00","0","107.9","178.8","713","18"
"2026-10-01T13:38:33.5026899-04:00","0.01","107.9","178.8","713","18"
"2026-10-01T13:38:38.5145816-04:00","0.01","107.9","178.8","713","18"
"2026-10-01T13:38:43.5234879-04:00","0.019","107.9","178.8","713","18"
"2026-10-01T13:38:48.5379489-04:00","0.01","107.9","178.8","713","18"
"2026-10-01T13:38:53.5477000-04:00","0.01","107.9","178.8","713","18"
"2026-10-01T13:38:58.5556819-04:00","0.01","107.9","178.8","713","18"
"2026-10-01T13:39:03.5637443-04:00","0.019","107.9","178.8","713","18"
"2026-10-01T13:39:08.5741332-04:00","0.01","107.9","178.8","713","18"
"2026-10-01T13:39:13.5855477-04:00","0.019","107.9","178.8","713","17"
"2026-10-01T13:39:18.6057749-04:00","0.01","107.9","178.8","713","17"
"2026-10-01T13:39:23.6262636-04:00","0.019","107.9","178.8","716","18"
"2026-10-01T13:39:28.6354375-04:00","0","107.9","178.8","716","18"
"2026-10-01T13:39:33.6478718-04:00","0.01","107.9","178.8","716","18"
"2026-10-01T13:39:38.6539037-04:00","0.01","107.9","178.8","716","18"
"2026-10-01T13:39:43.6635302-04:00","0.01","107.9","178.8","716","17"
"2026-10-01T13:39:48.6805413-04:00","0.01","108.7","179.6","716","17"
"2026-10-01T13:39:53.6896463-04:00","0.019","107.9","178.8","716","17"
"2026-10-01T13:39:58.7011048-04:00","0.01","107.9","178.8","716","17"
"2026-10-01T13:40:03.7106741-04:00","0.01","107.9","178.8","719","18"
"2026-10-01T13:40:08.7248179-04:00","0.019","107.9","178.8","719","18"
"2026-10-01T13:40:13.7473256-04:00","0.01","107.9","178.8","719","18"
"2026-10-01T13:40:18.7678495-04:00","0.019","107.9","178.8","719","18"
"2026-10-01T13:40:23.7875483-04:00","0.019","107.9","178.8","719","18"
"2026-10-01T13:40:28.7943099-04:00","0.029","107.9","178.8","719","18"
"2026-10-01T13:40:33.8018826-04:00","0","107.9","178.8","719","18"
"2026-10-01T13:40:38.8156803-04:00","0.01","107.9","178.8","719","18"
"2026-10-01T13:40:43.8272196-04:00","0.01","107.9","178.8","719","18"
"2026-10-01T13:40:48.8439042-04:00","0.01","107.9","178.8","719","18"
"2026-10-01T13:40:53.8566931-04:00","0.01","107.9","178.8","719","18"
"2026-10-01T13:40:58.8756418-04:00","0.019","107.9","178.8","719","18"
"2026-10-01T13:41:03.8982751-04:00","0","107.9","178.8","719","18"
"2026-10-01T13:41:08.9162061-04:00","0.029","107.9","178.8","719","18"
"2026-10-01T13:41:13.9310047-04:00","0","107.9","178.8","719","18"
"2026-10-01T13:41:18.9384024-04:00","0.02","107.9","178.8","719","18"
"2026-10-01T13:41:23.9469809-04:00","0.019","107.9","178.8","719","17"
"2026-10-01T13:41:28.9534284-04:00","0.02","107.9","178.8","719","17"
"2026-10-01T13:41:33.9634307-04:00","0.01","107.9","178.8","722","18"
"2026-10-01T13:41:38.9730469-04:00","0.01","107.9","178.8","722","18"
"2026-10-01T13:41:43.9819993-04:00","0.019","107.9","178.8","722","18"
"2026-10-01T13:41:48.9970701-04:00","0.019","107.9","178.8","722","18"
"2026-10-01T13:41:54.0048169-04:00","0","107.9","178.8","722","18"
"2026-10-01T13:41:59.0169256-04:00","0.019","107.9","178.8","722","18"
"2026-10-01T13:42:04.0323484-04:00","0.01","107.9","178.8","722","18"
"2026-10-01T13:42:09.0440821-04:00","0.019","107.9","178.8","722","18"
"2026-10-01T13:42:14.0607504-04:00","0.019","107.9","178.8","722","18"
"2026-10-01T13:42:19.0781158-04:00","0","107.9","178.8","722","18"
"2026-10-01T13:42:24.0932559-04:00","0.019","107.9","178.8","722","18"
"2026-10-01T13:42:29.0998002-04:00","0.01","107.9","178.8","722","18"
"2026-10-01T13:42:34.1197976-04:00","0.01","107.9","178.8","722","18"
"2026-10-01T13:42:39.1341675-04:00","0.019","107.9","178.8","722","18"
"2026-10-01T13:42:44.1460165-04:00","0","107.9","178.8","722","18"
"2026-10-01T13:42:49.1577890-04:00","0.01","107.9","178.8","722","18"
"2026-10-01T13:42:54.1702899-04:00","0.019","107.9","178.8","722","17"
"2026-10-01T13:42:59.1822321-04:00","0.019","107.9","178.8","722","17"
"2026-10-01T13:43:04.1971810-04:00","0.01","107.9","178.8","722","17"
"2026-10-01T13:43:09.2068361-04:00","0.01","107.9","178.8","722","17"
"2026-10-01T13:43:14.2233086-04:00","0.01","107.9","178.8","722","17"
"2026-10-01T13:43:19.2316829-04:00","0.01","107.9","178.8","722","17"
"2026-10-01T13:43:24.2453678-04:00","0.01","107.9","178.8","722","17"
"2026-10-01T13:43:29.2530625-04:00","0","107.9","178.8","722","17"
"2026-10-01T13:43:34.2636368-04:00","0","107.9","178.8","725","18"
"2026-10-01T13:43:39.2762341-04:00","0.01","107.9","178.8","725","18"
"2026-10-01T13:43:44.2963132-04:00","0","107.9","178.8","725","18"
"2026-10-01T13:43:49.3052684-04:00","0.029","107.9","178.8","725","18"
"2026-10-01T13:43:54.3197226-04:00","0.01","107.9","178.8","728","18"
"2026-10-01T13:43:59.3299400-04:00","0.019","107.9","178.8","728","18"
"2026-10-01T13:44:04.3372803-04:00","0.02","107.9","178.8","728","18"
"2026-10-01T13:44:09.3459439-04:00","0","107.9","178.8","728","18"
"2026-10-01T13:44:14.3541678-04:00","0.019","107.9","178.8","728","17"
"2026-10-01T13:44:19.3706960-04:00","0.01","107.9","178.8","728","17"
"2026-10-01T13:44:24.3797827-04:00","0.019","107.9","178.8","728","17"
"2026-10-01T13:44:29.3874442-04:00","0.01","107.9","178.8","728","17"
"2026-10-01T13:44:34.3951156-04:00","0.02","107.9","178.8","731","18"
"2026-10-01T13:44:39.4158082-04:00","0.019","107.9","178.8","731","18"
"2026-10-01T13:44:44.4241460-04:00","0.01","107.9","178.8","731","18"
"2026-10-01T13:44:49.4317070-04:00","0.01","107.9","178.8","731","18"
"2026-10-01T13:44:54.4428493-04:00","0.01","107.9","178.8","731","18"
"2026-10-01T13:44:59.4516394-04:00","0.01","107.9","178.8","731","18"
"2026-10-01T13:45:04.4657514-04:00","0.01","107.9","178.8","731","18"
"2026-10-01T13:45:09.4803509-04:00","0.019","107.9","178.8","731","18"
"2026-10-01T13:45:14.4877493-04:00","0.02","107.9","178.8","731","18"
"2026-10-01T13:45:19.5021006-04:00","0.019","107.9","178.8","731","18"
"2026-10-01T13:45:24.5089404-04:00","0.01","107.9","178.8","731","17"
"2026-10-01T13:45:29.5222414-04:00","0.01","107.9","178.8","731","17"
"2026-10-01T13:45:34.5326345-04:00","0","107.9","178.8","731","17"
"2026-10-01T13:45:39.5408393-04:00","0.01","107.9","178.8","620","17"
"2026-10-01T13:45:44.5473251-04:00","0.01","107.9","178.8","620","17"
"2026-10-01T13:45:49.5596027-04:00","0.019","107.9","178.8","620","17"
"2026-10-01T13:45:54.5717361-04:00","0.01","107.9","178.8","620","17"
"2026-10-01T13:45:59.5865073-04:00","0.01","107.9","178.8","620","17"
"2026-10-01T13:46:04.5931452-04:00","0.01","107.9","178.8","620","17"
"2026-10-01T13:46:09.6065373-04:00","0.01","107.9","178.8","620","17"
"2026-10-01T13:46:14.6141584-04:00","0.02","107.9","178.8","620","17"
"2026-10-01T13:46:19.6219358-04:00","0.01","107.9","178.8","620","17"
"2026-10-01T13:46:24.6307877-04:00","0.019","107.9","178.8","620","17"
"2026-10-01T13:46:29.6413057-04:00","0.01","108","178.9","623","18"
"2026-10-01T13:46:34.6568098-04:00","0","108","178.9","623","18"
"2026-10-01T13:46:39.6747259-04:00","0.029","108","178.9","623","18"
"2026-10-01T13:46:44.6902116-04:00","0.01","108.8","179.7","623","18"
"2026-10-01T13:46:49.6974264-04:00","0","108","178.9","623","18"
"2026-10-01T13:46:54.7120539-04:00","0.01","108","178.9","623","18"
"2026-10-01T13:46:59.7204670-04:00","0.019","108","178.9","623","18"
"2026-10-01T13:47:04.7265796-04:00","0","108","178.9","623","18"
"2026-10-01T13:47:09.7390425-04:00","0.01","107.9","178.8","623","17"
"2026-10-01T13:47:14.7458818-04:00","0.02","107.9","178.8","623","17"
"2026-10-01T13:47:19.7524240-04:00","0.01","107.9","178.8","626","18"
"2026-10-01T13:47:24.7590163-04:00","0.01","107.9","178.8","626","18"
"2026-10-01T13:47:29.7668979-04:00","0.02","107.9","178.8","626","18"
"2026-10-01T13:47:34.7765968-04:00","0.01","107.9","178.8","626","18"
"2026-10-01T13:47:39.7923794-04:00","0.01","107.9","178.8","626","17"
"2026-10-01T13:47:44.8002557-04:00","0.01","107.9","178.8","626","17"
"2026-10-01T13:47:49.8129752-04:00","0.019","107.9","178.8","626","17"
"2026-10-01T13:47:54.8313481-04:00","0.01","107.9","178.8","629","18"
"2026-10-01T13:47:59.8407815-04:00","0.01","107.9","178.8","629","18"
"2026-10-01T13:48:04.8616423-04:00","0.019","107.9","178.8","629","18"
"2026-10-01T13:48:09.8757909-04:00","0.019","107.9","178.8","629","18"
"2026-10-01T13:48:14.8908580-04:00","0.01","107.9","178.8","629","18"
"2026-10-01T13:48:19.9034350-04:00","0.01","107.9","178.8","629","18"
"2026-10-01T13:48:24.9142221-04:00","0.01","107.9","178.8","632","18"
"2026-10-01T13:48:29.9200666-04:00","0.02","107.9","178.8","632","18"
"2026-10-01T13:48:34.9323908-04:00","0.019","107.9","178.8","632","18"
"2026-10-01T13:48:39.9424034-04:00","0","107.9","178.8","632","18"
"2026-10-01T13:48:44.9496868-04:00","0.02","107.9","178.8","632","17"
"2026-10-01T13:48:49.9592901-04:00","0","107.9","178.8","635","18"
"2026-10-01T13:48:54.9685892-04:00","0.019","107.9","178.8","635","18"
"2026-10-01T13:48:59.9773425-04:00","0","107.9","178.8","635","18"
"2026-10-01T13:49:04.9884517-04:00","0.01","107.9","178.8","635","18"
"2026-10-01T13:49:09.9988750-04:00","0.019","107.9","178.8","635","18"
"2026-10-01T13:49:15.0159780-04:00","0.01","107.9","178.8","635","18"
"2026-10-01T13:49:20.0290099-04:00","0.01","107.9","178.8","635","18"
"2026-10-01T13:49:25.0356030-04:00","0","107.9","178.8","635","18"
"2026-10-01T13:49:30.0434007-04:00","0.02","107.9","178.8","635","18"
"2026-10-01T13:49:35.0681634-04:00","0.01","107.9","178.8","635","17"
"2026-10-01T13:49:40.0797845-04:00","0.01","107.9","178.8","635","17"
"2026-10-01T13:49:45.0880714-04:00","0.019","107.9","178.8","635","17"
"2026-10-01T13:49:50.1023831-04:00","0.01","107.9","178.8","638","18"
"2026-10-01T13:49:55.1112602-04:00","0.01","107.9","178.8","638","18"
"2026-10-01T13:50:00.1186921-04:00","0.02","107.9","178.8","638","18"
"2026-10-01T13:50:05.1330162-04:00","0.019","107.9","178.8","638","18"
"2026-10-01T13:50:10.1456315-04:00","0.01","107.9","178.8","638","18"
"2026-10-01T13:50:15.1583495-04:00","0.01","107.9","178.8","638","18"
"2026-10-01T13:50:20.1675766-04:00","0","107.9","178.8","638","18"
"2026-10-01T13:50:25.1763392-04:00","0.01","107.9","178.8","638","17"
"2026-10-01T13:50:30.1874904-04:00","0","107.9","178.8","638","17"
"2026-10-01T13:50:35.1947778-04:00","0.02","107.9","178.8","638","17"
"2026-10-01T13:50:40.2084285-04:00","0.01","107.9","178.8","638","17"
"2026-10-01T13:50:45.2185914-04:00","0.01","107.9","178.8","638","17"
"2026-10-01T13:50:50.2291082-04:00","0.019","107.9","178.8","638","17"
"2026-10-01T13:50:55.2399382-04:00","0.01","107.9","178.8","641","18"
"2026-10-01T13:51:00.2498696-04:00","0","107.9","178.8","641","18"
"2026-10-01T13:51:05.2681265-04:00","0.019","107.9","178.8","641","18"
"2026-10-01T13:51:10.2816402-04:00","0.01","107.9","178.8","641","18"
"2026-10-01T13:51:15.2899708-04:00","0.019","107.9","178.8","641","17"
"2026-10-01T13:51:20.3026678-04:00","0.01","107.9","178.8","644","18"
"2026-10-01T13:51:25.3106569-04:00","0.02","107.9","178.8","644","18"
"2026-10-01T13:51:30.3200907-04:00","0.01","107.9","178.8","644","18"
"2026-10-01T13:51:35.3255468-04:00","0.01","107.9","178.8","644","18"
"2026-10-01T13:51:40.3397038-04:00","0.01","107.9","178.8","644","18"
"2026-10-01T13:51:45.3484113-04:00","0.019","107.9","178.8","644","18"
"2026-10-01T13:51:50.3564077-04:00","0.01","107.9","178.8","644","18"
"2026-10-01T13:51:55.3656966-04:00","0.019","107.9","178.8","644","17"
"2026-10-01T13:52:00.3817439-04:00","0.01","107.9","178.8","644","17"
"2026-10-01T13:52:05.3937424-04:00","0.019","108","178.9","650","19"
"2026-10-01T13:52:10.4081929-04:00","0.01","107.9","178.8","647","18"
"2026-10-01T13:52:15.4177757-04:00","0.01","107.9","178.8","647","18"
"2026-10-01T13:52:20.4280030-04:00","0.01","107.9","178.8","647","18"
"2026-10-01T13:52:25.4616072-04:00","0.01","107.9","178.8","647","18"
"2026-10-01T13:52:30.4707587-04:00","0.01","107.9","178.8","647","18"
"2026-10-01T13:52:35.4796925-04:00","0.019","107.9","178.8","647","18"
"2026-10-01T13:52:40.4900093-04:00","0.01","107.9","178.8","647","17"
"2026-10-01T13:52:45.5005294-04:00","0.019","107.9","178.8","650","18"
"2026-10-01T13:52:50.5118569-04:00","0.01","107.9","178.8","650","18"
"2026-10-01T13:52:55.5187217-04:00","0.02","107.9","178.8","650","18"
"2026-10-01T13:53:00.5381328-04:00","0.01","107.9","178.8","650","18"
"2026-10-01T13:53:05.5483422-04:00","0.01","107.9","178.8","650","17"
"2026-10-01T13:53:10.5551119-04:00","0.01","107.9","178.8","650","17"
"2026-10-01T13:53:15.5663330-04:00","0.01","107.9","178.8","650","17"
"2026-10-01T13:53:20.5801290-04:00","0.01","107.9","178.8","650","17"
"2026-10-01T13:53:25.5880267-04:00","0.01","107.9","178.8","653","18"
"2026-10-01T13:53:30.5958510-04:00","0.01","107.9","178.8","653","18"
"2026-10-01T13:53:35.6108331-04:00","0.019","107.9","178.8","653","18"
"2026-10-01T13:53:40.6285888-04:00","0.019","107.9","178.8","653","18"
"2026-10-01T13:53:45.6398350-04:00","0.01","107.9","178.8","656","18"
"2026-10-01T13:53:50.6587753-04:00","0.019","107.9","178.8","656","18"
"2026-10-01T13:53:55.6801056-04:00","0.019","107.9","178.8","656","18"
"2026-10-01T13:54:00.6895191-04:00","0.01","107.9","178.8","656","18"
"2026-10-01T13:54:05.7092209-04:00","0.029","107.9","178.8","656","18"
"2026-10-01T13:54:10.7178153-04:00","0.019","107.9","178.8","656","17"
"2026-10-01T13:54:15.7282979-04:00","0","107.9","178.8","656","17"
"2026-10-01T13:54:20.7425871-04:00","0.01","107.9","178.8","659","18"
"2026-10-01T13:54:25.7543116-04:00","0.01","107.9","178.8","659","18"
"2026-10-01T13:54:30.7688200-04:00","0.01","107.9","178.8","659","18"
"2026-10-01T13:54:35.7777359-04:00","0.01","107.9","178.8","659","18"
"2026-10-01T13:54:40.7975624-04:00","0.029","107.9","178.8","659","17"
"2026-10-01T13:54:45.8101113-04:00","0.019","107.9","178.8","659","17"
"2026-10-01T13:54:50.8198697-04:00","0.019","107.9","178.8","659","17"
"2026-10-01T13:54:55.8339588-04:00","0.01","107.9","178.8","659","17"
"2026-10-01T13:55:00.8461837-04:00","0.019","107.9","178.8","662","18"
"2026-10-01T13:55:05.8590570-04:00","0.01","107.9","178.8","662","18"
"2026-10-01T13:55:10.8720615-04:00","0.019","107.9","178.8","662","18"
"2026-10-01T13:55:15.8780927-04:00","0.01","107.9","178.8","662","18"
"2026-10-01T13:55:20.8899890-04:00","0.01","107.9","178.8","662","18"
"2026-10-01T13:55:25.9074776-04:00","0.019","107.9","178.8","662","18"
"2026-10-01T13:55:30.9248801-04:00","0.01","107.9","178.8","662","18"
"2026-10-01T13:55:35.9436041-04:00","0.01","107.9","178.8","662","18"
"2026-10-01T13:55:40.9595233-04:00","0.019","107.9","178.8","662","17"
"2026-10-01T13:55:45.9754381-04:00","0.01","107.9","178.8","662","17"
"2026-10-01T13:55:50.9986012-04:00","0.019","107.9","178.8","665","18"
"2026-10-01T13:55:56.0088218-04:00","0.019","107.9","178.8","665","18"
"2026-10-01T13:56:01.0207674-04:00","0.019","107.9","178.8","665","18"
"2026-10-01T13:56:06.0342396-04:00","0.01","107.9","178.8","665","18"
"2026-10-01T13:56:11.0409126-04:00","0.01","107.9","178.8","665","18"
"2026-10-01T13:56:16.0544637-04:00","0.01","107.9","178.8","665","18"
"2026-10-01T13:56:21.0751381-04:00","0.019","107.9","178.8","665","18"
"2026-10-01T13:56:26.0945603-04:00","0.01","107.9","178.8","665","18"
"2026-10-01T13:56:31.1135588-04:00","0.019","107.9","178.8","665","18"
"2026-10-01T13:56:36.1275030-04:00","0.01","107.9","178.8","665","18"
"2026-10-01T13:56:41.1401530-04:00","0.019","108.2","179.1","671","19"
"2026-10-01T13:56:46.1490357-04:00","0.01","108.2","179","668","18"
"2026-10-01T13:56:51.1644184-04:00","0.01","108.2","179","668","18"
"2026-10-01T13:56:56.1736350-04:00","0","108.2","179","668","18"
"2026-10-01T13:57:01.1885876-04:00","0.01","108.1","179","668","17"
"2026-10-01T13:57:06.1993702-04:00","0.039","109.7","180.3","677","19"
"2026-10-01T13:57:11.2200491-04:00","0.049","109.7","180.3","677","19"
"2026-10-01T13:57:16.2361179-04:00","0.078","108","178.9","677","19"
"2026-10-01T13:57:21.2503315-04:00","0.01","108","178.9","677","19"
"2026-10-01T13:57:26.2657816-04:00","0.01","108","178.9","677","19"
"2026-10-01T13:57:31.2811943-04:00","0.019","108","178.9","677","19"
"2026-10-01T13:57:36.2920172-04:00","0.019","108","178.9","677","19"
"2026-10-01T13:57:41.3092709-04:00","0.01","108","178.9","677","19"
"2026-10-01T13:57:46.3230725-04:00","0.01","108","178.9","677","19"
"2026-10-01T13:57:51.3411343-04:00","0.019","108","178.9","677","19"
"2026-10-01T13:57:56.3593313-04:00","0.01","108","178.9","677","19"
"2026-10-01T13:58:01.3778653-04:00","0.019","108","178.9","677","19"
"2026-10-01T13:58:06.3925610-04:00","0.019","108","178.9","677","19"
"2026-10-01T13:58:11.4079724-04:00","0.019","108","178.9","677","19"
"2026-10-01T13:58:16.4210764-04:00","0.019","108.1","178.9","681","20"
"2026-10-01T13:58:21.4416378-04:00","0.039","108.1","178.9","679","19"
"2026-10-01T13:58:26.4477481-04:00","0","108.1","178.9","676","18"
"2026-10-01T13:58:31.4694280-04:00","0.01","108","178.9","676","17"
"2026-10-01T13:58:36.4808294-04:00","0.01","108","178.9","676","17"
"2026-10-01T13:58:41.4908979-04:00","0.019","108","178.9","676","17"
"2026-10-01T13:58:46.5052522-04:00","0.01","108","178.9","676","17"
"2026-10-01T13:58:51.5130997-04:00","0.01","108","178.9","676","17"
"2026-10-01T13:58:56.5251137-04:00","0.01","108","178.9","676","17"
"2026-10-01T13:59:01.5357956-04:00","0.01","108.1","178.9","679","18"
"2026-10-01T13:59:06.5437444-04:00","0","108.1","178.9","679","18"
"2026-10-01T13:59:11.5535437-04:00","0.029","108.1","178.9","679","18"
"2026-10-01T13:59:16.5639527-04:00","0.01","108.1","178.9","679","18"
"2026-10-01T13:59:21.5815991-04:00","0.019","108.1","178.9","679","18"
"2026-10-01T13:59:26.5994116-04:00","0.01","108.1","178.9","679","18"
"2026-10-01T13:59:31.6145059-04:00","0.019","108","178.9","679","17"
"2026-10-01T13:59:36.6211524-04:00","0.01","108","178.9","679","17"
"2026-10-01T13:59:41.6288547-04:00","0.02","108","178.9","679","17"
"2026-10-01T13:59:46.6373052-04:00","0","108","178.9","679","17"
"2026-10-01T13:59:51.6550262-04:00","0.019","108.1","178.9","682","18"
"2026-10-01T13:59:56.6673673-04:00","0.01","108.1","178.9","682","18"
"2026-10-01T14:00:01.6731025-04:00","0.029","108.1","178.9","682","18"
"2026-10-01T14:00:06.6847029-04:00","0","108.9","179.8","682","18"
"2026-10-01T14:00:11.6912848-04:00","0.02","108.1","178.9","682","18"
"2026-10-01T14:00:16.7050420-04:00","0.01","108.1","178.9","682","18"
"2026-10-01T14:00:21.7198700-04:00","0.01","108","178.9","680","17"
"2026-10-01T14:00:26.7287599-04:00","0.019","108","178.9","680","17"
"2026-10-01T14:00:31.7415554-04:00","0.01","108","178.9","680","17"
"2026-10-01T14:00:36.7585735-04:00","0.029","108","178.9","680","17"
"2026-10-01T14:00:41.7699050-04:00","0.01","108.1","178.9","683","18"
"2026-10-01T14:00:46.7785223-04:00","0.019","108.1","178.9","683","18"
"2026-10-01T14:00:51.7912553-04:00","0.01","108.1","178.9","683","18"
"2026-10-01T14:00:56.8053984-04:00","0.029","108.1","178.9","683","18"
"2026-10-01T14:01:01.8226301-04:00","0.029","108.1","178.9","683","18"
"2026-10-01T14:01:06.8390471-04:00","0.019","108.1","178.9","683","18"
"2026-10-01T14:01:11.8454520-04:00","0.01","108.1","178.9","683","18"
"2026-10-01T14:01:16.8586613-04:00","0.019","108.1","178.9","683","18"
"2026-10-01T14:01:21.8744325-04:00","0.029","108.1","178.9","683","18"
"2026-10-01T14:01:26.8940742-04:00","0.029","108.1","178.9","683","18"
"2026-10-01T14:01:31.9080411-04:00","0.029","108.1","178.9","683","18"
"2026-10-01T14:01:36.9144521-04:00","0","108.1","178.9","683","18"
"2026-10-01T14:01:41.9287137-04:00","0.01","108.1","178.9","683","18"
"2026-10-01T14:01:46.9491180-04:00","0.029","108.1","178.9","683","18"
"2026-10-01T14:01:51.9610286-04:00","0","108.1","178.9","683","18"
"2026-10-01T14:01:56.9749118-04:00","0.029","108.1","178.9","683","18"
"2026-10-01T14:02:01.9892012-04:00","0.01","108.1","178.9","686","19"
"2026-10-01T14:02:07.0034683-04:00","0.01","108.1","178.9","686","19"
"2026-10-01T14:02:12.0205234-04:00","0.01","108.1","178.9","686","19"
"2026-10-01T14:02:17.0324060-04:00","0.01","108.1","178.9","686","19"
"2026-10-01T14:02:22.0447609-04:00","0.019","108.1","178.9","686","18"
"2026-10-01T14:02:27.0552953-04:00","0.01","108.1","178.9","686","18"
"2026-10-01T14:02:32.0872174-04:00","0.01","108.1","178.9","686","18"
"2026-10-01T14:02:37.0990254-04:00","0.01","108.1","178.9","686","18"
"2026-10-01T14:02:42.1099600-04:00","0.01","108.1","178.9","686","18"
"2026-10-01T14:02:47.1195695-04:00","0.019","108.1","178.9","686","18"
"2026-10-01T14:02:52.1374594-04:00","0.01","108.1","178.9","686","18"
"2026-10-01T14:02:57.1471585-04:00","0.01","108.1","178.9","686","18"
"2026-10-01T14:03:02.1579739-04:00","0.01","108.1","178.9","686","18"
"2026-10-01T14:03:07.1686092-04:00","0.019","108.1","178.9","686","18"
"2026-10-01T14:03:12.1744852-04:00","0","108.1","178.9","689","18"
"2026-10-01T14:03:17.1804375-04:00","0.029","108.1","178.9","689","18"
"2026-10-01T14:03:22.1928283-04:00","0","108.1","178.9","689","18"
"2026-10-01T14:03:27.2086244-04:00","0.019","108.1","178.9","689","18"
"2026-10-01T14:03:32.2219666-04:00","0.01","108.1","178.9","692","18"
"2026-10-01T14:03:37.2331443-04:00","0.029","108.1","178.9","692","18"
"2026-10-01T14:03:42.2492159-04:00","0.01","108.1","178.9","692","18"
"2026-10-01T14:03:47.2594742-04:00","0.01","108.1","178.9","692","18"
"2026-10-01T14:03:52.2711689-04:00","0.029","108","178.9","692","17"
"2026-10-01T14:03:57.2837128-04:00","0.039","108","178.9","692","17"
"2026-10-01T14:04:02.2973717-04:00","0.01","108","178.9","692","17"
"2026-10-01T14:04:07.3040168-04:00","0.039","108.1","179","696","19"
"2026-10-01T14:04:12.3261516-04:00","0","108.1","179","699","20"
"2026-10-01T14:04:17.3339765-04:00","0.029","108.1","179","699","20"
"2026-10-01T14:04:22.3483181-04:00","0.01","108.1","179","699","20"
"2026-10-01T14:04:27.3678633-04:00","0.058","108.1","179","699","20"
"2026-10-01T14:04:32.3832062-04:00","0.049","108.1","179","699","19"
"2026-10-01T14:04:37.3979412-04:00","0.078","108.1","179","699","19"
"2026-10-01T14:04:42.4193784-04:00","0","108.1","179","702","20"
"2026-10-01T14:04:47.4313556-04:00","0.029","108.1","179","702","20"
"2026-10-01T14:04:52.4461638-04:00","0.01","108.1","179","702","20"
"2026-10-01T14:04:57.4651869-04:00","0.01","108.1","179","702","20"
"2026-10-01T14:05:02.4811478-04:00","0.01","108.1","179","702","19"
"2026-10-01T14:05:07.4931413-04:00","0.029","108.1","179","702","19"
"2026-10-01T14:05:12.5171420-04:00","0.01","108.1","179","705","20"
"2026-10-01T14:05:17.5446135-04:00","0.01","108.1","179","705","20"
"2026-10-01T14:05:22.5616553-04:00","0.01","108.1","179","705","20"
"2026-10-01T14:05:27.5732500-04:00","0.01","108.1","179","705","20"
"2026-10-01T14:05:32.5873498-04:00","0.01","108.2","179","711","21"
"2026-10-01T14:05:37.5968478-04:00","0.019","108.2","179","711","21"
"2026-10-01T14:05:42.6088097-04:00","0.01","108.2","179","711","21"
"2026-10-01T14:05:47.6194055-04:00","0.01","108.2","179","711","21"
"2026-10-01T14:05:52.6308698-04:00","0.01","108.1","179","711","20"
"2026-10-01T14:05:57.6409375-04:00","0.019","108.1","179","711","20"
"2026-10-01T14:06:02.6545481-04:00","0.01","108.1","179","711","20"
"2026-10-01T14:06:07.6686515-04:00","0.019","108.1","179","711","20"
"2026-10-01T14:06:12.6766456-04:00","0.02","108.1","179","707","18"
"2026-10-01T14:06:17.6839514-04:00","0.02","108.1","179","707","18"
"2026-10-01T14:06:22.6953869-04:00","0.01","109","179.9","707","18"
"2026-10-01T14:06:27.7166188-04:00","0.019","108.1","179","707","18"
"2026-10-01T14:06:32.7230704-04:00","0.01","108.1","179","707","18"
"2026-10-01T14:06:37.7637021-04:00","0.019","108.1","179","707","18"
"2026-10-01T14:06:42.7814826-04:00","0.029","108.1","179","707","18"
"2026-10-01T14:06:47.8031010-04:00","0.01","108.1","179","707","18"
"2026-10-01T14:06:52.8141779-04:00","0.019","108.1","179","707","18"
"2026-10-01T14:06:57.8345413-04:00","0.01","108.1","179","707","18"
"2026-10-01T14:07:02.8478984-04:00","0.019","108.1","179","707","18"
"2026-10-01T14:07:07.8582712-04:00","0.01","108.1","179","707","18"
"2026-10-01T14:07:12.8707115-04:00","0.01","108.1","179","710","18"
"2026-10-01T14:07:17.8774900-04:00","0.029","108.1","179","710","18"
"2026-10-01T14:07:22.8962423-04:00","0.01","108.1","179","710","18"
"2026-10-01T14:07:27.9041614-04:00","0.02","108.1","179","710","18"
"2026-10-01T14:07:32.9131871-04:00","0.01","108.1","179","710","18"
"2026-10-01T14:07:37.9229122-04:00","0.01","108.1","179","710","18"
"2026-10-01T14:07:43.0121383-04:00","0.01","108.1","179","710","18"
"2026-10-01T14:07:48.0243548-04:00","0.019","108.1","179","710","18"
"2026-10-01T14:07:53.0313619-04:00","0.049","108.1","179","710","18"
"2026-10-01T14:07:58.0519321-04:00","0.01","108.1","179","710","18"
"2026-10-01T14:08:03.0628510-04:00","0.019","108.1","179","710","18"
"2026-10-01T14:08:08.0732934-04:00","0.019","108.1","179","710","18"
"2026-10-01T14:08:13.0822626-04:00","0.01","108","179","710","17"
"2026-10-01T14:08:18.0945888-04:00","0.01","108","179","710","17"
"2026-10-01T14:08:23.1126273-04:00","0.029","108.1","179","713","18"
"2026-10-01T14:08:28.1263151-04:00","0.019","108.1","179","713","18"
"2026-10-01T14:08:33.1411674-04:00","0.019","108.1","179","713","18"
"2026-10-01T14:08:38.1538927-04:00","0.019","108.1","179","713","18"
"2026-10-01T14:08:43.1684026-04:00","0.01","108.1","179","713","18"
"2026-10-01T14:08:48.1805279-04:00","0.01","108.1","179","713","18"
"2026-10-01T14:08:53.1904505-04:00","0.01","108.1","179","713","18"
"2026-10-01T14:08:58.2039083-04:00","0.01","108.1","179","713","18"
"2026-10-01T14:09:03.2185187-04:00","0.01","108.1","179","713","18"
"2026-10-01T14:09:08.2308166-04:00","0.019","108.1","179","713","18"
"2026-10-01T14:09:13.2467999-04:00","0.01","108","179","713","17"
"2026-10-01T14:09:18.2611956-04:00","0.019","108","179","713","17"
"2026-10-01T14:09:23.2774041-04:00","0.019","108","179","713","17"
"2026-10-01T14:09:28.2882562-04:00","0.01","108","179","713","17"
"2026-10-01T14:09:33.3062849-04:00","0.019","108.1","179","716","18"
"2026-10-01T14:09:38.3123513-04:00","0.01","108.1","179","716","18"
"2026-10-01T14:09:43.3241634-04:00","0.039","108.1","179","716","18"
"2026-10-01T14:09:48.3349520-04:00","0.019","108.1","179","716","18"
"2026-10-01T14:09:53.3493427-04:00","0.019","108.1","179","716","18"
"2026-10-01T14:09:58.3622018-04:00","0","108.1","179","716","18"
"2026-10-01T14:10:03.3694363-04:00","0.02","108.1","179","716","18"
"2026-10-01T14:10:08.3816228-04:00","0.019","108.1","179","716","18"
"2026-10-01T14:10:13.3929307-04:00","0.01","108.1","179","716","18"
"2026-10-01T14:10:18.4095213-04:00","0.019","108","179","716","17"
"2026-10-01T14:10:23.4256150-04:00","0.019","108.1","179","719","18"
"2026-10-01T14:10:28.4350863-04:00","0","108.1","179","719","18"
"2026-10-01T14:10:33.4468639-04:00","0.019","108.1","179","719","18"
"2026-10-01T14:10:38.4655887-04:00","0.019","108.1","179","719","18"
"2026-10-01T14:10:43.4811703-04:00","0.019","108.1","179","719","18"
"2026-10-01T14:10:48.4897854-04:00","0.019","108.1","179","719","18"
"2026-10-01T14:10:53.5097501-04:00","0","108.1","179","719","18"
"2026-10-01T14:10:58.5228235-04:00","0.019","108.1","179","719","18"
"2026-10-01T14:11:03.5406258-04:00","0.01","108","179","719","17"
"2026-10-01T14:11:08.5540178-04:00","0.01","108","179","719","17"
"2026-10-01T14:11:13.5672786-04:00","0.029","108","179","719","17"
"2026-10-01T14:11:18.5875196-04:00","0","108","179","719","17"
"2026-10-01T14:11:23.6050965-04:00","0.019","108.1","179","722","18"
"2026-10-01T14:11:28.6177055-04:00","0.029","108.1","179","722","18"
"2026-10-01T14:11:33.6268682-04:00","0.019","108.1","179","722","18"
"2026-10-01T14:11:38.6461042-04:00","0.01","108.1","179","722","18"
"2026-10-01T14:11:43.6586521-04:00","0","108.1","179","722","18"
"2026-10-01T14:11:48.6773517-04:00","0.019","108.1","179","722","18"
"2026-10-01T14:11:53.6913870-04:00","0.019","108.1","179","722","18"
"2026-10-01T14:11:58.7102483-04:00","0.019","108.1","179","722","18"
"2026-10-01T14:12:03.7223986-04:00","0.019","108.1","179","722","18"
"2026-10-01T14:12:08.7320047-04:00","0.029","108","179","722","17"
"2026-10-01T14:12:13.7502516-04:00","0.35","174.5","239.2","952","28"
"2026-10-01T14:12:18.7619326-04:00","0.058","136.9","217.6","952","28"
"2026-10-01T14:12:23.7722090-04:00","0.117","148.6","230.1","957","28"
"2026-10-01T14:12:28.7919621-04:00","0.029","137.1","219.8","954","27"
"2026-10-01T14:12:33.8073580-04:00","0.019","137.1","219.8","954","27"
"2026-10-01T14:12:38.8173238-04:00","0.01","137.1","219.8","954","27"
"2026-10-01T14:12:43.8317045-04:00","0.01","137.1","219.8","952","26"
"2026-10-01T14:12:48.8423261-04:00","0.029","137.1","219.8","952","26"
"2026-10-01T14:12:53.8570356-04:00","0.01","137.1","219.8","952","26"
"2026-10-01T14:12:58.8664815-04:00","0.019","137.1","219.8","952","26"
"2026-10-01T14:13:03.8783516-04:00","0.01","137","219.8","955","24"
"2026-10-01T14:13:08.8972680-04:00","0.029","137","219.8","955","24"
"2026-10-01T14:13:13.9063707-04:00","0.019","136.9","219.7","945","23"
"2026-10-01T14:13:18.9144149-04:00","0.019","136.9","219.7","945","23"
"2026-10-01T14:13:23.9280067-04:00","0.01","136.9","219.7","945","22"
"2026-10-01T14:13:28.9425970-04:00","0.01","136.9","219.7","948","22"
"2026-10-01T14:13:33.9513267-04:00","0.019","137.1","219.9","858","23"
"2026-10-01T14:13:38.9596647-04:00","0.01","137","219.9","855","22"
"2026-10-01T14:13:43.9800725-04:00","0.019","137.1","219.9","858","23"
"2026-10-01T14:13:48.9942998-04:00","0.01","137.1","219.9","858","23"
"2026-10-01T14:13:54.0121857-04:00","0.01","137.1","219.9","861","24"
"2026-10-01T14:13:59.0237352-04:00","0.019","137.1","219.9","861","24"
"2026-10-01T14:14:04.0401216-04:00","0.01","137.1","219.9","859","23"
"2026-10-01T14:14:09.0479016-04:00","0.01","137.1","219.9","859","23"
"2026-10-01T14:14:14.0649111-04:00","0.01","137","219.9","859","21"
"2026-10-01T14:14:19.0753232-04:00","0.019","136.9","219.8","857","20"
"2026-10-01T14:14:24.0928437-04:00","0.019","136.9","219.8","857","20"
"2026-10-01T14:14:29.1074293-04:00","0.01","136.9","219.8","857","20"
"2026-10-01T14:14:34.1222100-04:00","0.019","136.9","219.8","857","20"
"2026-10-01T14:14:39.1420641-04:00","0.01","137","219.9","860","21"
"2026-10-01T14:14:44.1545013-04:00","0.019","137","219.9","860","21"
"2026-10-01T14:14:49.1725086-04:00","0.01","137","219.9","860","21"
"2026-10-01T14:14:54.1879189-04:00","0.01","137","219.9","860","21"
"2026-10-01T14:14:59.2030611-04:00","0.019","136.9","219.8","860","20"
"2026-10-01T14:15:04.2125500-04:00","0.019","136.9","219.8","860","20"
"2026-10-01T14:15:09.2255398-04:00","0.01","136.9","219.8","853","19"
"2026-10-01T14:15:14.2357817-04:00","0.01","136.9","219.8","856","20"
"2026-10-01T14:15:19.2525950-04:00","0.019","136.9","219.8","858","21"
"2026-10-01T14:15:24.2664454-04:00","0.01","136.9","219.8","858","21"
"2026-10-01T14:15:29.2797643-04:00","0.019","136.9","219.8","858","21"
"2026-10-01T14:15:34.2914878-04:00","0.019","136.9","219.8","858","20"
"2026-10-01T14:15:39.3032274-04:00","0.019","136.9","219.8","858","20"
"2026-10-01T14:15:44.3140547-04:00","0","136.9","219.8","858","20"
"2026-10-01T14:15:49.3233987-04:00","0.01","136.9","219.8","858","20"
"2026-10-01T14:15:54.3370895-04:00","0.019","136.9","219.8","861","21"
"2026-10-01T14:15:59.3530777-04:00","0.01","136.9","219.8","861","21"
"2026-10-01T14:16:04.3679524-04:00","0.019","136.9","219.8","861","21"
"2026-10-01T14:16:09.3880613-04:00","0.01","136.9","219.8","861","21"
"2026-10-01T14:16:14.4013936-04:00","0.01","136.9","219.8","861","20"
"2026-10-01T14:16:19.4134831-04:00","0.029","136.9","219.8","861","20"
"2026-10-01T14:16:24.4225801-04:00","0.01","136.9","219.8","861","20"
"2026-10-01T14:16:29.4332739-04:00","0.029","136.9","219.8","861","20"
"2026-10-01T14:16:34.4518149-04:00","0.01","136.9","219.8","861","20"
"2026-10-01T14:16:39.4664617-04:00","0.029","136.9","219.8","861","20"
"2026-10-01T14:16:44.4798731-04:00","0.019","136.9","219.8","861","20"
"2026-10-01T14:16:49.5541878-04:00","0.029","136.9","219.8","861","20"
"2026-10-01T14:16:54.5617313-04:00","0.01","136.9","219.8","861","20"
"2026-10-01T14:16:59.5717740-04:00","0.019","136.9","219.8","861","20"
"2026-10-01T14:17:04.5799706-04:00","0.019","136.9","219.8","861","20"
"2026-10-01T14:17:09.5945680-04:00","0.029","136.9","219.8","861","20"
"2026-10-01T14:17:14.6132008-04:00","0.01","137","220.1","861","21"
"2026-10-01T14:17:19.6259385-04:00","0.029","137","220.1","861","21"
"2026-10-01T14:17:24.6358037-04:00","0","137","220.1","864","22"
"2026-10-01T14:17:29.6485733-04:00","0.019","137","220.1","864","22"
"2026-10-01T14:17:34.6660695-04:00","0.01","137","220.1","864","22"
"2026-10-01T14:17:39.6880721-04:00","0.029","137","220.1","864","22"
"2026-10-01T14:17:44.6975759-04:00","0.029","137","220.1","864","22"
"2026-10-01T14:17:49.7103027-04:00","0.01","137","220.1","864","22"
"2026-10-01T14:17:54.7213335-04:00","0.01","137","220.1","864","22"
"2026-10-01T14:17:59.7287797-04:00","0","137","220.1","864","21"
"2026-10-01T14:18:04.7385930-04:00","0.019","137","220.1","864","21"
"2026-10-01T14:18:09.7535934-04:00","0.01","137","220.1","864","21"
"2026-10-01T14:18:14.7670921-04:00","0.01","137","220.1","866","21"
"2026-10-01T14:18:19.7765019-04:00","0.01","137","220.1","866","21"
"2026-10-01T14:18:24.7951223-04:00","0.029","137","220.1","866","21"
"2026-10-01T14:18:29.8100878-04:00","0.039","136.9","220.1","866","20"
"2026-10-01T14:18:34.8229558-04:00","0.019","136.9","220.1","866","20"
"2026-10-01T14:18:39.8362562-04:00","0.01","136.9","220.1","866","20"
"2026-10-01T14:18:44.8513018-04:00","0.019","136.9","220.1","866","20"
"2026-10-01T14:18:49.8582275-04:00","0.02","136.9","220.1","866","20"
"2026-10-01T14:18:54.8743203-04:00","0.01","136.9","220.1","866","20"
"2026-10-01T14:18:59.8830856-04:00","0.019","136.9","220.1","866","20"
"2026-10-01T14:19:05.0358821-04:00","0.028","136.9","220.1","866","20"
"2026-10-01T14:19:10.0944647-04:00","0.01","136.9","220.1","866","20"
"2026-10-01T14:19:15.1051092-04:00","0.019","136.9","220.1","866","20"
"2026-10-01T14:19:20.1176708-04:00","0.01","136.9","220.1","866","20"
"2026-10-01T14:19:25.1291420-04:00","0.019","136.9","220.1","866","20"
"2026-10-01T14:19:30.1356032-04:00","0.01","136.9","220.1","866","20"
"2026-10-01T14:19:35.1542939-04:00","0.01","136.9","220.1","865","20"
"2026-10-01T14:19:40.1666373-04:00","0.01","136.9","220.1","865","20"
"2026-10-01T14:19:45.1816613-04:00","0.01","136.9","220.1","865","21"
"2026-10-01T14:19:50.2006104-04:00","0.019","136.9","220.1","865","21"
"2026-10-01T14:19:55.2071070-04:00","0.01","136.9","220.1","865","21"
"2026-10-01T14:20:00.2277090-04:00","0.01","136.9","220.1","865","21"
"2026-10-01T14:20:05.2444891-04:00","0","136.9","220.1","865","21"
"2026-10-01T14:20:10.2585768-04:00","0.01","136.9","220.1","865","21"
"2026-10-01T14:20:15.2719381-04:00","0.01","136.9","220.1","865","21"
"2026-10-01T14:20:20.2866702-04:00","0.01","136.9","220.1","865","21"
"2026-10-01T14:20:25.3000861-04:00","0.019","136.9","220.1","865","21"
"2026-10-01T14:20:30.5100727-04:00","0.019","136.9","220.1","865","21"
"2026-10-01T14:20:35.5248727-04:00","0.01","136.9","220.1","865","20"
"2026-10-01T14:20:40.5363965-04:00","0.019","136.9","220.1","865","20"
"2026-10-01T14:20:45.5539583-04:00","0.01","136.9","220.1","865","20"
"2026-10-01T14:20:50.5619537-04:00","0.01","136.9","220.1","865","20"
"2026-10-01T14:20:55.5713320-04:00","0.01","136.9","220.1","865","20"
"2026-10-01T14:21:00.5853548-04:00","0.01","136.9","220.1","865","20"
"2026-10-01T14:21:05.6021640-04:00","0.019","136.9","220.1","865","20"
"2026-10-01T14:21:10.6173419-04:00","0.019","136.9","220.1","865","20"
"2026-10-01T14:21:15.6280785-04:00","0.019","136.9","220.1","865","20"
"2026-10-01T14:21:20.6388662-04:00","0","136.9","220.1","865","20"
"2026-10-01T14:21:25.6557394-04:00","0.019","136.9","220.1","865","20"
"2026-10-01T14:21:30.6675995-04:00","0.01","136.9","220.1","865","20"
"2026-10-01T14:21:35.6824008-04:00","0.01","136.9","220.1","865","20"
"2026-10-01T14:21:40.7036907-04:00","0.029","136.9","220.1","865","20"
"2026-10-01T14:21:45.7225464-04:00","0.01","136.9","220.1","865","20"
"2026-10-01T14:21:50.7399706-04:00","0.01","136.9","220.1","865","20"
"2026-10-01T14:21:55.7577481-04:00","0.01","136.9","220.1","865","20"
"2026-10-01T14:22:00.7729204-04:00","0.019","136.9","220.1","865","20"
"2026-10-01T14:22:05.8171574-04:00","0.01","136.9","220.1","865","20"
"2026-10-01T14:22:10.8322332-04:00","0.01","136.9","220.1","865","20"
"2026-10-01T14:22:15.8414009-04:00","0.019","137","220.1","865","22"
"2026-10-01T14:22:20.8515067-04:00","0.019","137","220.1","865","22"
"2026-10-01T14:22:25.8662236-04:00","0.01","137","220.1","865","22"
"2026-10-01T14:22:30.8799373-04:00","0.019","137","220.1","865","22"
"2026-10-01T14:22:35.8901152-04:00","0.019","137","220.1","865","22"
"2026-10-01T14:22:40.9100082-04:00","0.01","137","220.1","865","22"
"2026-10-01T14:22:45.9424989-04:00","0.01","137","220.1","865","22"
"2026-10-01T14:22:50.9544809-04:00","0.019","137","220.1","865","22"
"2026-10-01T14:22:55.9640088-04:00","0.019","137","220.1","865","22"
"2026-10-01T14:23:00.9863528-04:00","0","137","220.1","865","22"
"2026-10-01T14:23:05.9947414-04:00","0.01","137","220.1","865","22"
"2026-10-01T14:23:11.0086319-04:00","0.019","137","220.1","865","22"
"2026-10-01T14:23:16.0236750-04:00","0","137","220.1","865","22"
"2026-10-01T14:23:21.0404008-04:00","0.019","137","220.1","865","22"
"2026-10-01T14:23:26.0515653-04:00","0","137","220.1","865","22"
"2026-10-01T14:23:31.0675789-04:00","0.019","137","220.1","865","22"
"2026-10-01T14:23:36.0752736-04:00","0.01","137","220.1","865","22"
"2026-10-01T14:23:41.0839053-04:00","0.019","137","220.1","865","22"
"2026-10-01T14:23:46.1026003-04:00","0.019","137","220.1","865","22"
"2026-10-01T14:23:51.1137752-04:00","0.019","137","220.1","868","23"
"2026-10-01T14:23:56.1286111-04:00","0.029","137","220.1","868","23"
"2026-10-01T14:24:01.1381349-04:00","0.01","137","220.1","868","23"
"2026-10-01T14:24:06.1566614-04:00","0.019","136.9","220.1","868","20"
"2026-10-01T14:24:11.1660634-04:00","0.019","136.9","220.1","868","20"
"2026-10-01T14:24:16.1792344-04:00","0.01","136.9","220.1","868","21"
"2026-10-01T14:24:21.1980110-04:00","0.01","136.9","220.1","868","21"
"2026-10-01T14:24:26.2130030-04:00","0.01","136.9","220.1","868","21"
"2026-10-01T14:24:31.2231368-04:00","0.019","136.9","220.1","868","21"
"2026-10-01T14:24:36.2301898-04:00","0.02","136.9","220.1","868","20"
"2026-10-01T14:24:41.2484975-04:00","0.01","136.9","220.1","868","20"
"2026-10-01T14:24:46.2633637-04:00","0.01","136.9","220.1","868","20"
"2026-10-01T14:24:51.2744676-04:00","0.019","136.9","220.1","871","21"
"2026-10-01T14:24:56.2898961-04:00","0.01","136.9","220.1","871","21"
"2026-10-01T14:25:01.3006305-04:00","0.01","136.9","220.1","871","21"
"2026-10-01T14:25:06.3129287-04:00","0.01","136.9","220.1","871","21"
"2026-10-01T14:25:11.3252804-04:00","0.019","136.9","220.1","871","20"
"2026-10-01T14:25:16.3376818-04:00","0.019","136.9","220.1","874","21"
"2026-10-01T14:25:21.3502339-04:00","0.01","136.9","220.1","874","21"
"2026-10-01T14:25:26.3637685-04:00","0.01","136.9","220.1","874","21"
"2026-10-01T14:25:31.3726137-04:00","0.01","136.9","220.1","874","21"
"2026-10-01T14:25:36.3798537-04:00","0.02","136.9","220.1","874","21"
"2026-10-01T14:25:41.3942745-04:00","0.019","136.9","220.1","874","21"
"2026-10-01T14:25:46.4100849-04:00","0.01","136.9","220.1","874","21"
"2026-10-01T14:25:51.4310218-04:00","0.019","136.9","220.1","874","21"
"2026-10-01T14:25:56.4442545-04:00","0.01","136.9","220.1","874","21"
"2026-10-01T14:26:01.4607219-04:00","0","136.9","220.1","877","21"
"2026-10-01T14:26:06.4699428-04:00","0.01","136.9","220.1","877","21"
"2026-10-01T14:26:11.4821864-04:00","0.019","136.9","220.1","877","21"
"2026-10-01T14:26:16.4936706-04:00","0.019","136.9","220.1","877","21"
"2026-10-01T14:26:21.5023936-04:00","0.01","136.9","220.1","877","21"
"2026-10-01T14:26:26.5173501-04:00","0.01","136.9","220.1","877","21"
"2026-10-01T14:26:31.5316171-04:00","0.01","136.9","220.1","877","20"
"2026-10-01T14:26:36.5382865-04:00","0.02","136.9","220.1","877","20"
"2026-10-01T14:26:41.5462607-04:00","0.02","136.9","220.1","877","20"
"2026-10-01T14:26:46.6243695-04:00","0.019","136.9","220.1","877","20"
"2026-10-01T14:26:51.6348360-04:00","0.039","136.9","220.1","880","21"
"2026-10-01T14:26:56.6418287-04:00","0.02","136.9","220.1","880","21"
"2026-10-01T14:27:01.6564167-04:00","0.019","136.9","220.1","880","21"
"2026-10-01T14:27:06.6666000-04:00","0.01","136.9","220.1","880","21"
"2026-10-01T14:27:11.6837744-04:00","0.029","136.9","220.1","880","21"
"2026-10-01T14:27:16.6904682-04:00","0.02","137.8","221","880","20"
"2026-10-01T14:27:21.7031350-04:00","0.019","136.9","220.1","880","20"
"2026-10-01T14:27:26.7175932-04:00","0.01","136.9","220.1","880","20"
"2026-10-01T14:27:31.7277730-04:00","0","136.9","220.1","883","21"
"2026-10-01T14:27:36.7374219-04:00","0.019","136.9","220.1","883","21"
"2026-10-01T14:27:41.7441418-04:00","0","136.9","220.1","883","21"
"2026-10-01T14:27:46.7536619-04:00","0.01","136.9","220.1","883","21"
"2026-10-01T14:27:51.7751821-04:00","0.01","136.9","220.1","883","20"
"2026-10-01T14:27:56.7912716-04:00","0.01","136.9","220.1","883","20"
"2026-10-01T14:28:01.8005140-04:00","0.01","136.9","220.1","883","20"
"2026-10-01T14:28:06.8160337-04:00","0.019","136.9","220.1","883","20"
"2026-10-01T14:28:11.8385037-04:00","0.019","136.9","220.1","883","20"
"2026-10-01T14:28:16.8547565-04:00","0.019","136.9","220.1","883","20"
"2026-10-01T14:28:21.8649184-04:00","0","136.9","220.1","883","20"
"2026-10-01T14:28:26.8753211-04:00","0.019","136.9","220.1","886","21"
"2026-10-01T14:28:31.8872702-04:00","0.01","136.9","220.1","886","20"
"2026-10-01T14:28:36.9006174-04:00","0.019","136.9","220.1","886","20"
"2026-10-01T14:28:41.9137539-04:00","0","136.9","220.1","886","20"
"2026-10-01T14:28:46.9330766-04:00","0.029","136.9","220.1","886","21"
"2026-10-01T14:28:51.9933210-04:00","0.01","136.9","220.1","886","21"
"2026-10-01T14:28:57.0106072-04:00","0.019","136.9","220.1","886","21"
"2026-10-01T14:29:02.0304796-04:00","0.01","136.9","220.1","886","21"
"2026-10-01T14:29:07.0426979-04:00","0.019","136.9","220.1","886","21"
"2026-10-01T14:29:12.0558574-04:00","0.01","136.9","220.1","886","21"
"2026-10-01T14:29:17.0658339-04:00","0.029","136.9","220.1","886","20"
"2026-10-01T14:29:22.0797541-04:00","0.01","136.9","220.1","886","20"
"2026-10-01T14:29:27.0918142-04:00","0.01","136.9","220.1","886","20"
"2026-10-01T14:29:32.1140856-04:00","0.01","136.9","220.1","886","20"
"2026-10-01T14:29:37.1280506-04:00","0.019","136.9","220.1","886","20"
"2026-10-01T14:29:42.1382051-04:00","0.019","136.9","220.1","886","20"
"2026-10-01T14:29:47.1552240-04:00","0.01","136.9","220.1","886","20"
"2026-10-01T14:29:52.1687690-04:00","0.019","136.9","220.1","886","20"
"2026-10-01T14:29:57.2763181-04:00","0.01","136.9","220.1","886","20"
"2026-10-01T14:30:02.2917815-04:00","0.01","136.9","220.1","889","21"
"2026-10-01T14:30:07.3203378-04:00","0.019","136.9","220.1","889","21"
"2026-10-01T14:30:12.3296889-04:00","0","136.9","220.1","889","21"
"2026-10-01T14:30:17.3450822-04:00","0.029","136.9","220.1","889","21"
"2026-10-01T14:30:22.3592332-04:00","0.01","136.9","220.1","889","20"
"2026-10-01T14:30:27.3762622-04:00","0.019","136.9","220.1","889","20"
"2026-10-01T14:30:32.3984741-04:00","0.019","136.9","220.1","889","20"
"2026-10-01T14:30:37.4148634-04:00","0.01","136.9","220.1","889","20"
"2026-10-01T14:30:42.4314430-04:00","0.01","136.9","220.1","889","20"
"2026-10-01T14:30:47.5827772-04:00","0.019","136.9","220.1","892","21"
"2026-10-01T14:30:52.6741020-04:00","0.01","136.9","220.1","892","21"
"2026-10-01T14:30:57.6809037-04:00","0.01","136.9","220.1","892","21"
"2026-10-01T14:31:02.6993183-04:00","0.029","136.9","220.1","892","21"
"2026-10-01T14:31:07.7198457-04:00","0.01","136.9","220.1","892","21"
"2026-10-01T14:31:12.7320613-04:00","0.019","136.9","220.1","892","21"
"2026-10-01T14:31:17.9060221-04:00","0.009","136.9","220.1","892","21"
"2026-10-01T14:31:22.9575056-04:00","0.019","136.9","220.1","892","20"
"2026-10-01T14:31:27.9680595-04:00","0.019","136.9","220.1","892","20"
"2026-10-01T14:31:32.9912708-04:00","0.019","136.9","220.1","892","20"
"2026-10-01T14:31:37.9984583-04:00","0.02","136.9","220.1","892","20"
"2026-10-01T14:31:43.0105608-04:00","0.019","136.9","220.1","892","20"
"2026-10-01T14:31:48.0211993-04:00","0.01","136.9","220.1","892","20"
"2026-10-01T14:31:53.0388441-04:00","0.019","136.9","220.1","892","20"
"2026-10-01T14:31:58.0469658-04:00","0.019","136.9","220.1","892","20"
"2026-10-01T14:32:03.0594234-04:00","0.01","136.9","220.1","892","20"
"2026-10-01T14:32:08.0698834-04:00","0.01","136.9","220.1","892","20"
"2026-10-01T14:32:13.0834900-04:00","0.029","136.9","220.1","892","20"
"2026-10-01T14:32:18.5941935-04:00","0","136.9","220.1","895","21"
"2026-10-01T14:32:23.6112694-04:00","0.029","136.9","220.1","895","21"
"2026-10-01T14:32:28.6220063-04:00","0.019","136.9","220.1","895","21"
"2026-10-01T14:32:33.7671997-04:00","0.019","136.9","220.1","895","21"
"2026-10-01T14:32:38.7791397-04:00","0.029","136.9","220.1","895","20"
"2026-10-01T14:32:45.2287772-04:00","0.015","136.9","220.1","895","20"
"2026-10-01T14:32:50.2394793-04:00","0.01","136.9","220.1","895","20"
"2026-10-01T14:32:55.2472995-04:00","0.02","136.9","220.1","898","21"
"2026-10-01T14:33:00.2664120-04:00","0.01","136.9","220.1","898","21"
"2026-10-01T14:33:05.2826571-04:00","0.029","136.9","220.1","898","21"
"2026-10-01T14:33:10.6747762-04:00","0.018","136.9","220.1","898","21"
"2026-10-01T14:33:15.6878075-04:00","0.019","136.9","220.1","901","21"
"2026-10-01T14:33:20.7073336-04:00","0.01","136.9","220.1","901","21"
"2026-10-01T14:33:25.7177010-04:00","0.019","136.9","220.1","901","21"
"2026-10-01T14:33:30.7290959-04:00","0.019","136.9","220.1","901","20"
"2026-10-01T14:33:35.7463790-04:00","0.019","136.9","220.1","901","20"
"2026-10-01T14:33:40.7604200-04:00","0.019","136.9","220.1","901","20"
"2026-10-01T14:33:46.4212759-04:00","0.009","136.9","220.1","901","20"
"2026-10-01T14:33:51.4391458-04:00","0.019","136.9","220.1","901","20"
"2026-10-01T14:33:56.4536935-04:00","0.01","136.9","220.1","901","20"
"2026-10-01T14:34:01.4643394-04:00","0.01","136.9","220.1","904","21"
"2026-10-01T14:34:06.5531347-04:00","0","136.9","220.1","904","21"
"2026-10-01T14:34:11.5632852-04:00","0.01","136.9","220.1","904","21"
"2026-10-01T14:34:16.5795465-04:00","0.01","136.9","220.1","904","21"
"2026-10-01T14:34:21.5940984-04:00","0.019","136.9","220.1","904","20"
"2026-10-01T14:34:26.6032784-04:00","0.019","136.9","220.1","904","20"
"2026-10-01T14:34:31.6138998-04:00","0.019","136.9","220.1","904","20"
"2026-10-01T14:34:36.6227307-04:00","0","136.9","220.1","904","20"
"2026-10-01T14:34:41.6335130-04:00","0.019","136.9","220.1","907","21"
"2026-10-01T14:34:46.6482631-04:00","0.019","136.9","220.1","907","21"
"2026-10-01T14:34:51.6563127-04:00","0.019","136.9","220.1","907","21"
"2026-10-01T14:34:56.6688403-04:00","0","136.9","220.1","907","21"
"2026-10-01T14:35:03.5930322-04:00","0.014","136.9","220.1","907","21"
"2026-10-01T14:35:08.6080033-04:00","0.01","136.9","220.1","907","21"
"2026-10-01T14:35:14.0500742-04:00","0.018","136.9","220.1","910","21"
"2026-10-01T14:35:19.4620240-04:00","0.009","136.9","220.1","910","21"
"2026-10-01T14:35:24.7481189-04:00","0.018","136.9","220.1","910","21"
"2026-10-01T14:35:31.1891711-04:00","0.008","136.9","220.1","910","21"
"2026-10-01T14:35:36.2008817-04:00","0.019","136.9","220.1","910","21"
"2026-10-01T14:35:41.2157499-04:00","0.029","136.9","220.1","910","21"
"2026-10-01T14:35:46.2278570-04:00","0.019","136.9","220.1","910","21"
"2026-10-01T14:35:51.2440713-04:00","0.01","136.9","220.1","910","21"
"2026-10-01T14:35:57.4755561-04:00","0.008","136.9","220.1","910","20"
"2026-10-01T14:36:02.4867466-04:00","0.01","136.9","220.1","910","20"
"2026-10-01T14:36:07.5153497-04:00","0.019","136.9","220.1","910","20"
"2026-10-01T14:36:12.5264330-04:00","0.01","136.9","220.1","910","20"
"2026-10-01T14:36:17.5489768-04:00","0.019","136.9","220.1","910","20"
"2026-10-01T14:36:22.5635315-04:00","0.01","136.9","220.1","910","20"
"2026-10-01T14:36:27.5749843-04:00","0.01","136.9","220.1","910","20"
"2026-10-01T14:36:32.7247857-04:00","0.009","136.9","220.1","910","20"
"2026-10-01T14:36:38.2331563-04:00","0.018","136.9","220.1","910","20"
"2026-10-01T14:36:43.2473314-04:00","0.019","136.9","220.1","910","20"
"2026-10-01T14:36:48.8260642-04:00","0.026","136.9","220.1","910","20"
"2026-10-01T14:36:54.1764727-04:00","0.009","136.9","220.1","913","21"
"2026-10-01T14:36:59.1842873-04:00","0.02","136.9","220.1","913","21"
"2026-10-01T14:37:04.1973498-04:00","0.01","136.9","220.1","913","21"
"2026-10-01T14:37:10.0400131-04:00","0.008","136.9","220.1","913","21"
"2026-10-01T14:37:15.4198199-04:00","0.009","136.9","220.1","913","21"
"2026-10-01T14:37:20.4339919-04:00","0","136.9","220.1","913","21"
"2026-10-01T14:37:25.4472746-04:00","0.019","136.9","220.1","913","21"
"2026-10-01T14:37:30.4632723-04:00","0.019","136.9","220.1","913","21"
"2026-10-01T14:37:35.4808922-04:00","0.01","136.9","220.1","913","20"
"2026-10-01T14:37:40.4969254-04:00","0.01","136.9","220.1","913","20"
"2026-10-01T14:37:46.4175491-04:00","0.025","136.9","220.1","913","20"
"2026-10-01T14:37:51.4312348-04:00","0.019","136.9","220.1","913","20"
"2026-10-01T14:37:57.2863452-04:00","0.017","136.9","220.1","913","20"
"2026-10-01T14:38:02.2998174-04:00","0.01","136.9","220.1","913","20"
"2026-10-01T14:38:07.3129157-04:00","0.019","136.9","220.1","913","20"
"2026-10-01T14:38:12.3707857-04:00","0.01","136.9","220.1","913","20"
"2026-10-01T14:38:17.3854370-04:00","0.01","136.9","220.1","913","20"
"2026-10-01T14:38:22.3973446-04:00","0.029","136.9","220.1","913","20"
"2026-10-01T14:38:27.8725228-04:00","0.018","136.9","220.1","913","20"
"2026-10-01T14:38:33.0390402-04:00","0.019","136.9","220.1","916","21"
"2026-10-01T14:38:38.0552400-04:00","0.01","136.9","220.1","916","21"
"2026-10-01T14:38:43.0632195-04:00","0.01","136.9","220.1","916","21"
"2026-10-01T14:38:48.0757063-04:00","0.039","136.9","220.1","916","21"
"2026-10-01T14:38:53.0921208-04:00","0.01","136.9","220.1","916","21"
"2026-10-01T14:38:58.1120133-04:00","0.01","136.9","220.1","916","21"
"2026-10-01T14:39:03.1264179-04:00","0.029","136.9","220.1","916","20"
"2026-10-01T14:39:08.1391649-04:00","0.01","136.9","220.1","916","20"
"2026-10-01T14:39:13.1533713-04:00","0.019","136.9","220.1","916","20"
"2026-10-01T14:39:18.1712497-04:00","0.019","136.9","220.1","916","20"
"2026-10-01T14:39:23.1786729-04:00","0.02","136.9","220.1","916","20"
"2026-10-01T14:39:28.1924305-04:00","0.01","136.9","220.1","919","21"
"2026-10-01T14:39:33.2141365-04:00","0.019","136.9","220.1","919","21"
"2026-10-01T14:39:38.2218950-04:00","0.02","136.9","220.1","919","21"
"2026-10-01T14:39:43.2347202-04:00","0.049","136.9","220.1","919","21"
"2026-10-01T14:39:48.2455351-04:00","0.058","136.9","220.1","919","21"
"2026-10-01T14:39:53.6270928-04:00","0.018","136.9","220.1","919","21"
"2026-10-01T14:39:58.9462540-04:00","0.018","136.9","220.1","919","21"
"2026-10-01T14:40:03.9638252-04:00","0.01","136.9","220.1","922","21"
"2026-10-01T14:40:08.9790902-04:00","0.029","136.9","220.1","922","21"
"2026-10-01T14:40:15.1602550-04:00","0.024","136.9","220.1","922","21"
"2026-10-01T14:40:20.1729248-04:00","0.019","136.9","220.1","922","21"
"2026-10-01T14:40:31.2293600-04:00","0.022","136.9","220.1","922","21"
"2026-10-01T14:40:36.2494075-04:00","0","136.9","220.1","922","21"
"2026-10-01T14:40:41.4025250-04:00","0.019","136.9","220.1","922","21"
"2026-10-01T14:40:49.9919541-04:00","0.011","136.9","220.1","922","20"
"2026-10-01T14:40:55.0327585-04:00","0.01","136.9","220.1","922","20"
"2026-10-01T14:41:00.0458940-04:00","0.019","136.9","220.1","922","20"
"2026-10-01T14:41:05.0616568-04:00","0.01","136.9","220.1","922","20"
"2026-10-01T14:41:18.6870096-04:00","0.018","137.8","221","922","20"
"2026-10-01T14:41:23.6992355-04:00","0.01","136.9","220.1","925","21"
"2026-10-01T14:41:28.7120858-04:00","0.019","136.9","220.1","925","21"
"2026-10-01T14:41:36.4064791-04:00","0.019","136.9","220.1","925","21"
"2026-10-01T14:41:41.4185426-04:00","0.01","136.9","220.1","925","20"
"2026-10-01T14:41:46.4264966-04:00","0.02","136.9","220.1","925","20"
"2026-10-01T14:41:51.4357309-04:00","0.01","136.9","220.1","928","21"
"2026-10-01T14:41:56.4563907-04:00","0.019","136.9","220.1","928","20"
"2026-10-01T14:42:01.4669759-04:00","0.01","136.9","220.1","928","20"
"2026-10-01T14:42:18.0208050-04:00","0.012","136.9","220.1","928","21"
"2026-10-01T14:42:23.0300591-04:00","0.01","136.9","220.1","928","21"
"2026-10-01T14:42:28.0490331-04:00","0","136.9","220.1","928","21"
"2026-10-01T14:42:34.8997644-04:00","0.021","136.9","220.1","928","20"
"2026-10-01T14:42:39.9437185-04:00","0.019","136.9","220.1","928","20"
"2026-10-01T14:42:44.9541119-04:00","0.019","136.9","220.1","928","20"
"2026-10-01T14:42:49.9619809-04:00","0.02","136.9","220.1","739","20"
"2026-10-01T14:42:54.9771779-04:00","0.029","136.9","220.1","739","20"
"2026-10-01T14:42:59.9866776-04:00","0.019","136.9","220.1","739","20"
"2026-10-01T14:43:04.9972374-04:00","0.019","136.9","220.1","739","20"
"2026-10-01T14:43:10.0069620-04:00","0","136.9","220.1","739","20"
"2026-10-01T14:43:47.6827865-04:00","0.016","136.9","220.1","739","20"
"2026-10-01T14:43:52.6951591-04:00","0.01","137.8","221","739","20"
"2026-10-01T14:43:57.7092864-04:00","0.01","136.9","220.1","739","20"
"2026-10-01T14:44:02.7226634-04:00","0.019","136.9","220.1","739","20"
"2026-10-01T14:44:07.7396050-04:00","0.019","136.9","220.1","739","20"
"2026-10-01T14:44:19.4798164-04:00","0.021","136.9","220.1","739","20"
"2026-10-01T14:44:27.0772700-04:00","0.013","136.9","220.1","739","20"
"2026-10-01T14:44:32.0920593-04:00","0.019","137","220.1","742","21"
"2026-10-01T14:44:45.3881843-04:00","0.011","137","220.1","742","21"
"2026-10-01T14:44:50.4011104-04:00","0.019","137","220.1","742","21"
"2026-10-01T14:44:55.4223612-04:00","0.019","136.9","220.1","742","20"
"2026-10-01T14:45:09.9756394-04:00","0.017","136.9","220.1","742","20"
"2026-10-01T14:45:14.9944884-04:00","0.019","136.9","220.1","742","20"
"2026-10-01T14:45:20.0075161-04:00","0.01","136.9","220.1","742","20"
"2026-10-01T14:45:25.0174937-04:00","0.029","136.9","220.1","742","20"
"2026-10-01T14:45:30.0295476-04:00","0.019","136.9","220.1","742","20"
"2026-10-01T14:45:59.4416196-04:00","0.017","136.9","220.1","742","20"
"2026-10-01T14:46:04.4537118-04:00","0.01","137","220.1","745","21"
"2026-10-01T14:46:09.4646266-04:00","0.019","137","220.1","745","21"
"2026-10-01T14:46:14.4750008-04:00","0.019","137","220.1","745","21"
"2026-10-01T14:46:19.4881962-04:00","0.019","137","220.1","745","21"
"2026-10-01T14:46:24.5719314-04:00","0","136.9","220","745","19"
"2026-10-01T14:46:39.0365659-04:00","0.017","136.9","220","745","19"
"2026-10-01T14:46:44.1670699-04:00","0.019","136.9","220","745","19"
"2026-10-01T14:46:49.1781879-04:00","0.01","136.9","220","745","20"
"2026-10-01T14:46:54.1870886-04:00","0.01","136.9","220","745","20"
"2026-10-01T14:46:59.2005152-04:00","0.019","136.9","220","745","20"
"2026-10-01T14:47:34.8607457-04:00","0.018","137.1","220","656","20"
"2026-10-01T14:47:39.8704773-04:00","0.019","137.1","220","656","20"
"2026-10-01T14:47:44.8887357-04:00","0.029","137.1","220","656","20"
"2026-10-01T14:47:49.8996839-04:00","0.019","137.1","220","656","20"
"2026-10-01T14:47:54.9086427-04:00","0.01","137.1","220","656","20"
"2026-10-01T14:47:59.9156826-04:00","0.02","137.1","220","656","20"
"2026-10-01T14:48:23.4889324-04:00","0.017","137.1","220","656","20"
"2026-10-01T14:48:28.4991882-04:00","0.019","137.1","220","656","20"
"2026-10-01T14:48:33.5128933-04:00","0.01","137.1","220","656","20"
"2026-10-01T14:48:38.5335003-04:00","0.019","137.1","220","656","20"
"2026-10-01T14:48:45.1061596-04:00","0.022","137.1","220","656","20"
"2026-10-01T14:48:50.1273676-04:00","0.01","137.1","220","656","20"
"2026-10-01T14:49:01.4174425-04:00","0.013","137.1","220","656","20"
"2026-10-01T14:49:06.4381830-04:00","0.029","137.1","220.1","656","20"
"2026-10-01T14:49:11.4456996-04:00","0.029","137.1","220.1","656","20"
"2026-10-01T14:49:16.4607029-04:00","0.01","137.1","220.1","656","20"
"2026-10-01T14:49:21.4826199-04:00","0.019","137.1","220.1","656","20"
"2026-10-01T14:49:26.4941988-04:00","0.029","137.1","220.1","656","20"
"2026-10-01T14:49:31.5025944-04:00","0.019","137.1","220.1","656","20"
"2026-10-01T14:49:36.5121337-04:00","0.01","137.1","220.1","656","20"
"2026-10-01T14:49:41.5251812-04:00","0.029","137.1","220.1","659","21"
"2026-10-01T14:49:46.5396261-04:00","0.019","137.1","220.1","659","21"
"2026-10-01T14:49:51.5509809-04:00","0.049","137.3","220.3","662","22"
"2026-10-01T14:49:56.5594924-04:00","0","137.2","220.2","659","21"
"2026-10-01T14:50:01.5673027-04:00","0.02","137.2","220.2","659","21"
"2026-10-01T14:50:06.5798165-04:00","0.058","137.4","220.6","664","22"
"2026-10-01T14:50:11.6064887-04:00","0.029","137.4","220.6","664","22"
"2026-10-01T14:50:16.6253257-04:00","0.01","137.4","220.5","661","21"
"2026-10-01T14:50:21.6466383-04:00","0.029","137.4","220.5","661","21"
"2026-10-01T14:50:26.6688167-04:00","0.01","137.4","220.5","661","21"
"2026-10-01T14:50:31.6872860-04:00","0.029","137.3","220.5","661","20"
"2026-10-01T14:50:36.7183017-04:00","0.029","137.3","220.5","661","20"
"2026-10-01T14:50:41.8051636-04:00","0.019","137.4","220.6","664","21"
"2026-10-01T14:50:46.8218135-04:00","0.019","137.3","220.5","661","20"
"2026-10-01T14:50:51.8405035-04:00","0.01","137.3","220.5","661","20"
"2026-10-01T14:50:56.8893140-04:00","0.029","137.3","220.5","661","20"
"2026-10-01T14:51:01.9042579-04:00","0.019","137.4","220.6","664","21"
"2026-10-01T14:51:06.9249653-04:00","0.029","137.3","220.5","661","20"
"2026-10-01T14:51:11.9563976-04:00","0","137.3","220.5","661","20"
"2026-10-01T14:51:17.0106138-04:00","0.019","137.3","220.5","661","20"
"2026-10-01T14:51:22.0984761-04:00","0.01","137.4","220.6","664","21"
"2026-10-01T14:51:27.1242208-04:00","0","137.4","220.6","664","21"
"2026-10-01T14:51:32.1442956-04:00","0.01","137.4","220.6","664","21"
"2026-10-01T14:51:37.1840109-04:00","0.019","137.4","220.6","664","21"
"2026-10-01T14:51:42.2005913-04:00","0.019","137.3","220.5","664","20"
"2026-10-01T14:51:47.2372771-04:00","0.019","137.3","220.5","664","20"
"2026-10-01T14:51:52.2983511-04:00","0.019","137.3","220.5","664","20"
"2026-10-01T14:51:57.3187306-04:00","0.019","137.3","220.5","664","20"
"2026-10-01T14:52:02.3317521-04:00","0.019","137.3","220.5","664","20"
"2026-10-01T14:52:07.3758819-04:00","0.029","137.4","220.5","667","21"
"2026-10-01T14:52:12.4037945-04:00","0.01","137.3","220.5","664","20"
"2026-10-01T14:52:17.4160121-04:00","0.029","137.3","220.5","664","20"
"2026-10-01T14:52:22.4303026-04:00","0.019","137.3","220.5","664","20"
"2026-10-01T14:52:27.5184720-04:00","0.019","137.3","220.5","664","20"
"2026-10-01T14:52:32.5421659-04:00","0.01","137.3","220.5","664","20"
"2026-10-01T14:52:37.5565659-04:00","0.01","137.3","220.5","664","20"
"2026-10-01T14:52:42.7082290-04:00","0.019","137.3","220.5","664","20"
"2026-10-01T14:52:47.7270874-04:00","0.01","137.3","220.5","664","20"
"2026-10-01T14:52:52.7344738-04:00","0.029","137.3","220.5","664","20"
"2026-10-01T14:52:57.7487997-04:00","0.01","137.3","220.5","664","20"
"2026-10-01T14:53:02.7578585-04:00","0","137.3","220.5","664","20"
"2026-10-01T14:53:07.7655303-04:00","0.02","137.3","220.5","664","20"
"2026-10-01T14:53:12.7762760-04:00","0.01","137.3","220.5","664","20"
"2026-10-01T14:53:17.7877969-04:00","0.01","137.3","220.5","664","20"
"2026-10-01T14:53:22.8015928-04:00","0.019","137.3","220.5","664","20"
"2026-10-01T14:53:27.8123690-04:00","0.019","137.3","220.5","664","20"
"2026-10-01T14:53:32.8330259-04:00","0","137.3","220.5","664","20"
"2026-10-01T14:53:37.8418851-04:00","0.019","137.3","220.5","664","20"
"2026-10-01T14:53:42.8643046-04:00","0","137.3","220.5","664","20"
"2026-10-01T14:53:47.8722193-04:00","0.02","137.3","220.5","664","20"
"2026-10-01T14:53:52.8867590-04:00","0.019","137.3","220.5","664","20"
"2026-10-01T14:53:57.9052602-04:00","0.01","137.3","220.5","664","20"
"2026-10-01T14:54:02.9137217-04:00","0.019","137.3","220.5","664","20"
"2026-10-01T14:54:07.9266303-04:00","0.01","137.3","220.5","664","20"
"2026-10-01T14:54:12.9418213-04:00","0.019","137.3","220.5","662","19"
"2026-10-01T14:54:17.9555624-04:00","0.01","137.3","220.5","662","20"
"2026-10-01T14:54:22.9628970-04:00","0.02","137.3","220.5","662","20"
"2026-10-01T14:54:27.9777982-04:00","0.01","137.3","220.5","662","20"
"2026-10-01T14:54:32.9931152-04:00","0.019","137.3","220.5","662","20"
"2026-10-01T14:54:38.0023967-04:00","0.019","137.3","220.5","662","20"
"2026-10-01T14:54:43.0120421-04:00","0.029","137.3","220.5","662","20"
"2026-10-01T14:54:48.0299217-04:00","0.019","137.3","220.5","662","20"
"2026-10-01T14:54:53.0460099-04:00","0.01","137.3","220.5","662","20"
"2026-10-01T14:54:58.0569621-04:00","0.019","137.3","220.5","662","20"
"2026-10-01T14:55:03.0676060-04:00","0.01","137.3","220.5","662","20"
"2026-10-01T14:55:08.0787471-04:00","0.01","137.3","220.5","662","20"
"2026-10-01T14:55:13.0939388-04:00","0.019","137.3","220.5","662","20"
"2026-10-01T14:55:18.1115694-04:00","0.01","137.3","220.5","662","20"
"2026-10-01T14:55:23.1249095-04:00","0.01","137.3","220.5","662","20"
"2026-10-01T14:55:28.1408535-04:00","0.01","137.3","220.5","662","20"
"2026-10-01T14:55:33.1488184-04:00","0.029","137.3","220.5","662","20"
"2026-10-01T14:55:38.1558433-04:00","0.01","137.3","220.5","662","20"
"2026-10-01T14:55:43.1664816-04:00","0.019","137.3","220.5","662","20"
"2026-10-01T14:55:48.1845405-04:00","0.01","137.3","220.5","662","20"
"2026-10-01T14:55:53.2531748-04:00","0.019","137.3","220.5","662","20"
"2026-10-01T14:55:58.2626045-04:00","0.019","137.4","220.5","665","21"
"2026-10-01T14:56:03.2716684-04:00","0.019","137.4","220.5","665","21"
"2026-10-01T14:56:08.4472635-04:00","0.009","137.4","220.5","665","21"
"2026-10-01T14:56:13.4623539-04:00","0.01","137.4","220.5","665","21"
"2026-10-01T14:56:18.4714580-04:00","0.01","137.3","220.5","665","20"
"2026-10-01T14:56:23.4930751-04:00","0.019","137.4","220.6","671","22"
"2026-10-01T14:56:28.5060735-04:00","0.019","137.4","220.6","671","22"
"2026-10-01T14:56:33.5933274-04:00","0.019","137.4","220.6","671","22"
"2026-10-01T14:56:38.6019604-04:00","0.019","137.4","220.6","671","22"
"2026-10-01T14:56:43.6113455-04:00","0.019","137.3","220.5","671","20"
"2026-10-01T14:56:48.6288921-04:00","0.01","137.3","220.5","671","20"
"2026-10-01T14:56:53.6423491-04:00","0.019","137.3","220.5","671","20"
"2026-10-01T14:56:58.6573772-04:00","0","137.3","220.5","671","20"
"2026-10-01T14:57:03.6677500-04:00","0.01","137.3","220.5","671","20"
"2026-10-01T14:57:08.8012738-04:00","0.01","137.3","220.5","671","20"
"2026-10-01T14:57:13.8167696-04:00","0.01","137.3","220.5","671","20"
"2026-10-01T14:57:18.8324170-04:00","0.019","137.3","220.5","671","20"
"2026-10-01T14:57:23.8530074-04:00","0.019","137.3","220.5","671","20"
"2026-10-01T14:57:28.8633582-04:00","0.019","137.3","220.5","671","20"
"2026-10-01T14:57:33.8817481-04:00","0.01","137.3","220.5","671","20"
"2026-10-01T14:57:39.1668865-04:00","0.028","137.3","220.5","671","20"
"2026-10-01T14:57:44.1824390-04:00","0.01","137.3","220.5","671","20"
"2026-10-01T14:57:49.1949704-04:00","0.019","137.3","220.5","671","20"
"2026-10-01T14:57:54.2052842-04:00","0.039","137.3","220.5","671","20"
"2026-10-01T14:57:59.2184073-04:00","0.019","137.3","220.5","671","20"
"2026-10-01T14:58:04.2316744-04:00","0.01","137.4","220.6","674","21"
"2026-10-01T14:58:09.5047946-04:00","0.028","137.4","220.6","674","21"
"2026-10-01T14:58:14.5192109-04:00","0.039","137.4","220.6","674","21"
"2026-10-01T14:58:19.5276691-04:00","0.01","137.4","220.6","674","21"
"2026-10-01T14:58:24.5381587-04:00","0","137.4","220.6","674","21"
"2026-10-01T14:58:29.5524629-04:00","0.019","137.4","220.6","674","21"
"2026-10-01T14:58:34.7007994-04:00","0.019","137.3","220.5","674","20"
"2026-10-01T14:58:39.9456190-04:00","0.019","137.3","220.5","674","19"
"2026-10-01T14:58:44.9616955-04:00","0.019","137.4","220.6","677","21"
"2026-10-01T14:58:49.9786364-04:00","0.019","137.4","220.6","677","21"
"2026-10-01T14:58:55.0788683-04:00","0.019","137.4","220.6","677","21"
"2026-10-01T14:59:00.2582766-04:00","0.019","137.4","220.6","677","21"
"2026-10-01T14:59:05.2709911-04:00","0.019","137.3","220.5","677","20"
"2026-10-01T14:59:10.2826029-04:00","0.029","137.3","220.5","677","20"
"2026-10-01T14:59:16.2101810-04:00","0.016","137.3","220.5","677","20"
"2026-10-01T14:59:21.3593279-04:00","0.019","137.3","220.5","677","20"
"2026-10-01T14:59:26.3762653-04:00","0.01","137.3","220.5","677","20"
"2026-10-01T14:59:31.3946638-04:00","0.019","137.3","220.5","677","20"
"2026-10-01T14:59:37.0549152-04:00","0.035","137.3","220.5","677","20"
"2026-10-01T14:59:42.0666491-04:00","0.019","137.4","220.6","680","21"
"2026-10-01T14:59:47.0804260-04:00","0.029","137.4","220.6","680","21"
"2026-10-01T14:59:52.1691892-04:00","0.019","137.4","220.6","680","21"
"2026-10-01T14:59:58.4580259-04:00","0.016","137.4","220.6","680","21"
"2026-10-01T15:00:03.6070406-04:00","0.038","137.4","220.6","680","21"
"2026-10-01T15:00:08.6214131-04:00","0.068","137.4","220.6","680","21"
"2026-10-01T15:00:13.6389104-04:00","0.068","137.5","220.6","685","23"
"2026-10-01T15:00:18.6981043-04:00","0.048","137.4","220.6","682","22"
"2026-10-01T15:00:25.7093604-04:00","0.118","138.4","222.7","699","24"
"2026-10-01T15:00:30.7267249-04:00","0.049","138.9","223.4","699","24"
"2026-10-01T15:00:35.7431441-04:00","0.039","138.9","223.6","699","24"
"2026-10-01T15:00:41.0408266-04:00","0.046","138.8","223.5","699","23"
"2026-10-01T15:00:46.0661232-04:00","0.019","135.8","221.5","699","23"
"2026-10-01T15:00:51.0788214-04:00","0.029","135.8","221.5","699","23"
"2026-10-01T15:00:56.0924614-04:00","0.01","135.8","221.5","699","23"
"2026-10-01T15:01:01.1015003-04:00","0.029","135.8","221.5","699","23"
"2026-10-01T15:01:06.1185519-04:00","0.01","135.8","221.5","699","23"
"2026-10-01T15:01:11.1284058-04:00","0.019","135.8","221.4","699","22"
"2026-10-01T15:01:16.1448310-04:00","0.01","135.8","221.4","699","22"
"2026-10-01T15:01:21.1534429-04:00","0.019","135.8","221.5","702","23"
"2026-10-01T15:01:26.1625637-04:00","0.01","135.9","221.5","705","23"
"2026-10-01T15:01:31.1744705-04:00","0.01","135.9","221.5","705","23"
"2026-10-01T15:01:36.1911743-04:00","0.019","135.9","221.5","705","23"
"2026-10-01T15:01:42.3948168-04:00","0.016","135.9","221.5","705","23"
"2026-10-01T15:01:47.4080422-04:00","0.019","135.9","221.5","705","23"
